/***** seed data.sql  *****/

DELETE FROM ACCOUNTENTITYMASTER;
DELETE FROM CHARTOFACCOUNTDETAIL;
DELETE FROM CODEMAPPING;
DELETE FROM EGF_TAX_ACCOUNT_MAPPING;
DELETE FROM EG_SALARYCODES;
DELETE FROM FISCALPERIOD;
DELETE FROM FINANCIALYEAR;
DELETE FROM FUNCTION;
DELETE FROM FUNCTIONARY;
DELETE FROM SUB_SCHEME;
DELETE FROM SCHEME;
DELETE FROM FUND;
DELETE FROM FUNDSOURCE;
DELETE FROM Relation;
DELETE FROM EG_PARTYTYPE;
DELETE FROM egw_typeofwork;
DELETE FROM EG_UOM;
DELETE FROM EG_UOMCATEGORY;


COMMIT;


set escape \;

INSERT INTO ACCOUNTENTITYMASTER ( ID, NAME, CODE, DETAILTYPEID, NARRATION, ISACTIVE, LASTMODIFIED,
MODIFIEDBY, CREATED ) VALUES ( 
SEQ_ACCOUNTENTITYMASTER.NEXTVAL, 'Krishna', '0001', 4, NULL, 1,  TO_Date( '03/23/2007 12:08:45 AM', 'MM/DD/YYYY HH:MI:SS AM')
, 1,  TO_Date( '03/23/2007 12:08:45 AM', 'MM/DD/YYYY HH:MI:SS AM')); 
Insert into accountdetailkey
   (ID, GROUPID, DETAILTYPEID, DETAILNAME, DETAILKEY)
 Values
   (seq_accountdetailkey.nextval, 1, 1, 'accountentitymaster_id',( seq_accountentitymaster.nextval-1));


INSERT INTO ACCOUNTENTITYMASTER ( ID, NAME, CODE, DETAILTYPEID, NARRATION, ISACTIVE, LASTMODIFIED,
MODIFIEDBY, CREATED ) VALUES ( 
SEQ_ACCOUNTENTITYMASTER.NEXTVAL, 'Brahmaiahji', '0002', 4, NULL, 1,  TO_Date( '03/23/2007 12:09:04 AM', 'MM/DD/YYYY HH:MI:SS AM')
, 1,  TO_Date( '03/23/2007 12:09:04 AM', 'MM/DD/YYYY HH:MI:SS AM')); 
Insert into accountdetailkey
   (ID, GROUPID, DETAILTYPEID, DETAILNAME, DETAILKEY)
 Values
   (seq_accountdetailkey.nextval, 1, 1, 'accountentitymaster_id',( seq_accountentitymaster.nextval-1));


INSERT INTO ACCOUNTENTITYMASTER ( ID, NAME, CODE, DETAILTYPEID, NARRATION, ISACTIVE, LASTMODIFIED,
MODIFIEDBY, CREATED ) VALUES ( 
SEQ_ACCOUNTENTITYMASTER.NEXTVAL, 'Emp3', '003', 4, NULL, 1,  TO_Date( '06/06/2007 12:19:29 PM', 'MM/DD/YYYY HH:MI:SS AM')
, 51,  TO_Date( '03/23/2007 01:41:24 AM', 'MM/DD/YYYY HH:MI:SS AM')); 
Insert into accountdetailkey
   (ID, GROUPID, DETAILTYPEID, DETAILNAME, DETAILKEY)
 Values
   (seq_accountdetailkey.nextval, 1, 1, 'accountentitymaster_id',( seq_accountentitymaster.nextval-1));




Insert into chartofaccountdetail
   (ID, GLCODEID, DETAILTYPEID, ISCONTROLCODE)
 Values
   (seq_chartofaccountdetail.nextval, 840, 1, 1);
Insert into chartofaccountdetail
   (ID, GLCODEID, DETAILTYPEID, ISCONTROLCODE)
 Values
   (seq_chartofaccountdetail.nextval, 839, 1, 1);
Insert into chartofaccountdetail
   (ID, GLCODEID, DETAILTYPEID, ISCONTROLCODE)
 Values
   (seq_chartofaccountdetail.nextval, 1138, 4, 1);
Insert into chartofaccountdetail
   (ID, GLCODEID, DETAILTYPEID, ISCONTROLCODE)
 Values
   (seq_chartofaccountdetail.nextval, 859, 4, 1);
Insert into chartofaccountdetail
   (ID, GLCODEID, DETAILTYPEID, ISCONTROLCODE)
 Values
   (seq_chartofaccountdetail.nextval, 890, 4, 1);
Insert into chartofaccountdetail
   (ID, GLCODEID, DETAILTYPEID, ISCONTROLCODE)
 Values
   (seq_chartofaccountdetail.nextval, 757, 4, 1);
Insert into chartofaccountdetail
   (ID, GLCODEID, DETAILTYPEID, ISCONTROLCODE)
 Values
   (seq_chartofaccountdetail.nextval, 842, 4, 1);
Insert into chartofaccountdetail
   (ID, GLCODEID, DETAILTYPEID, ISCONTROLCODE)
 Values
   (seq_chartofaccountdetail.nextval, 755, 4, 1);
Insert into chartofaccountdetail
   (ID, GLCODEID, DETAILTYPEID, ISCONTROLCODE)
 Values
   (seq_chartofaccountdetail.nextval, 1140, 4, 1);
Insert into chartofaccountdetail
   (ID, GLCODEID, DETAILTYPEID, ISCONTROLCODE)
 Values
   (seq_chartofaccountdetail.nextval, 854, 4, 1);
Insert into chartofaccountdetail
   (ID, GLCODEID, DETAILTYPEID, ISCONTROLCODE)
 Values
   (seq_chartofaccountdetail.nextval, 856, 4, 1);
Insert into chartofaccountdetail
   (ID, GLCODEID, DETAILTYPEID, ISCONTROLCODE)
 Values
   (seq_chartofaccountdetail.nextval, 1139, 4, 1);
Insert into chartofaccountdetail
   (ID, GLCODEID, DETAILTYPEID, ISCONTROLCODE)
 Values
   (seq_chartofaccountdetail.nextval, 857, 4, 1);
Insert into chartofaccountdetail
   (ID, GLCODEID, DETAILTYPEID, ISCONTROLCODE)
 Values
   (seq_chartofaccountdetail.nextval, 1137, 4, 1);
Insert into chartofaccountdetail
   (ID, GLCODEID, DETAILTYPEID, ISCONTROLCODE)
 Values
   (seq_chartofaccountdetail.nextval, 1141, 4, 1);
Insert into chartofaccountdetail
   (ID, GLCODEID, DETAILTYPEID, ISCONTROLCODE)
 Values
   (seq_chartofaccountdetail.nextval, 846, 4, 1);
Insert into chartofaccountdetail
   (ID, GLCODEID, DETAILTYPEID, ISCONTROLCODE)
 Values
   (seq_chartofaccountdetail.nextval, 858, 4, 1);


INSERT INTO CODEMAPPING ( ID, EG_BOUNDARYID, CASHINHAND,
CHEQUEINHAND ) VALUES ( 
SEQ_CODEMAPPING.NEXTVAL, 1, 1112, 1479); 
COMMIT;


INSERT INTO EG_SALARYCODES ( ID, HEAD, GLCODEID, SALTYPE, CREATEDBY, CREATEDDATE, LASTMODIFIEDBY,
LASTMODIFIEDDATE ) VALUES ( 
SEQ_EG_SALARYCODES.NEXTVAL, 'BASIC', 539, 'Earnings', 1,  TO_Date( '07/23/2007 02:40:44 PM', 'MM/DD/YYYY HH:MI:SS AM')
, 51,  TO_Date( '08/21/2007 03:11:01 PM', 'MM/DD/YYYY HH:MI:SS AM')); 
INSERT INTO EG_SALARYCODES ( ID, HEAD, GLCODEID, SALTYPE, CREATEDBY, CREATEDDATE, LASTMODIFIEDBY,
LASTMODIFIEDDATE ) VALUES ( 
SEQ_EG_SALARYCODES.NEXTVAL, 'DA', 540, 'Earnings', 1,  TO_Date( '07/23/2007 02:40:44 PM', 'MM/DD/YYYY HH:MI:SS AM')
, 51,  TO_Date( '08/21/2007 03:11:01 PM', 'MM/DD/YYYY HH:MI:SS AM')); 
INSERT INTO EG_SALARYCODES ( ID, HEAD, GLCODEID, SALTYPE, CREATEDBY, CREATEDDATE, LASTMODIFIEDBY,
LASTMODIFIEDDATE ) VALUES ( 
SEQ_EG_SALARYCODES.NEXTVAL, 'HRA', 541, 'Earnings', 1,  TO_Date( '07/23/2007 02:40:44 PM', 'MM/DD/YYYY HH:MI:SS AM')
, 51,  TO_Date( '08/21/2007 03:11:01 PM', 'MM/DD/YYYY HH:MI:SS AM')); 
INSERT INTO EG_SALARYCODES ( ID, HEAD, GLCODEID, SALTYPE, CREATEDBY, CREATEDDATE, LASTMODIFIEDBY,
LASTMODIFIEDDATE ) VALUES ( 
SEQ_EG_SALARYCODES.NEXTVAL, 'PF', 854, 'Deduction', 1,  TO_Date( '07/23/2007 02:40:44 PM', 'MM/DD/YYYY HH:MI:SS AM')
, 51,  TO_Date( '08/21/2007 03:11:01 PM', 'MM/DD/YYYY HH:MI:SS AM')); 
INSERT INTO EG_SALARYCODES ( ID, HEAD, GLCODEID, SALTYPE, CREATEDBY, CREATEDDATE, LASTMODIFIEDBY,
LASTMODIFIEDDATE ) VALUES ( 
SEQ_EG_SALARYCODES.NEXTVAL, 'CCA', 542, 'Earnings', 51,  TO_Date( '08/03/2007 12:44:31 PM', 'MM/DD/YYYY HH:MI:SS AM')
, 51,  TO_Date( '08/21/2007 03:11:01 PM', 'MM/DD/YYYY HH:MI:SS AM')); 
INSERT INTO EG_SALARYCODES ( ID, HEAD, GLCODEID, SALTYPE, CREATEDBY, CREATEDDATE, LASTMODIFIEDBY,
LASTMODIFIEDDATE ) VALUES ( 
SEQ_EG_SALARYCODES.NEXTVAL, 'CA', 543, 'Earnings', 51,  TO_Date( '08/03/2007 12:44:44 PM', 'MM/DD/YYYY HH:MI:SS AM')
, 51,  TO_Date( '08/21/2007 03:11:01 PM', 'MM/DD/YYYY HH:MI:SS AM')); 
INSERT INTO EG_SALARYCODES ( ID, HEAD, GLCODEID, SALTYPE, CREATEDBY, CREATEDDATE, LASTMODIFIEDBY,
LASTMODIFIEDDATE ) VALUES ( 
SEQ_EG_SALARYCODES.NEXTVAL, 'GIS', 856, 'Deduction', 51,  TO_Date( '08/21/2007 03:06:20 PM', 'MM/DD/YYYY HH:MI:SS AM')
, 51,  TO_Date( '08/21/2007 03:11:01 PM', 'MM/DD/YYYY HH:MI:SS AM')); 
INSERT INTO EG_SALARYCODES ( ID, HEAD, GLCODEID, SALTYPE, CREATEDBY, CREATEDDATE, LASTMODIFIEDBY,
LASTMODIFIEDDATE ) VALUES ( 
SEQ_EG_SALARYCODES.NEXTVAL, 'PT', 857, 'Deduction', 51,  TO_Date( '08/21/2007 03:06:45 PM', 'MM/DD/YYYY HH:MI:SS AM')
, 51,  TO_Date( '08/21/2007 03:11:01 PM', 'MM/DD/YYYY HH:MI:SS AM')); 
INSERT INTO EG_SALARYCODES ( ID, HEAD, GLCODEID, SALTYPE, CREATEDBY, CREATEDDATE, LASTMODIFIEDBY,
LASTMODIFIEDDATE ) VALUES ( 
SEQ_EG_SALARYCODES.NEXTVAL, 'LIC', 859, 'Deduction', 51,  TO_Date( '08/21/2007 03:07:02 PM', 'MM/DD/YYYY HH:MI:SS AM')
, 51,  TO_Date( '08/21/2007 03:11:01 PM', 'MM/DD/YYYY HH:MI:SS AM')); 
INSERT INTO EG_SALARYCODES ( ID, HEAD, GLCODEID, SALTYPE, CREATEDBY, CREATEDDATE, LASTMODIFIEDBY,
LASTMODIFIEDDATE ) VALUES ( 
SEQ_EG_SALARYCODES.NEXTVAL, 'BANK LOAN', 860, 'Deduction', 51,  TO_Date( '08/21/2007 03:07:24 PM', 'MM/DD/YYYY HH:MI:SS AM')
, 51,  TO_Date( '08/21/2007 03:11:01 PM', 'MM/DD/YYYY HH:MI:SS AM')); 
INSERT INTO EG_SALARYCODES ( ID, HEAD, GLCODEID, SALTYPE, CREATEDBY, CREATEDDATE, LASTMODIFIEDBY,
LASTMODIFIEDDATE ) VALUES ( 
SEQ_EG_SALARYCODES.NEXTVAL, 'IT', 861, 'Deduction', 51,  TO_Date( '08/21/2007 03:07:37 PM', 'MM/DD/YYYY HH:MI:SS AM')
, 51,  TO_Date( '08/21/2007 03:11:01 PM', 'MM/DD/YYYY HH:MI:SS AM')); 
INSERT INTO EG_SALARYCODES ( ID, HEAD, GLCODEID, SALTYPE, CREATEDBY, CREATEDDATE, LASTMODIFIEDBY,
LASTMODIFIEDDATE ) VALUES ( 
SEQ_EG_SALARYCODES.NEXTVAL, 'FA', 1140, 'Deduction', 51,  TO_Date( '08/21/2007 03:08:00 PM', 'MM/DD/YYYY HH:MI:SS AM')
, 51,  TO_Date( '08/21/2007 03:11:01 PM', 'MM/DD/YYYY HH:MI:SS AM')); 
INSERT INTO EG_SALARYCODES ( ID, HEAD, GLCODEID, SALTYPE, CREATEDBY, CREATEDDATE, LASTMODIFIEDBY,
LASTMODIFIEDDATE ) VALUES ( 
SEQ_EG_SALARYCODES.NEXTVAL, 'OA', 1142, 'Deduction', 51,  TO_Date( '08/21/2007 03:08:17 PM', 'MM/DD/YYYY HH:MI:SS AM')
, 51,  TO_Date( '08/21/2007 03:11:01 PM', 'MM/DD/YYYY HH:MI:SS AM')); 
INSERT INTO EG_SALARYCODES ( ID, HEAD, GLCODEID, SALTYPE, CREATEDBY, CREATEDDATE, LASTMODIFIEDBY,
LASTMODIFIEDDATE ) VALUES ( 
SEQ_EG_SALARYCODES.NEXTVAL, 'ADA', 562, 'Earnings', 51,  TO_Date( '08/21/2007 03:08:54 PM', 'MM/DD/YYYY HH:MI:SS AM')
, 51,  TO_Date( '08/21/2007 03:11:01 PM', 'MM/DD/YYYY HH:MI:SS AM')); 
INSERT INTO EG_SALARYCODES ( ID, HEAD, GLCODEID, SALTYPE, CREATEDBY, CREATEDDATE, LASTMODIFIEDBY,
LASTMODIFIEDDATE ) VALUES ( 
SEQ_EG_SALARYCODES.NEXTVAL, 'COURT', 863, 'Deduction', 51,  TO_Date( '08/21/2007 03:09:24 PM', 'MM/DD/YYYY HH:MI:SS AM')
, 51,  TO_Date( '08/21/2007 03:11:01 PM', 'MM/DD/YYYY HH:MI:SS AM')); 
INSERT INTO EG_SALARYCODES ( ID, HEAD, GLCODEID, SALTYPE, CREATEDBY, CREATEDDATE, LASTMODIFIEDBY,
LASTMODIFIEDDATE ) VALUES ( 
SEQ_EG_SALARYCODES.NEXTVAL, 'BONUS', 546, 'Earnings', 51,  TO_Date( '10/23/2007 03:00:41 PM', 'MM/DD/YYYY HH:MI:SS AM')
, NULL, NULL); 
COMMIT;

INSERT INTO FINANCIALYEAR ( ID, FINANCIALYEAR, STARTINGDATE, ENDINGDATE, ISACTIVE, CREATED,
LASTMODIFIED, MODIFIEDBY, ISACTIVEFORPOSTING, ISCLOSED,
TRANSFERCLOSINGBALANCE ) VALUES ( 
3, '2005-06',  TO_Date( '04/01/2005 12:00:00 AM', 'MM/DD/YYYY HH:MI:SS AM'),  TO_Date( '03/31/2006 12:00:00 AM', 'MM/DD/YYYY HH:MI:SS AM')
, 1,  TO_Date( '02/14/2007 12:00:00 AM', 'MM/DD/YYYY HH:MI:SS AM'),  TO_Date( '02/14/2007 12:00:00 AM', 'MM/DD/YYYY HH:MI:SS AM')
, 1, 0, 0, 0); 
INSERT INTO FINANCIALYEAR ( ID, FINANCIALYEAR, STARTINGDATE, ENDINGDATE, ISACTIVE, CREATED,
LASTMODIFIED, MODIFIEDBY, ISACTIVEFORPOSTING, ISCLOSED,
TRANSFERCLOSINGBALANCE ) VALUES ( 
5, '2006-07',  TO_Date( '04/01/2006 12:00:00 AM', 'MM/DD/YYYY HH:MI:SS AM'),  TO_Date( '03/31/2007 12:00:00 AM', 'MM/DD/YYYY HH:MI:SS AM')
, 1,  TO_Date( '02/14/2007 12:00:00 AM', 'MM/DD/YYYY HH:MI:SS AM'),  TO_Date( '03/17/2008 12:00:00 AM', 'MM/DD/YYYY HH:MI:SS AM')
, 1, 1, 0, 1); 
INSERT INTO FINANCIALYEAR ( ID, FINANCIALYEAR, STARTINGDATE, ENDINGDATE, ISACTIVE, CREATED,
LASTMODIFIED, MODIFIEDBY, ISACTIVEFORPOSTING, ISCLOSED,
TRANSFERCLOSINGBALANCE ) VALUES ( 
6, '2007-08',  TO_Date( '04/01/2007 12:00:00 AM', 'MM/DD/YYYY HH:MI:SS AM'),  TO_Date( '03/31/2008 12:00:00 AM', 'MM/DD/YYYY HH:MI:SS AM')
, 1,  TO_Date( '02/14/2007 12:00:00 AM', 'MM/DD/YYYY HH:MI:SS AM'),  TO_Date( '04/01/2007 12:00:00 AM', 'MM/DD/YYYY HH:MI:SS AM')
, 1, 1, 0, 1); 
INSERT INTO FINANCIALYEAR ( ID, FINANCIALYEAR, STARTINGDATE, ENDINGDATE, ISACTIVE, CREATED,
LASTMODIFIED, MODIFIEDBY, ISACTIVEFORPOSTING, ISCLOSED,
TRANSFERCLOSINGBALANCE ) VALUES ( 
7, '2008-09',  TO_Date( '04/01/2008 12:00:00 AM', 'MM/DD/YYYY HH:MI:SS AM'),  TO_Date( '03/31/2009 12:00:00 AM', 'MM/DD/YYYY HH:MI:SS AM')
, 1,  TO_Date( '03/31/2008 12:00:00 AM', 'MM/DD/YYYY HH:MI:SS AM'),  TO_Date( '03/31/2008 12:00:00 AM', 'MM/DD/YYYY HH:MI:SS AM')
, 1, 1, 0, 0); 

COMMIT;


INSERT INTO FISCALPERIOD ( ID, TYPE, NAME, STARTINGDATE, ENDINGDATE, PARENTID, ISACTIVEFORPOSTING,
ISACTIVE, MODIFIEDBY, LASTMODIFIED, CREATED, FINANCIALYEARID, ISCLOSED, MODULEID ) VALUES ( 
SEQ_FISCALPERIOD.NEXTVAL, 0, 'FP1',  TO_Date( '04/01/2005 12:00:00 AM', 'MM/DD/YYYY HH:MI:SS AM'),  TO_Date( '03/31/2006 12:00:00 AM', 'MM/DD/YYYY HH:MI:SS AM')
, NULL, 0, 0, 1,  TO_Date( '02/14/2007 12:00:00 AM', 'MM/DD/YYYY HH:MI:SS AM'),  TO_Date( '02/14/2007 12:00:00 AM', 'MM/DD/YYYY HH:MI:SS AM')
, 3, NULL, 2); 
INSERT INTO FISCALPERIOD ( ID, TYPE, NAME, STARTINGDATE, ENDINGDATE, PARENTID, ISACTIVEFORPOSTING,
ISACTIVE, MODIFIEDBY, LASTMODIFIED, CREATED, FINANCIALYEARID, ISCLOSED, MODULEID ) VALUES ( 
SEQ_FISCALPERIOD.NEXTVAL, 0, 'FP0607',  TO_Date( '04/01/2006 12:00:00 AM', 'MM/DD/YYYY HH:MI:SS AM'),  TO_Date( '03/31/2007 12:00:00 AM', 'MM/DD/YYYY HH:MI:SS AM')
, NULL, 0, 0, 1,  TO_Date( '03/17/2008 12:00:00 AM', 'MM/DD/YYYY HH:MI:SS AM'),  TO_Date( '02/14/2007 12:00:00 AM', 'MM/DD/YYYY HH:MI:SS AM')
, 5, NULL, 2); 
INSERT INTO FISCALPERIOD ( ID, TYPE, NAME, STARTINGDATE, ENDINGDATE, PARENTID, ISACTIVEFORPOSTING,
ISACTIVE, MODIFIEDBY, LASTMODIFIED, CREATED, FINANCIALYEARID, ISCLOSED, MODULEID ) VALUES ( 
SEQ_FISCALPERIOD.NEXTVAL, 0, 'FP0708',  TO_Date( '04/01/2007 12:00:00 AM', 'MM/DD/YYYY HH:MI:SS AM'),  TO_Date( '03/31/2008 12:00:00 AM', 'MM/DD/YYYY HH:MI:SS AM')
, NULL, 0, 0, 1,  TO_Date( '04/01/2007 12:00:00 AM', 'MM/DD/YYYY HH:MI:SS AM'),  TO_Date( '02/14/2007 12:00:00 AM', 'MM/DD/YYYY HH:MI:SS AM')
, 6, NULL, 2); 
INSERT INTO FISCALPERIOD ( ID, TYPE, NAME, STARTINGDATE, ENDINGDATE, PARENTID, ISACTIVEFORPOSTING,
ISACTIVE, MODIFIEDBY, LASTMODIFIED, CREATED, FINANCIALYEARID, ISCLOSED, MODULEID ) VALUES ( 
SEQ_FISCALPERIOD.NEXTVAL, NULL, 'FP200809',  TO_Date( '04/01/2008 12:00:00 AM', 'MM/DD/YYYY HH:MI:SS AM')
,  TO_Date( '03/31/2009 12:00:00 AM', 'MM/DD/YYYY HH:MI:SS AM'), NULL, 0, 0, 1,  TO_Date( '03/31/2008 12:00:00 AM', 'MM/DD/YYYY HH:MI:SS AM')
,  TO_Date( '03/31/2008 12:00:00 AM', 'MM/DD/YYYY HH:MI:SS AM'), 7, NULL, NULL); 
INSERT INTO FISCALPERIOD ( ID, TYPE, NAME, STARTINGDATE, ENDINGDATE, PARENTID, ISACTIVEFORPOSTING,
ISACTIVE, MODIFIEDBY, LASTMODIFIED, CREATED, FINANCIALYEARID, ISCLOSED, MODULEID ) VALUES ( 
SEQ_FISCALPERIOD.NEXTVAL, 0, 'FP200607',  TO_Date( '04/01/2006 12:00:00 AM', 'MM/DD/YYYY HH:MI:SS AM'),  TO_Date( '03/31/2007 12:00:00 AM', 'MM/DD/YYYY HH:MI:SS AM')
, NULL, 0, 0, NULL, NULL,  TO_Date( '04/04/2008 12:10:55 PM', 'MM/DD/YYYY HH:MI:SS AM')
, 7, 1, NULL); 
COMMIT;


INSERT INTO FUNCTION ( ID, CODE, NAME, TYPE, LLEVEL, PARENTID, ISACTIVE, CREATED, LASTMODIFIED,
MODIFIEDBY, ISNOTLEAF, PARENTCODE ) VALUES ( 
SEQ_FUNCTION.NEXTVAL, '00', 'General Administration', NULL, 0, NULL, 1,  TO_Date( '02/21/2007 12:00:00 AM', 'MM/DD/YYYY HH:MI:SS AM')
,  TO_Date( '02/21/2007 12:00:00 AM', 'MM/DD/YYYY HH:MI:SS AM'), 1, 1, NULL); 
INSERT INTO FUNCTION ( ID, CODE, NAME, TYPE, LLEVEL, PARENTID, ISACTIVE, CREATED, LASTMODIFIED,
MODIFIEDBY, ISNOTLEAF, PARENTCODE ) VALUES ( 
SEQ_FUNCTION.NEXTVAL, '10', 'Planning and Regulations', NULL, 0, NULL, 1,  TO_Date( '02/21/2007 12:00:00 AM', 'MM/DD/YYYY HH:MI:SS AM')
,  TO_Date( '02/21/2007 12:00:00 AM', 'MM/DD/YYYY HH:MI:SS AM'), 1, 1, NULL); 
INSERT INTO FUNCTION ( ID, CODE, NAME, TYPE, LLEVEL, PARENTID, ISACTIVE, CREATED, LASTMODIFIED,
MODIFIEDBY, ISNOTLEAF, PARENTCODE ) VALUES ( 
SEQ_FUNCTION.NEXTVAL, '20', 'Public Works', NULL, 0, NULL, 1,  TO_Date( '02/21/2007 12:00:00 AM', 'MM/DD/YYYY HH:MI:SS AM')
,  TO_Date( '02/21/2007 12:00:00 AM', 'MM/DD/YYYY HH:MI:SS AM'), 1, 1, NULL); 
INSERT INTO FUNCTION ( ID, CODE, NAME, TYPE, LLEVEL, PARENTID, ISACTIVE, CREATED, LASTMODIFIED,
MODIFIEDBY, ISNOTLEAF, PARENTCODE ) VALUES ( 
SEQ_FUNCTION.NEXTVAL, '30', 'Health', NULL, 0, NULL, 1,  TO_Date( '02/21/2007 12:00:00 AM', 'MM/DD/YYYY HH:MI:SS AM')
,  TO_Date( '02/21/2007 12:00:00 AM', 'MM/DD/YYYY HH:MI:SS AM'), 1, 1, NULL); 
INSERT INTO FUNCTION ( ID, CODE, NAME, TYPE, LLEVEL, PARENTID, ISACTIVE, CREATED, LASTMODIFIED,
MODIFIEDBY, ISNOTLEAF, PARENTCODE ) VALUES ( 
SEQ_FUNCTION.NEXTVAL, '40', 'Sanitation and Solid Waste Management', NULL, 0, NULL, 1,  TO_Date( '02/21/2007 12:00:00 AM', 'MM/DD/YYYY HH:MI:SS AM')
,  TO_Date( '02/21/2007 12:00:00 AM', 'MM/DD/YYYY HH:MI:SS AM'), 1, 1, NULL); 
INSERT INTO FUNCTION ( ID, CODE, NAME, TYPE, LLEVEL, PARENTID, ISACTIVE, CREATED, LASTMODIFIED,
MODIFIEDBY, ISNOTLEAF, PARENTCODE ) VALUES ( 
SEQ_FUNCTION.NEXTVAL, '50', 'Civic Amenities', NULL, 0, NULL, 1,  TO_Date( '02/21/2007 12:00:00 AM', 'MM/DD/YYYY HH:MI:SS AM')
,  TO_Date( '02/21/2007 12:00:00 AM', 'MM/DD/YYYY HH:MI:SS AM'), 1, 1, NULL); 
INSERT INTO FUNCTION ( ID, CODE, NAME, TYPE, LLEVEL, PARENTID, ISACTIVE, CREATED, LASTMODIFIED,
MODIFIEDBY, ISNOTLEAF, PARENTCODE ) VALUES ( 
SEQ_FUNCTION.NEXTVAL, '60', 'Urban Forestry', NULL, 0, NULL, 1,  TO_Date( '02/21/2007 12:00:00 AM', 'MM/DD/YYYY HH:MI:SS AM')
,  TO_Date( '02/21/2007 12:00:00 AM', 'MM/DD/YYYY HH:MI:SS AM'), 1, 1, NULL); 
INSERT INTO FUNCTION ( ID, CODE, NAME, TYPE, LLEVEL, PARENTID, ISACTIVE, CREATED, LASTMODIFIED,
MODIFIEDBY, ISNOTLEAF, PARENTCODE ) VALUES ( 
SEQ_FUNCTION.NEXTVAL, '70', 'Urban Poverty Alleviation and Social Welfare', NULL, 0, NULL, 1,  TO_Date( '02/21/2007 12:00:00 AM', 'MM/DD/YYYY HH:MI:SS AM')
,  TO_Date( '02/21/2007 12:00:00 AM', 'MM/DD/YYYY HH:MI:SS AM'), 1, 1, NULL); 
INSERT INTO FUNCTION ( ID, CODE, NAME, TYPE, LLEVEL, PARENTID, ISACTIVE, CREATED, LASTMODIFIED,
MODIFIEDBY, ISNOTLEAF, PARENTCODE ) VALUES ( 
SEQ_FUNCTION.NEXTVAL, '80', 'Other Services', NULL, 0, NULL, 1,  TO_Date( '02/21/2007 12:00:00 AM', 'MM/DD/YYYY HH:MI:SS AM')
,  TO_Date( '02/21/2007 12:00:00 AM', 'MM/DD/YYYY HH:MI:SS AM'), 1, 1, NULL); 
INSERT INTO FUNCTION ( ID, CODE, NAME, TYPE, LLEVEL, PARENTID, ISACTIVE, CREATED, LASTMODIFIED,
MODIFIEDBY, ISNOTLEAF, PARENTCODE ) VALUES ( 
SEQ_FUNCTION.NEXTVAL, '90', 'Revenues', NULL, 0, NULL, 1,  TO_Date( '02/21/2007 12:00:00 AM', 'MM/DD/YYYY HH:MI:SS AM')
,  TO_Date( '02/21/2007 12:00:00 AM', 'MM/DD/YYYY HH:MI:SS AM'), 1, 1, NULL); 
INSERT INTO FUNCTION ( ID, CODE, NAME, TYPE, LLEVEL, PARENTID, ISACTIVE, CREATED, LASTMODIFIED,
MODIFIEDBY, ISNOTLEAF, PARENTCODE ) VALUES ( 
SEQ_FUNCTION.NEXTVAL, '01', 'Municipal Body', NULL, 1, 1, 1,  TO_Date( '02/21/2007 12:00:00 AM', 'MM/DD/YYYY HH:MI:SS AM')
,  TO_Date( '02/21/2007 12:00:00 AM', 'MM/DD/YYYY HH:MI:SS AM'), 1, 1, '00'); 
INSERT INTO FUNCTION ( ID, CODE, NAME, TYPE, LLEVEL, PARENTID, ISACTIVE, CREATED, LASTMODIFIED,
MODIFIEDBY, ISNOTLEAF, PARENTCODE ) VALUES ( 
SEQ_FUNCTION.NEXTVAL, '02', 'Administration', NULL, 1, 1, 1,  TO_Date( '02/21/2007 12:00:00 AM', 'MM/DD/YYYY HH:MI:SS AM')
,  TO_Date( '02/21/2007 12:00:00 AM', 'MM/DD/YYYY HH:MI:SS AM'), 1, 1, '00'); 
INSERT INTO FUNCTION ( ID, CODE, NAME, TYPE, LLEVEL, PARENTID, ISACTIVE, CREATED, LASTMODIFIED,
MODIFIEDBY, ISNOTLEAF, PARENTCODE ) VALUES ( 
SEQ_FUNCTION.NEXTVAL, '03', 'Finance Accounts and Audit', NULL, 1, 1, 1,  TO_Date( '02/21/2007 12:00:00 AM', 'MM/DD/YYYY HH:MI:SS AM')
,  TO_Date( '02/21/2007 12:00:00 AM', 'MM/DD/YYYY HH:MI:SS AM'), 1, 1, '00'); 
INSERT INTO FUNCTION ( ID, CODE, NAME, TYPE, LLEVEL, PARENTID, ISACTIVE, CREATED, LASTMODIFIED,
MODIFIEDBY, ISNOTLEAF, PARENTCODE ) VALUES ( 
SEQ_FUNCTION.NEXTVAL, '04', 'Election ', NULL, 1, 1, 1,  TO_Date( '02/21/2007 12:00:00 AM', 'MM/DD/YYYY HH:MI:SS AM')
,  TO_Date( '02/21/2007 12:00:00 AM', 'MM/DD/YYYY HH:MI:SS AM'), 1, 1, '00'); 
INSERT INTO FUNCTION ( ID, CODE, NAME, TYPE, LLEVEL, PARENTID, ISACTIVE, CREATED, LASTMODIFIED,
MODIFIEDBY, ISNOTLEAF, PARENTCODE ) VALUES ( 
SEQ_FUNCTION.NEXTVAL, '05', 'Record Room', NULL, 1, 1, 1,  TO_Date( '02/21/2007 12:00:00 AM', 'MM/DD/YYYY HH:MI:SS AM')
,  TO_Date( '02/21/2007 12:00:00 AM', 'MM/DD/YYYY HH:MI:SS AM'), 1, 1, '00'); 
INSERT INTO FUNCTION ( ID, CODE, NAME, TYPE, LLEVEL, PARENTID, ISACTIVE, CREATED, LASTMODIFIED,
MODIFIEDBY, ISNOTLEAF, PARENTCODE ) VALUES ( 
SEQ_FUNCTION.NEXTVAL, '06', 'Estate', NULL, 1, 1, 1,  TO_Date( '02/21/2007 12:00:00 AM', 'MM/DD/YYYY HH:MI:SS AM')
,  TO_Date( '02/21/2007 12:00:00 AM', 'MM/DD/YYYY HH:MI:SS AM'), 1, 1, '00'); 
INSERT INTO FUNCTION ( ID, CODE, NAME, TYPE, LLEVEL, PARENTID, ISACTIVE, CREATED, LASTMODIFIED,
MODIFIEDBY, ISNOTLEAF, PARENTCODE ) VALUES ( 
SEQ_FUNCTION.NEXTVAL, '07', 'Stores and Purchase', NULL, 1, 1, 1,  TO_Date( '02/21/2007 12:00:00 AM', 'MM/DD/YYYY HH:MI:SS AM')
,  TO_Date( '02/21/2007 12:00:00 AM', 'MM/DD/YYYY HH:MI:SS AM'), 1, 1, '00'); 
INSERT INTO FUNCTION ( ID, CODE, NAME, TYPE, LLEVEL, PARENTID, ISACTIVE, CREATED, LASTMODIFIED,
MODIFIEDBY, ISNOTLEAF, PARENTCODE ) VALUES ( 
SEQ_FUNCTION.NEXTVAL, '08', 'Workshop', NULL, 1, 1, 1,  TO_Date( '02/21/2007 12:00:00 AM', 'MM/DD/YYYY HH:MI:SS AM')
,  TO_Date( '02/21/2007 12:00:00 AM', 'MM/DD/YYYY HH:MI:SS AM'), 1, 1, '00'); 
INSERT INTO FUNCTION ( ID, CODE, NAME, TYPE, LLEVEL, PARENTID, ISACTIVE, CREATED, LASTMODIFIED,
MODIFIEDBY, ISNOTLEAF, PARENTCODE ) VALUES ( 
SEQ_FUNCTION.NEXTVAL, '09', 'Census', NULL, 1, 1, 1,  TO_Date( '02/21/2007 12:00:00 AM', 'MM/DD/YYYY HH:MI:SS AM')
,  TO_Date( '02/21/2007 12:00:00 AM', 'MM/DD/YYYY HH:MI:SS AM'), 1, 1, '00'); 
INSERT INTO FUNCTION ( ID, CODE, NAME, TYPE, LLEVEL, PARENTID, ISACTIVE, CREATED, LASTMODIFIED,
MODIFIEDBY, ISNOTLEAF, PARENTCODE ) VALUES ( 
SEQ_FUNCTION.NEXTVAL, '11', 'City and Town Planning', NULL, 1, 2, 1,  TO_Date( '02/21/2007 12:00:00 AM', 'MM/DD/YYYY HH:MI:SS AM')
,  TO_Date( '02/21/2007 12:00:00 AM', 'MM/DD/YYYY HH:MI:SS AM'), 1, 1, '10'); 
INSERT INTO FUNCTION ( ID, CODE, NAME, TYPE, LLEVEL, PARENTID, ISACTIVE, CREATED, LASTMODIFIED,
MODIFIEDBY, ISNOTLEAF, PARENTCODE ) VALUES ( 
SEQ_FUNCTION.NEXTVAL, '12', 'Building Regulation', NULL, 1, 2, 1,  TO_Date( '02/21/2007 12:00:00 AM', 'MM/DD/YYYY HH:MI:SS AM')
,  TO_Date( '02/21/2007 12:00:00 AM', 'MM/DD/YYYY HH:MI:SS AM'), 1, 1, '10'); 
INSERT INTO FUNCTION ( ID, CODE, NAME, TYPE, LLEVEL, PARENTID, ISACTIVE, CREATED, LASTMODIFIED,
MODIFIEDBY, ISNOTLEAF, PARENTCODE ) VALUES ( 
SEQ_FUNCTION.NEXTVAL, '13', 'Economic Planning', NULL, 1, 2, 1,  TO_Date( '02/21/2007 12:00:00 AM', 'MM/DD/YYYY HH:MI:SS AM')
,  TO_Date( '02/21/2007 12:00:00 AM', 'MM/DD/YYYY HH:MI:SS AM'), 1, 1, '10'); 
INSERT INTO FUNCTION ( ID, CODE, NAME, TYPE, LLEVEL, PARENTID, ISACTIVE, CREATED, LASTMODIFIED,
MODIFIEDBY, ISNOTLEAF, PARENTCODE ) VALUES ( 
SEQ_FUNCTION.NEXTVAL, '14', 'Encroachment Removal', NULL, 1, 2, 1,  TO_Date( '02/21/2007 12:00:00 AM', 'MM/DD/YYYY HH:MI:SS AM')
,  TO_Date( '02/21/2007 12:00:00 AM', 'MM/DD/YYYY HH:MI:SS AM'), 1, 1, '10'); 
INSERT INTO FUNCTION ( ID, CODE, NAME, TYPE, LLEVEL, PARENTID, ISACTIVE, CREATED, LASTMODIFIED,
MODIFIEDBY, ISNOTLEAF, PARENTCODE ) VALUES ( 
SEQ_FUNCTION.NEXTVAL, '15', 'Trade License / Regulations ', NULL, 1, 2, 1,  TO_Date( '02/21/2007 12:00:00 AM', 'MM/DD/YYYY HH:MI:SS AM')
,  TO_Date( '02/21/2007 12:00:00 AM', 'MM/DD/YYYY HH:MI:SS AM'), 1, 1, '10'); 
INSERT INTO FUNCTION ( ID, CODE, NAME, TYPE, LLEVEL, PARENTID, ISACTIVE, CREATED, LASTMODIFIED,
MODIFIEDBY, ISNOTLEAF, PARENTCODE ) VALUES ( 
SEQ_FUNCTION.NEXTVAL, '21', 'Roads and Pavement', NULL, 1, 3, 1,  TO_Date( '02/21/2007 12:00:00 AM', 'MM/DD/YYYY HH:MI:SS AM')
,  TO_Date( '02/21/2007 12:00:00 AM', 'MM/DD/YYYY HH:MI:SS AM'), 1, 1, '20'); 
INSERT INTO FUNCTION ( ID, CODE, NAME, TYPE, LLEVEL, PARENTID, ISACTIVE, CREATED, LASTMODIFIED,
MODIFIEDBY, ISNOTLEAF, PARENTCODE ) VALUES ( 
SEQ_FUNCTION.NEXTVAL, '22', 'Bridges and Fly-overs', NULL, 1, 3, 1,  TO_Date( '02/21/2007 12:00:00 AM', 'MM/DD/YYYY HH:MI:SS AM')
,  TO_Date( '02/21/2007 12:00:00 AM', 'MM/DD/YYYY HH:MI:SS AM'), 1, 1, '20'); 
INSERT INTO FUNCTION ( ID, CODE, NAME, TYPE, LLEVEL, PARENTID, ISACTIVE, CREATED, LASTMODIFIED,
MODIFIEDBY, ISNOTLEAF, PARENTCODE ) VALUES ( 
SEQ_FUNCTION.NEXTVAL, '23', 'Subways and Causeways', NULL, 1, 3, 1,  TO_Date( '02/21/2007 12:00:00 AM', 'MM/DD/YYYY HH:MI:SS AM')
,  TO_Date( '02/21/2007 12:00:00 AM', 'MM/DD/YYYY HH:MI:SS AM'), 1, 1, '20'); 
INSERT INTO FUNCTION ( ID, CODE, NAME, TYPE, LLEVEL, PARENTID, ISACTIVE, CREATED, LASTMODIFIED,
MODIFIEDBY, ISNOTLEAF, PARENTCODE ) VALUES ( 
SEQ_FUNCTION.NEXTVAL, '24', 'Street Lighting', NULL, 1, 3, 1,  TO_Date( '02/21/2007 12:00:00 AM', 'MM/DD/YYYY HH:MI:SS AM')
,  TO_Date( '02/21/2007 12:00:00 AM', 'MM/DD/YYYY HH:MI:SS AM'), 1, 1, '20'); 
INSERT INTO FUNCTION ( ID, CODE, NAME, TYPE, LLEVEL, PARENTID, ISACTIVE, CREATED, LASTMODIFIED,
MODIFIEDBY, ISNOTLEAF, PARENTCODE ) VALUES ( 
SEQ_FUNCTION.NEXTVAL, '25', 'Storm water Drains', NULL, 1, 3, 1,  TO_Date( '02/21/2007 12:00:00 AM', 'MM/DD/YYYY HH:MI:SS AM')
,  TO_Date( '02/21/2007 12:00:00 AM', 'MM/DD/YYYY HH:MI:SS AM'), 1, 1, '20'); 
INSERT INTO FUNCTION ( ID, CODE, NAME, TYPE, LLEVEL, PARENTID, ISACTIVE, CREATED, LASTMODIFIED,
MODIFIEDBY, ISNOTLEAF, PARENTCODE ) VALUES ( 
SEQ_FUNCTION.NEXTVAL, '26', 'Traffic Signals ', NULL, 1, 3, 1,  TO_Date( '02/21/2007 12:00:00 AM', 'MM/DD/YYYY HH:MI:SS AM')
,  TO_Date( '02/21/2007 12:00:00 AM', 'MM/DD/YYYY HH:MI:SS AM'), 1, 1, '20'); 
INSERT INTO FUNCTION ( ID, CODE, NAME, TYPE, LLEVEL, PARENTID, ISACTIVE, CREATED, LASTMODIFIED,
MODIFIEDBY, ISNOTLEAF, PARENTCODE ) VALUES ( 
SEQ_FUNCTION.NEXTVAL, '27', 'Guest Houses', NULL, 1, 3, 1,  TO_Date( '02/21/2007 12:00:00 AM', 'MM/DD/YYYY HH:MI:SS AM')
,  TO_Date( '02/21/2007 12:00:00 AM', 'MM/DD/YYYY HH:MI:SS AM'), 1, 1, '20'); 
INSERT INTO FUNCTION ( ID, CODE, NAME, TYPE, LLEVEL, PARENTID, ISACTIVE, CREATED, LASTMODIFIED,
MODIFIEDBY, ISNOTLEAF, PARENTCODE ) VALUES ( 
SEQ_FUNCTION.NEXTVAL, '31', 'Public Health', NULL, 1, 4, 1,  TO_Date( '02/21/2007 12:00:00 AM', 'MM/DD/YYYY HH:MI:SS AM')
,  TO_Date( '02/21/2007 12:00:00 AM', 'MM/DD/YYYY HH:MI:SS AM'), 1, 1, '30'); 
INSERT INTO FUNCTION ( ID, CODE, NAME, TYPE, LLEVEL, PARENTID, ISACTIVE, CREATED, LASTMODIFIED,
MODIFIEDBY, ISNOTLEAF, PARENTCODE ) VALUES ( 
SEQ_FUNCTION.NEXTVAL, '32', 'Epidemic / Prevention Control ', NULL, 1, 4, 1,  TO_Date( '02/21/2007 12:00:00 AM', 'MM/DD/YYYY HH:MI:SS AM')
,  TO_Date( '02/21/2007 12:00:00 AM', 'MM/DD/YYYY HH:MI:SS AM'), 1, 1, '30'); 
INSERT INTO FUNCTION ( ID, CODE, NAME, TYPE, LLEVEL, PARENTID, ISACTIVE, CREATED, LASTMODIFIED,
MODIFIEDBY, ISNOTLEAF, PARENTCODE ) VALUES ( 
SEQ_FUNCTION.NEXTVAL, '33', 'Family Planning', NULL, 1, 4, 1,  TO_Date( '02/21/2007 12:00:00 AM', 'MM/DD/YYYY HH:MI:SS AM')
,  TO_Date( '02/21/2007 12:00:00 AM', 'MM/DD/YYYY HH:MI:SS AM'), 1, 1, '30'); 
INSERT INTO FUNCTION ( ID, CODE, NAME, TYPE, LLEVEL, PARENTID, ISACTIVE, CREATED, LASTMODIFIED,
MODIFIEDBY, ISNOTLEAF, PARENTCODE ) VALUES ( 
SEQ_FUNCTION.NEXTVAL, '34', 'Primary Health Care', NULL, 1, 4, 1,  TO_Date( '02/21/2007 12:00:00 AM', 'MM/DD/YYYY HH:MI:SS AM')
,  TO_Date( '02/21/2007 12:00:00 AM', 'MM/DD/YYYY HH:MI:SS AM'), 1, 1, '30'); 
INSERT INTO FUNCTION ( ID, CODE, NAME, TYPE, LLEVEL, PARENTID, ISACTIVE, CREATED, LASTMODIFIED,
MODIFIEDBY, ISNOTLEAF, PARENTCODE ) VALUES ( 
SEQ_FUNCTION.NEXTVAL, '35', 'Hospital Services', NULL, 1, 4, 1,  TO_Date( '02/21/2007 12:00:00 AM', 'MM/DD/YYYY HH:MI:SS AM')
,  TO_Date( '02/21/2007 12:00:00 AM', 'MM/DD/YYYY HH:MI:SS AM'), 1, 1, '30'); 
INSERT INTO FUNCTION ( ID, CODE, NAME, TYPE, LLEVEL, PARENTID, ISACTIVE, CREATED, LASTMODIFIED,
MODIFIEDBY, ISNOTLEAF, PARENTCODE ) VALUES ( 
SEQ_FUNCTION.NEXTVAL, '36', 'Burial and Cremations', NULL, 1, 4, 1,  TO_Date( '02/21/2007 12:00:00 AM', 'MM/DD/YYYY HH:MI:SS AM')
,  TO_Date( '02/21/2007 12:00:00 AM', 'MM/DD/YYYY HH:MI:SS AM'), 1, 1, '30'); 
INSERT INTO FUNCTION ( ID, CODE, NAME, TYPE, LLEVEL, PARENTID, ISACTIVE, CREATED, LASTMODIFIED,
MODIFIEDBY, ISNOTLEAF, PARENTCODE ) VALUES ( 
SEQ_FUNCTION.NEXTVAL, '37', 'Vital Statistics', NULL, 1, 4, 1,  TO_Date( '02/21/2007 12:00:00 AM', 'MM/DD/YYYY HH:MI:SS AM')
,  TO_Date( '02/21/2007 12:00:00 AM', 'MM/DD/YYYY HH:MI:SS AM'), 1, 1, '30'); 
INSERT INTO FUNCTION ( ID, CODE, NAME, TYPE, LLEVEL, PARENTID, ISACTIVE, CREATED, LASTMODIFIED,
MODIFIEDBY, ISNOTLEAF, PARENTCODE ) VALUES ( 
SEQ_FUNCTION.NEXTVAL, '38', 'Prevention of Food Adulteration', NULL, 1, 4, 1,  TO_Date( '02/21/2007 12:00:00 AM', 'MM/DD/YYYY HH:MI:SS AM')
,  TO_Date( '02/21/2007 12:00:00 AM', 'MM/DD/YYYY HH:MI:SS AM'), 1, 1, '30'); 
INSERT INTO FUNCTION ( ID, CODE, NAME, TYPE, LLEVEL, PARENTID, ISACTIVE, CREATED, LASTMODIFIED,
MODIFIEDBY, ISNOTLEAF, PARENTCODE ) VALUES ( 
SEQ_FUNCTION.NEXTVAL, '39', 'Ambulance / Hearse Services', NULL, 1, 4, 1,  TO_Date( '02/21/2007 12:00:00 AM', 'MM/DD/YYYY HH:MI:SS AM')
,  TO_Date( '02/21/2007 12:00:00 AM', 'MM/DD/YYYY HH:MI:SS AM'), 1, 1, '30'); 
INSERT INTO FUNCTION ( ID, CODE, NAME, TYPE, LLEVEL, PARENTID, ISACTIVE, CREATED, LASTMODIFIED,
MODIFIEDBY, ISNOTLEAF, PARENTCODE ) VALUES ( 
SEQ_FUNCTION.NEXTVAL, '41', 'Solid Waste Management', NULL, 1, 5, 1,  TO_Date( '02/21/2007 12:00:00 AM', 'MM/DD/YYYY HH:MI:SS AM')
,  TO_Date( '02/21/2007 12:00:00 AM', 'MM/DD/YYYY HH:MI:SS AM'), 1, 1, '40'); 
INSERT INTO FUNCTION ( ID, CODE, NAME, TYPE, LLEVEL, PARENTID, ISACTIVE, CREATED, LASTMODIFIED,
MODIFIEDBY, ISNOTLEAF, PARENTCODE ) VALUES ( 
SEQ_FUNCTION.NEXTVAL, '42', 'Public Convenience', NULL, 1, 5, 1,  TO_Date( '02/21/2007 12:00:00 AM', 'MM/DD/YYYY HH:MI:SS AM')
,  TO_Date( '02/21/2007 12:00:00 AM', 'MM/DD/YYYY HH:MI:SS AM'), 1, 1, '40'); 
INSERT INTO FUNCTION ( ID, CODE, NAME, TYPE, LLEVEL, PARENTID, ISACTIVE, CREATED, LASTMODIFIED,
MODIFIEDBY, ISNOTLEAF, PARENTCODE ) VALUES ( 
SEQ_FUNCTION.NEXTVAL, '43', 'Veterinary Services ', NULL, 1, 5, 1,  TO_Date( '02/21/2007 12:00:00 AM', 'MM/DD/YYYY HH:MI:SS AM')
,  TO_Date( '02/21/2007 12:00:00 AM', 'MM/DD/YYYY HH:MI:SS AM'), 1, 1, '40'); 
INSERT INTO FUNCTION ( ID, CODE, NAME, TYPE, LLEVEL, PARENTID, ISACTIVE, CREATED, LASTMODIFIED,
MODIFIEDBY, ISNOTLEAF, PARENTCODE ) VALUES ( 
SEQ_FUNCTION.NEXTVAL, '44', 'Cattle Pounding', NULL, 1, 5, 1,  TO_Date( '02/21/2007 12:00:00 AM', 'MM/DD/YYYY HH:MI:SS AM')
,  TO_Date( '02/21/2007 12:00:00 AM', 'MM/DD/YYYY HH:MI:SS AM'), 1, 1, '40'); 
INSERT INTO FUNCTION ( ID, CODE, NAME, TYPE, LLEVEL, PARENTID, ISACTIVE, CREATED, LASTMODIFIED,
MODIFIEDBY, ISNOTLEAF, PARENTCODE ) VALUES ( 
SEQ_FUNCTION.NEXTVAL, '45', 'Slaughter Houses', NULL, 1, 5, 1,  TO_Date( '02/21/2007 12:00:00 AM', 'MM/DD/YYYY HH:MI:SS AM')
,  TO_Date( '02/21/2007 12:00:00 AM', 'MM/DD/YYYY HH:MI:SS AM'), 1, 1, '40'); 
INSERT INTO FUNCTION ( ID, CODE, NAME, TYPE, LLEVEL, PARENTID, ISACTIVE, CREATED, LASTMODIFIED,
MODIFIEDBY, ISNOTLEAF, PARENTCODE ) VALUES ( 
SEQ_FUNCTION.NEXTVAL, '51', 'Water Supply', NULL, 1, 6, 1,  TO_Date( '02/21/2007 12:00:00 AM', 'MM/DD/YYYY HH:MI:SS AM')
,  TO_Date( '02/21/2007 12:00:00 AM', 'MM/DD/YYYY HH:MI:SS AM'), 1, 1, '50'); 
INSERT INTO FUNCTION ( ID, CODE, NAME, TYPE, LLEVEL, PARENTID, ISACTIVE, CREATED, LASTMODIFIED,
MODIFIEDBY, ISNOTLEAF, PARENTCODE ) VALUES ( 
SEQ_FUNCTION.NEXTVAL, '52', 'Sewerage', NULL, 1, 6, 1,  TO_Date( '02/21/2007 12:00:00 AM', 'MM/DD/YYYY HH:MI:SS AM')
,  TO_Date( '02/21/2007 12:00:00 AM', 'MM/DD/YYYY HH:MI:SS AM'), 1, 1, '50'); 
INSERT INTO FUNCTION ( ID, CODE, NAME, TYPE, LLEVEL, PARENTID, ISACTIVE, CREATED, LASTMODIFIED,
MODIFIEDBY, ISNOTLEAF, PARENTCODE ) VALUES ( 
SEQ_FUNCTION.NEXTVAL, '53', 'Fire Services', NULL, 1, 6, 1,  TO_Date( '02/21/2007 12:00:00 AM', 'MM/DD/YYYY HH:MI:SS AM')
,  TO_Date( '02/21/2007 12:00:00 AM', 'MM/DD/YYYY HH:MI:SS AM'), 1, 1, '50'); 
INSERT INTO FUNCTION ( ID, CODE, NAME, TYPE, LLEVEL, PARENTID, ISACTIVE, CREATED, LASTMODIFIED,
MODIFIEDBY, ISNOTLEAF, PARENTCODE ) VALUES ( 
SEQ_FUNCTION.NEXTVAL, '54', 'Arts and Culture', NULL, 1, 6, 1,  TO_Date( '02/21/2007 12:00:00 AM', 'MM/DD/YYYY HH:MI:SS AM')
,  TO_Date( '02/21/2007 12:00:00 AM', 'MM/DD/YYYY HH:MI:SS AM'), 1, 1, '50'); 
INSERT INTO FUNCTION ( ID, CODE, NAME, TYPE, LLEVEL, PARENTID, ISACTIVE, CREATED, LASTMODIFIED,
MODIFIEDBY, ISNOTLEAF, PARENTCODE ) VALUES ( 
SEQ_FUNCTION.NEXTVAL, '55', 'Community / Marriage Centers', NULL, 1, 6, 1,  TO_Date( '02/21/2007 12:00:00 AM', 'MM/DD/YYYY HH:MI:SS AM')
,  TO_Date( '02/21/2007 12:00:00 AM', 'MM/DD/YYYY HH:MI:SS AM'), 1, 1, '50'); 
INSERT INTO FUNCTION ( ID, CODE, NAME, TYPE, LLEVEL, PARENTID, ISACTIVE, CREATED, LASTMODIFIED,
MODIFIEDBY, ISNOTLEAF, PARENTCODE ) VALUES ( 
SEQ_FUNCTION.NEXTVAL, '56', 'Amusement', NULL, 1, 6, 1,  TO_Date( '02/21/2007 12:00:00 AM', 'MM/DD/YYYY HH:MI:SS AM')
,  TO_Date( '02/21/2007 12:00:00 AM', 'MM/DD/YYYY HH:MI:SS AM'), 1, 1, '50'); 
INSERT INTO FUNCTION ( ID, CODE, NAME, TYPE, LLEVEL, PARENTID, ISACTIVE, CREATED, LASTMODIFIED,
MODIFIEDBY, ISNOTLEAF, PARENTCODE ) VALUES ( 
SEQ_FUNCTION.NEXTVAL, '57', 'Museums', NULL, 1, 6, 1,  TO_Date( '02/21/2007 12:00:00 AM', 'MM/DD/YYYY HH:MI:SS AM')
,  TO_Date( '02/21/2007 12:00:00 AM', 'MM/DD/YYYY HH:MI:SS AM'), 1, 1, '50'); 
INSERT INTO FUNCTION ( ID, CODE, NAME, TYPE, LLEVEL, PARENTID, ISACTIVE, CREATED, LASTMODIFIED,
MODIFIEDBY, ISNOTLEAF, PARENTCODE ) VALUES ( 
SEQ_FUNCTION.NEXTVAL, '58', 'Municipal Markets', NULL, 1, 6, 1,  TO_Date( '02/21/2007 12:00:00 AM', 'MM/DD/YYYY HH:MI:SS AM')
,  TO_Date( '02/21/2007 12:00:00 AM', 'MM/DD/YYYY HH:MI:SS AM'), 1, 1, '50'); 
INSERT INTO FUNCTION ( ID, CODE, NAME, TYPE, LLEVEL, PARENTID, ISACTIVE, CREATED, LASTMODIFIED,
MODIFIEDBY, ISNOTLEAF, PARENTCODE ) VALUES ( 
SEQ_FUNCTION.NEXTVAL, '61', 'Parks and Gardens', NULL, 1, 7, 1,  TO_Date( '02/21/2007 12:00:00 AM', 'MM/DD/YYYY HH:MI:SS AM')
,  TO_Date( '02/21/2007 12:00:00 AM', 'MM/DD/YYYY HH:MI:SS AM'), 1, 1, '60'); 
INSERT INTO FUNCTION ( ID, CODE, NAME, TYPE, LLEVEL, PARENTID, ISACTIVE, CREATED, LASTMODIFIED,
MODIFIEDBY, ISNOTLEAF, PARENTCODE ) VALUES ( 
SEQ_FUNCTION.NEXTVAL, '62', 'Play Grounds', NULL, 1, 7, 1,  TO_Date( '02/21/2007 12:00:00 AM', 'MM/DD/YYYY HH:MI:SS AM')
,  TO_Date( '02/21/2007 12:00:00 AM', 'MM/DD/YYYY HH:MI:SS AM'), 1, 1, '60'); 
INSERT INTO FUNCTION ( ID, CODE, NAME, TYPE, LLEVEL, PARENTID, ISACTIVE, CREATED, LASTMODIFIED,
MODIFIEDBY, ISNOTLEAF, PARENTCODE ) VALUES ( 
SEQ_FUNCTION.NEXTVAL, '63', 'Lakes and Ponds', NULL, 1, 7, 1,  TO_Date( '02/21/2007 12:00:00 AM', 'MM/DD/YYYY HH:MI:SS AM')
,  TO_Date( '02/21/2007 12:00:00 AM', 'MM/DD/YYYY HH:MI:SS AM'), 1, 1, '60'); 
INSERT INTO FUNCTION ( ID, CODE, NAME, TYPE, LLEVEL, PARENTID, ISACTIVE, CREATED, LASTMODIFIED,
MODIFIEDBY, ISNOTLEAF, PARENTCODE ) VALUES ( 
SEQ_FUNCTION.NEXTVAL, '64', 'Urban Forestry', NULL, 1, 7, 1,  TO_Date( '02/21/2007 12:00:00 AM', 'MM/DD/YYYY HH:MI:SS AM')
,  TO_Date( '02/21/2007 12:00:00 AM', 'MM/DD/YYYY HH:MI:SS AM'), 1, 1, '60'); 
INSERT INTO FUNCTION ( ID, CODE, NAME, TYPE, LLEVEL, PARENTID, ISACTIVE, CREATED, LASTMODIFIED,
MODIFIEDBY, ISNOTLEAF, PARENTCODE ) VALUES ( 
SEQ_FUNCTION.NEXTVAL, '65', 'Environment Conservation', NULL, 1, 7, 1,  TO_Date( '02/21/2007 12:00:00 AM', 'MM/DD/YYYY HH:MI:SS AM')
,  TO_Date( '02/21/2007 12:00:00 AM', 'MM/DD/YYYY HH:MI:SS AM'), 1, 1, '60'); 
INSERT INTO FUNCTION ( ID, CODE, NAME, TYPE, LLEVEL, PARENTID, ISACTIVE, CREATED, LASTMODIFIED,
MODIFIEDBY, ISNOTLEAF, PARENTCODE ) VALUES ( 
SEQ_FUNCTION.NEXTVAL, '66', 'Zoos', NULL, 1, 7, 1,  TO_Date( '02/21/2007 12:00:00 AM', 'MM/DD/YYYY HH:MI:SS AM')
,  TO_Date( '02/21/2007 12:00:00 AM', 'MM/DD/YYYY HH:MI:SS AM'), 1, 1, '60'); 
INSERT INTO FUNCTION ( ID, CODE, NAME, TYPE, LLEVEL, PARENTID, ISACTIVE, CREATED, LASTMODIFIED,
MODIFIEDBY, ISNOTLEAF, PARENTCODE ) VALUES ( 
SEQ_FUNCTION.NEXTVAL, '71', 'Welfare of Women', NULL, 1, 8, 1,  TO_Date( '02/21/2007 12:00:00 AM', 'MM/DD/YYYY HH:MI:SS AM')
,  TO_Date( '02/21/2007 12:00:00 AM', 'MM/DD/YYYY HH:MI:SS AM'), 1, 1, '70'); 
INSERT INTO FUNCTION ( ID, CODE, NAME, TYPE, LLEVEL, PARENTID, ISACTIVE, CREATED, LASTMODIFIED,
MODIFIEDBY, ISNOTLEAF, PARENTCODE ) VALUES ( 
SEQ_FUNCTION.NEXTVAL, '72', 'Welfare of Children', NULL, 1, 8, 1,  TO_Date( '02/21/2007 12:00:00 AM', 'MM/DD/YYYY HH:MI:SS AM')
,  TO_Date( '02/21/2007 12:00:00 AM', 'MM/DD/YYYY HH:MI:SS AM'), 1, 1, '70'); 
INSERT INTO FUNCTION ( ID, CODE, NAME, TYPE, LLEVEL, PARENTID, ISACTIVE, CREATED, LASTMODIFIED,
MODIFIEDBY, ISNOTLEAF, PARENTCODE ) VALUES ( 
SEQ_FUNCTION.NEXTVAL, '73', 'Welfare of Aged', NULL, 1, 8, 1,  TO_Date( '02/21/2007 12:00:00 AM', 'MM/DD/YYYY HH:MI:SS AM')
,  TO_Date( '02/21/2007 12:00:00 AM', 'MM/DD/YYYY HH:MI:SS AM'), 1, 1, '70'); 
INSERT INTO FUNCTION ( ID, CODE, NAME, TYPE, LLEVEL, PARENTID, ISACTIVE, CREATED, LASTMODIFIED,
MODIFIEDBY, ISNOTLEAF, PARENTCODE ) VALUES ( 
SEQ_FUNCTION.NEXTVAL, '74', 'Welfare of Handicapped', NULL, 1, 8, 1,  TO_Date( '02/21/2007 12:00:00 AM', 'MM/DD/YYYY HH:MI:SS AM')
,  TO_Date( '02/21/2007 12:00:00 AM', 'MM/DD/YYYY HH:MI:SS AM'), 1, 1, '70'); 
INSERT INTO FUNCTION ( ID, CODE, NAME, TYPE, LLEVEL, PARENTID, ISACTIVE, CREATED, LASTMODIFIED,
MODIFIEDBY, ISNOTLEAF, PARENTCODE ) VALUES ( 
SEQ_FUNCTION.NEXTVAL, '75', 'Welfare of SC/ST/OBC', NULL, 1, 8, 1,  TO_Date( '02/21/2007 12:00:00 AM', 'MM/DD/YYYY HH:MI:SS AM')
,  TO_Date( '02/21/2007 12:00:00 AM', 'MM/DD/YYYY HH:MI:SS AM'), 1, 1, '70'); 
INSERT INTO FUNCTION ( ID, CODE, NAME, TYPE, LLEVEL, PARENTID, ISACTIVE, CREATED, LASTMODIFIED,
MODIFIEDBY, ISNOTLEAF, PARENTCODE ) VALUES ( 
SEQ_FUNCTION.NEXTVAL, '76', 'Slum Improvements', NULL, 1, 8, 1,  TO_Date( '02/21/2007 12:00:00 AM', 'MM/DD/YYYY HH:MI:SS AM')
,  TO_Date( '02/21/2007 12:00:00 AM', 'MM/DD/YYYY HH:MI:SS AM'), 1, 1, '70'); 
INSERT INTO FUNCTION ( ID, CODE, NAME, TYPE, LLEVEL, PARENTID, ISACTIVE, CREATED, LASTMODIFIED,
MODIFIEDBY, ISNOTLEAF, PARENTCODE ) VALUES ( 
SEQ_FUNCTION.NEXTVAL, '77', 'Housing', NULL, 1, 8, 1,  TO_Date( '02/21/2007 12:00:00 AM', 'MM/DD/YYYY HH:MI:SS AM')
,  TO_Date( '02/21/2007 12:00:00 AM', 'MM/DD/YYYY HH:MI:SS AM'), 1, 1, '70'); 
INSERT INTO FUNCTION ( ID, CODE, NAME, TYPE, LLEVEL, PARENTID, ISACTIVE, CREATED, LASTMODIFIED,
MODIFIEDBY, ISNOTLEAF, PARENTCODE ) VALUES ( 
SEQ_FUNCTION.NEXTVAL, '78', 'Urban Poverty Alleviation', NULL, 1, 8, 1,  TO_Date( '02/21/2007 12:00:00 AM', 'MM/DD/YYYY HH:MI:SS AM')
,  TO_Date( '02/21/2007 12:00:00 AM', 'MM/DD/YYYY HH:MI:SS AM'), 1, 1, '70'); 
INSERT INTO FUNCTION ( ID, CODE, NAME, TYPE, LLEVEL, PARENTID, ISACTIVE, CREATED, LASTMODIFIED,
MODIFIEDBY, ISNOTLEAF, PARENTCODE ) VALUES ( 
SEQ_FUNCTION.NEXTVAL, '79', 'Others ', NULL, 1, 8, 1,  TO_Date( '02/21/2007 12:00:00 AM', 'MM/DD/YYYY HH:MI:SS AM')
,  TO_Date( '02/21/2007 12:00:00 AM', 'MM/DD/YYYY HH:MI:SS AM'), 1, 1, '70'); 
INSERT INTO FUNCTION ( ID, CODE, NAME, TYPE, LLEVEL, PARENTID, ISACTIVE, CREATED, LASTMODIFIED,
MODIFIEDBY, ISNOTLEAF, PARENTCODE ) VALUES ( 
SEQ_FUNCTION.NEXTVAL, '81', 'Electricity', NULL, 1, 9, 1,  TO_Date( '02/21/2007 12:00:00 AM', 'MM/DD/YYYY HH:MI:SS AM')
,  TO_Date( '02/21/2007 12:00:00 AM', 'MM/DD/YYYY HH:MI:SS AM'), 1, 1, '80'); 
INSERT INTO FUNCTION ( ID, CODE, NAME, TYPE, LLEVEL, PARENTID, ISACTIVE, CREATED, LASTMODIFIED,
MODIFIEDBY, ISNOTLEAF, PARENTCODE ) VALUES ( 
SEQ_FUNCTION.NEXTVAL, '82', 'Education', NULL, 1, 9, 1,  TO_Date( '02/21/2007 12:00:00 AM', 'MM/DD/YYYY HH:MI:SS AM')
,  TO_Date( '02/21/2007 12:00:00 AM', 'MM/DD/YYYY HH:MI:SS AM'), 1, 1, '80'); 
INSERT INTO FUNCTION ( ID, CODE, NAME, TYPE, LLEVEL, PARENTID, ISACTIVE, CREATED, LASTMODIFIED,
MODIFIEDBY, ISNOTLEAF, PARENTCODE ) VALUES ( 
SEQ_FUNCTION.NEXTVAL, '83', 'Transportation', NULL, 1, 9, 1,  TO_Date( '02/21/2007 12:00:00 AM', 'MM/DD/YYYY HH:MI:SS AM')
,  TO_Date( '02/21/2007 12:00:00 AM', 'MM/DD/YYYY HH:MI:SS AM'), 1, 1, '80'); 
INSERT INTO FUNCTION ( ID, CODE, NAME, TYPE, LLEVEL, PARENTID, ISACTIVE, CREATED, LASTMODIFIED,
MODIFIEDBY, ISNOTLEAF, PARENTCODE ) VALUES ( 
SEQ_FUNCTION.NEXTVAL, '84', 'Facility for pilgrims', NULL, 1, 9, 1,  TO_Date( '02/21/2007 12:00:00 AM', 'MM/DD/YYYY HH:MI:SS AM')
,  TO_Date( '02/21/2007 12:00:00 AM', 'MM/DD/YYYY HH:MI:SS AM'), 1, 1, '80'); 
INSERT INTO FUNCTION ( ID, CODE, NAME, TYPE, LLEVEL, PARENTID, ISACTIVE, CREATED, LASTMODIFIED,
MODIFIEDBY, ISNOTLEAF, PARENTCODE ) VALUES ( 
SEQ_FUNCTION.NEXTVAL, '91', 'Property Taxes', NULL, 1, 10, 1,  TO_Date( '02/21/2007 12:00:00 AM', 'MM/DD/YYYY HH:MI:SS AM')
,  TO_Date( '02/21/2007 12:00:00 AM', 'MM/DD/YYYY HH:MI:SS AM'), 1, 1, '90'); 
INSERT INTO FUNCTION ( ID, CODE, NAME, TYPE, LLEVEL, PARENTID, ISACTIVE, CREATED, LASTMODIFIED,
MODIFIEDBY, ISNOTLEAF, PARENTCODE ) VALUES ( 
SEQ_FUNCTION.NEXTVAL, '92', 'Octroi / Entry Cess', NULL, 1, 10, 1,  TO_Date( '02/21/2007 12:00:00 AM', 'MM/DD/YYYY HH:MI:SS AM')
,  TO_Date( '02/21/2007 12:00:00 AM', 'MM/DD/YYYY HH:MI:SS AM'), 1, 1, '90'); 
INSERT INTO FUNCTION ( ID, CODE, NAME, TYPE, LLEVEL, PARENTID, ISACTIVE, CREATED, LASTMODIFIED,
MODIFIEDBY, ISNOTLEAF, PARENTCODE ) VALUES ( 
SEQ_FUNCTION.NEXTVAL, '93', 'Advertisement Tax', NULL, 1, 10, 1,  TO_Date( '02/21/2007 12:00:00 AM', 'MM/DD/YYYY HH:MI:SS AM')
,  TO_Date( '02/21/2007 12:00:00 AM', 'MM/DD/YYYY HH:MI:SS AM'), 1, 1, '90'); 
INSERT INTO FUNCTION ( ID, CODE, NAME, TYPE, LLEVEL, PARENTID, ISACTIVE, CREATED, LASTMODIFIED,
MODIFIEDBY, ISNOTLEAF, PARENTCODE ) VALUES ( 
SEQ_FUNCTION.NEXTVAL, '94', 'Professional Tax', NULL, 1, 10, 1,  TO_Date( '02/21/2007 12:00:00 AM', 'MM/DD/YYYY HH:MI:SS AM')
,  TO_Date( '02/21/2007 12:00:00 AM', 'MM/DD/YYYY HH:MI:SS AM'), 1, 1, '90'); 
INSERT INTO FUNCTION ( ID, CODE, NAME, TYPE, LLEVEL, PARENTID, ISACTIVE, CREATED, LASTMODIFIED,
MODIFIEDBY, ISNOTLEAF, PARENTCODE ) VALUES ( 
SEQ_FUNCTION.NEXTVAL, '95', 'Tax on Animals', NULL, 1, 10, 1,  TO_Date( '02/21/2007 12:00:00 AM', 'MM/DD/YYYY HH:MI:SS AM')
,  TO_Date( '02/21/2007 12:00:00 AM', 'MM/DD/YYYY HH:MI:SS AM'), 1, 1, '90'); 
INSERT INTO FUNCTION ( ID, CODE, NAME, TYPE, LLEVEL, PARENTID, ISACTIVE, CREATED, LASTMODIFIED,
MODIFIEDBY, ISNOTLEAF, PARENTCODE ) VALUES ( 
SEQ_FUNCTION.NEXTVAL, '96', 'Tax on Vehicles', NULL, 1, 10, 1,  TO_Date( '02/21/2007 12:00:00 AM', 'MM/DD/YYYY HH:MI:SS AM')
,  TO_Date( '02/21/2007 12:00:00 AM', 'MM/DD/YYYY HH:MI:SS AM'), 1, 1, '90'); 
INSERT INTO FUNCTION ( ID, CODE, NAME, TYPE, LLEVEL, PARENTID, ISACTIVE, CREATED, LASTMODIFIED,
MODIFIEDBY, ISNOTLEAF, PARENTCODE ) VALUES ( 
SEQ_FUNCTION.NEXTVAL, '97', 'Toll', NULL, 1, 10, 1,  TO_Date( '02/21/2007 12:00:00 AM', 'MM/DD/YYYY HH:MI:SS AM')
,  TO_Date( '02/21/2007 12:00:00 AM', 'MM/DD/YYYY HH:MI:SS AM'), 1, 1, '90'); 
INSERT INTO FUNCTION ( ID, CODE, NAME, TYPE, LLEVEL, PARENTID, ISACTIVE, CREATED, LASTMODIFIED,
MODIFIEDBY, ISNOTLEAF, PARENTCODE ) VALUES ( 
SEQ_FUNCTION.NEXTVAL, '99', 'Other Taxes', NULL, 1, 10, 1,  TO_Date( '02/21/2007 12:00:00 AM', 'MM/DD/YYYY HH:MI:SS AM')
,  TO_Date( '02/21/2007 12:00:00 AM', 'MM/DD/YYYY HH:MI:SS AM'), 1, 1, '90'); 
INSERT INTO FUNCTION ( ID, CODE, NAME, TYPE, LLEVEL, PARENTID, ISACTIVE, CREATED, LASTMODIFIED,
MODIFIEDBY, ISNOTLEAF, PARENTCODE ) VALUES ( 
SEQ_FUNCTION.NEXTVAL, '0101', 'General Body ', NULL, 2, 11, 1,  TO_Date( '02/21/2007 12:00:00 AM', 'MM/DD/YYYY HH:MI:SS AM')
,  TO_Date( '02/21/2007 12:00:00 AM', 'MM/DD/YYYY HH:MI:SS AM'), 1, 0, '01'); 
INSERT INTO FUNCTION ( ID, CODE, NAME, TYPE, LLEVEL, PARENTID, ISACTIVE, CREATED, LASTMODIFIED,
MODIFIEDBY, ISNOTLEAF, PARENTCODE ) VALUES ( 
SEQ_FUNCTION.NEXTVAL, '0102', 'Ward and Standing Committee', NULL, 2, 11, 1,  TO_Date( '02/21/2007 12:00:00 AM', 'MM/DD/YYYY HH:MI:SS AM')
,  TO_Date( '02/21/2007 12:00:00 AM', 'MM/DD/YYYY HH:MI:SS AM'), 1, 0, '01'); 
INSERT INTO FUNCTION ( ID, CODE, NAME, TYPE, LLEVEL, PARENTID, ISACTIVE, CREATED, LASTMODIFIED,
MODIFIEDBY, ISNOTLEAF, PARENTCODE ) VALUES ( 
SEQ_FUNCTION.NEXTVAL, '0103', 'Secretariat', NULL, 2, 11, 1,  TO_Date( '02/21/2007 12:00:00 AM', 'MM/DD/YYYY HH:MI:SS AM')
,  TO_Date( '02/21/2007 12:00:00 AM', 'MM/DD/YYYY HH:MI:SS AM'), 1, 0, '01'); 
INSERT INTO FUNCTION ( ID, CODE, NAME, TYPE, LLEVEL, PARENTID, ISACTIVE, CREATED, LASTMODIFIED,
MODIFIEDBY, ISNOTLEAF, PARENTCODE ) VALUES ( 
SEQ_FUNCTION.NEXTVAL, '0201', 'General Administration', NULL, 2, 12, 1,  TO_Date( '02/21/2007 12:00:00 AM', 'MM/DD/YYYY HH:MI:SS AM')
,  TO_Date( '02/21/2007 12:00:00 AM', 'MM/DD/YYYY HH:MI:SS AM'), 1, 0, '02'); 
INSERT INTO FUNCTION ( ID, CODE, NAME, TYPE, LLEVEL, PARENTID, ISACTIVE, CREATED, LASTMODIFIED,
MODIFIEDBY, ISNOTLEAF, PARENTCODE ) VALUES ( 
SEQ_FUNCTION.NEXTVAL, '0202', 'Public Relations', NULL, 2, 12, 1,  TO_Date( '02/21/2007 12:00:00 AM', 'MM/DD/YYYY HH:MI:SS AM')
,  TO_Date( '02/21/2007 12:00:00 AM', 'MM/DD/YYYY HH:MI:SS AM'), 1, 0, '02'); 
INSERT INTO FUNCTION ( ID, CODE, NAME, TYPE, LLEVEL, PARENTID, ISACTIVE, CREATED, LASTMODIFIED,
MODIFIEDBY, ISNOTLEAF, PARENTCODE ) VALUES ( 
SEQ_FUNCTION.NEXTVAL, '0203', 'Information Technology', NULL, 2, 12, 1,  TO_Date( '02/21/2007 12:00:00 AM', 'MM/DD/YYYY HH:MI:SS AM')
,  TO_Date( '02/21/2007 12:00:00 AM', 'MM/DD/YYYY HH:MI:SS AM'), 1, 0, '02'); 
INSERT INTO FUNCTION ( ID, CODE, NAME, TYPE, LLEVEL, PARENTID, ISACTIVE, CREATED, LASTMODIFIED,
MODIFIEDBY, ISNOTLEAF, PARENTCODE ) VALUES ( 
SEQ_FUNCTION.NEXTVAL, '0204', 'Legal', NULL, 2, 12, 1,  TO_Date( '02/21/2007 12:00:00 AM', 'MM/DD/YYYY HH:MI:SS AM')
,  TO_Date( '02/21/2007 12:00:00 AM', 'MM/DD/YYYY HH:MI:SS AM'), 1, 0, '02'); 
INSERT INTO FUNCTION ( ID, CODE, NAME, TYPE, LLEVEL, PARENTID, ISACTIVE, CREATED, LASTMODIFIED,
MODIFIEDBY, ISNOTLEAF, PARENTCODE ) VALUES ( 
SEQ_FUNCTION.NEXTVAL, '0205', 'Vigilance', NULL, 2, 12, 1,  TO_Date( '02/21/2007 12:00:00 AM', 'MM/DD/YYYY HH:MI:SS AM')
,  TO_Date( '02/21/2007 12:00:00 AM', 'MM/DD/YYYY HH:MI:SS AM'), 1, 0, '02'); 
INSERT INTO FUNCTION ( ID, CODE, NAME, TYPE, LLEVEL, PARENTID, ISACTIVE, CREATED, LASTMODIFIED,
MODIFIEDBY, ISNOTLEAF, PARENTCODE ) VALUES ( 
SEQ_FUNCTION.NEXTVAL, '0301', 'Finance and Accounts', NULL, 2, 13, 1,  TO_Date( '02/21/2007 12:00:00 AM', 'MM/DD/YYYY HH:MI:SS AM')
,  TO_Date( '02/21/2007 12:00:00 AM', 'MM/DD/YYYY HH:MI:SS AM'), 1, 0, '03'); 
INSERT INTO FUNCTION ( ID, CODE, NAME, TYPE, LLEVEL, PARENTID, ISACTIVE, CREATED, LASTMODIFIED,
MODIFIEDBY, ISNOTLEAF, PARENTCODE ) VALUES ( 
SEQ_FUNCTION.NEXTVAL, '0302', 'Pre-Audit', NULL, 2, 13, 1,  TO_Date( '02/21/2007 12:00:00 AM', 'MM/DD/YYYY HH:MI:SS AM')
,  TO_Date( '02/21/2007 12:00:00 AM', 'MM/DD/YYYY HH:MI:SS AM'), 1, 0, '03'); 
INSERT INTO FUNCTION ( ID, CODE, NAME, TYPE, LLEVEL, PARENTID, ISACTIVE, CREATED, LASTMODIFIED,
MODIFIEDBY, ISNOTLEAF, PARENTCODE ) VALUES ( 
SEQ_FUNCTION.NEXTVAL, '0401', 'Local Body Elections ', NULL, 2, 14, 1,  TO_Date( '02/21/2007 12:00:00 AM', 'MM/DD/YYYY HH:MI:SS AM')
,  TO_Date( '02/21/2007 12:00:00 AM', 'MM/DD/YYYY HH:MI:SS AM'), 1, 0, '04'); 
INSERT INTO FUNCTION ( ID, CODE, NAME, TYPE, LLEVEL, PARENTID, ISACTIVE, CREATED, LASTMODIFIED,
MODIFIEDBY, ISNOTLEAF, PARENTCODE ) VALUES ( 
SEQ_FUNCTION.NEXTVAL, '0402', 'MP/MLA Elections', NULL, 2, 14, 1,  TO_Date( '02/21/2007 12:00:00 AM', 'MM/DD/YYYY HH:MI:SS AM')
,  TO_Date( '02/21/2007 12:00:00 AM', 'MM/DD/YYYY HH:MI:SS AM'), 1, 0, '04'); 
INSERT INTO FUNCTION ( ID, CODE, NAME, TYPE, LLEVEL, PARENTID, ISACTIVE, CREATED, LASTMODIFIED,
MODIFIEDBY, ISNOTLEAF, PARENTCODE ) VALUES ( 
SEQ_FUNCTION.NEXTVAL, '0500', 'Record Room', NULL, 2, 15, 1,  TO_Date( '02/21/2007 12:00:00 AM', 'MM/DD/YYYY HH:MI:SS AM')
,  TO_Date( '02/21/2007 12:00:00 AM', 'MM/DD/YYYY HH:MI:SS AM'), 1, 0, '05'); 
INSERT INTO FUNCTION ( ID, CODE, NAME, TYPE, LLEVEL, PARENTID, ISACTIVE, CREATED, LASTMODIFIED,
MODIFIEDBY, ISNOTLEAF, PARENTCODE ) VALUES ( 
SEQ_FUNCTION.NEXTVAL, '0600', 'Estate', NULL, 2, 16, 1,  TO_Date( '02/21/2007 12:00:00 AM', 'MM/DD/YYYY HH:MI:SS AM')
,  TO_Date( '02/21/2007 12:00:00 AM', 'MM/DD/YYYY HH:MI:SS AM'), 1, 0, '06'); 
INSERT INTO FUNCTION ( ID, CODE, NAME, TYPE, LLEVEL, PARENTID, ISACTIVE, CREATED, LASTMODIFIED,
MODIFIEDBY, ISNOTLEAF, PARENTCODE ) VALUES ( 
SEQ_FUNCTION.NEXTVAL, '0701', 'Purchase', NULL, 2, 17, 1,  TO_Date( '02/21/2007 12:00:00 AM', 'MM/DD/YYYY HH:MI:SS AM')
,  TO_Date( '02/21/2007 12:00:00 AM', 'MM/DD/YYYY HH:MI:SS AM'), 1, 0, '07'); 
INSERT INTO FUNCTION ( ID, CODE, NAME, TYPE, LLEVEL, PARENTID, ISACTIVE, CREATED, LASTMODIFIED,
MODIFIEDBY, ISNOTLEAF, PARENTCODE ) VALUES ( 
SEQ_FUNCTION.NEXTVAL, '0702', 'Stores ', NULL, 2, 17, 1,  TO_Date( '02/21/2007 12:00:00 AM', 'MM/DD/YYYY HH:MI:SS AM')
,  TO_Date( '02/21/2007 12:00:00 AM', 'MM/DD/YYYY HH:MI:SS AM'), 1, 0, '07'); 
INSERT INTO FUNCTION ( ID, CODE, NAME, TYPE, LLEVEL, PARENTID, ISACTIVE, CREATED, LASTMODIFIED,
MODIFIEDBY, ISNOTLEAF, PARENTCODE ) VALUES ( 
SEQ_FUNCTION.NEXTVAL, '0800', 'Workshop', NULL, 2, 18, 1,  TO_Date( '02/21/2007 12:00:00 AM', 'MM/DD/YYYY HH:MI:SS AM')
,  TO_Date( '02/21/2007 12:00:00 AM', 'MM/DD/YYYY HH:MI:SS AM'), 1, 0, '08'); 
INSERT INTO FUNCTION ( ID, CODE, NAME, TYPE, LLEVEL, PARENTID, ISACTIVE, CREATED, LASTMODIFIED,
MODIFIEDBY, ISNOTLEAF, PARENTCODE ) VALUES ( 
SEQ_FUNCTION.NEXTVAL, '0900', 'Census', NULL, 2, 19, 1,  TO_Date( '02/21/2007 12:00:00 AM', 'MM/DD/YYYY HH:MI:SS AM')
,  TO_Date( '02/21/2007 12:00:00 AM', 'MM/DD/YYYY HH:MI:SS AM'), 1, 0, '09'); 
INSERT INTO FUNCTION ( ID, CODE, NAME, TYPE, LLEVEL, PARENTID, ISACTIVE, CREATED, LASTMODIFIED,
MODIFIEDBY, ISNOTLEAF, PARENTCODE ) VALUES ( 
SEQ_FUNCTION.NEXTVAL, '1100', 'City and Town Planning', NULL, 2, 20, 1,  TO_Date( '02/21/2007 12:00:00 AM', 'MM/DD/YYYY HH:MI:SS AM')
,  TO_Date( '02/21/2007 12:00:00 AM', 'MM/DD/YYYY HH:MI:SS AM'), 1, 0, '11'); 
INSERT INTO FUNCTION ( ID, CODE, NAME, TYPE, LLEVEL, PARENTID, ISACTIVE, CREATED, LASTMODIFIED,
MODIFIEDBY, ISNOTLEAF, PARENTCODE ) VALUES ( 
SEQ_FUNCTION.NEXTVAL, '1200', 'Building Regulation', NULL, 2, 21, 1,  TO_Date( '02/21/2007 12:00:00 AM', 'MM/DD/YYYY HH:MI:SS AM')
,  TO_Date( '02/21/2007 12:00:00 AM', 'MM/DD/YYYY HH:MI:SS AM'), 1, 0, '12'); 
INSERT INTO FUNCTION ( ID, CODE, NAME, TYPE, LLEVEL, PARENTID, ISACTIVE, CREATED, LASTMODIFIED,
MODIFIEDBY, ISNOTLEAF, PARENTCODE ) VALUES ( 
SEQ_FUNCTION.NEXTVAL, '1300', 'Economic Planning', NULL, 2, 22, 1,  TO_Date( '02/21/2007 12:00:00 AM', 'MM/DD/YYYY HH:MI:SS AM')
,  TO_Date( '02/21/2007 12:00:00 AM', 'MM/DD/YYYY HH:MI:SS AM'), 1, 0, '13'); 
INSERT INTO FUNCTION ( ID, CODE, NAME, TYPE, LLEVEL, PARENTID, ISACTIVE, CREATED, LASTMODIFIED,
MODIFIEDBY, ISNOTLEAF, PARENTCODE ) VALUES ( 
SEQ_FUNCTION.NEXTVAL, '1400', 'Encroachment Removal', NULL, 2, 23, 1,  TO_Date( '02/21/2007 12:00:00 AM', 'MM/DD/YYYY HH:MI:SS AM')
,  TO_Date( '02/21/2007 12:00:00 AM', 'MM/DD/YYYY HH:MI:SS AM'), 1, 0, '14'); 
INSERT INTO FUNCTION ( ID, CODE, NAME, TYPE, LLEVEL, PARENTID, ISACTIVE, CREATED, LASTMODIFIED,
MODIFIEDBY, ISNOTLEAF, PARENTCODE ) VALUES ( 
SEQ_FUNCTION.NEXTVAL, '1500', 'Trade License / Regulations ', NULL, 2, 24, 1,  TO_Date( '02/21/2007 12:00:00 AM', 'MM/DD/YYYY HH:MI:SS AM')
,  TO_Date( '02/21/2007 12:00:00 AM', 'MM/DD/YYYY HH:MI:SS AM'), 1, 0, '15'); 
INSERT INTO FUNCTION ( ID, CODE, NAME, TYPE, LLEVEL, PARENTID, ISACTIVE, CREATED, LASTMODIFIED,
MODIFIEDBY, ISNOTLEAF, PARENTCODE ) VALUES ( 
SEQ_FUNCTION.NEXTVAL, '2100', 'Roads and Pavement', NULL, 2, 25, 1,  TO_Date( '02/21/2007 12:00:00 AM', 'MM/DD/YYYY HH:MI:SS AM')
,  TO_Date( '02/21/2007 12:00:00 AM', 'MM/DD/YYYY HH:MI:SS AM'), 1, 0, '21'); 
INSERT INTO FUNCTION ( ID, CODE, NAME, TYPE, LLEVEL, PARENTID, ISACTIVE, CREATED, LASTMODIFIED,
MODIFIEDBY, ISNOTLEAF, PARENTCODE ) VALUES ( 
SEQ_FUNCTION.NEXTVAL, '2200', 'Bridges and Fly-overs', NULL, 2, 26, 1,  TO_Date( '02/21/2007 12:00:00 AM', 'MM/DD/YYYY HH:MI:SS AM')
,  TO_Date( '02/21/2007 12:00:00 AM', 'MM/DD/YYYY HH:MI:SS AM'), 1, 0, '22'); 
INSERT INTO FUNCTION ( ID, CODE, NAME, TYPE, LLEVEL, PARENTID, ISACTIVE, CREATED, LASTMODIFIED,
MODIFIEDBY, ISNOTLEAF, PARENTCODE ) VALUES ( 
SEQ_FUNCTION.NEXTVAL, '2300', 'Subways and Causeways', NULL, 2, 27, 1,  TO_Date( '02/21/2007 12:00:00 AM', 'MM/DD/YYYY HH:MI:SS AM')
,  TO_Date( '02/21/2007 12:00:00 AM', 'MM/DD/YYYY HH:MI:SS AM'), 1, 0, '23'); 
INSERT INTO FUNCTION ( ID, CODE, NAME, TYPE, LLEVEL, PARENTID, ISACTIVE, CREATED, LASTMODIFIED,
MODIFIEDBY, ISNOTLEAF, PARENTCODE ) VALUES ( 
SEQ_FUNCTION.NEXTVAL, '2400', 'Street Lighting', NULL, 2, 28, 1,  TO_Date( '02/21/2007 12:00:00 AM', 'MM/DD/YYYY HH:MI:SS AM')
,  TO_Date( '02/21/2007 12:00:00 AM', 'MM/DD/YYYY HH:MI:SS AM'), 1, 0, '24'); 
INSERT INTO FUNCTION ( ID, CODE, NAME, TYPE, LLEVEL, PARENTID, ISACTIVE, CREATED, LASTMODIFIED,
MODIFIEDBY, ISNOTLEAF, PARENTCODE ) VALUES ( 
SEQ_FUNCTION.NEXTVAL, '2500', 'Storm water Drains', NULL, 2, 29, 1,  TO_Date( '02/21/2007 12:00:00 AM', 'MM/DD/YYYY HH:MI:SS AM')
,  TO_Date( '02/21/2007 12:00:00 AM', 'MM/DD/YYYY HH:MI:SS AM'), 1, 0, '25'); 
INSERT INTO FUNCTION ( ID, CODE, NAME, TYPE, LLEVEL, PARENTID, ISACTIVE, CREATED, LASTMODIFIED,
MODIFIEDBY, ISNOTLEAF, PARENTCODE ) VALUES ( 
SEQ_FUNCTION.NEXTVAL, '2600', 'Traffic Signals ', NULL, 2, 30, 1,  TO_Date( '02/21/2007 12:00:00 AM', 'MM/DD/YYYY HH:MI:SS AM')
,  TO_Date( '02/21/2007 12:00:00 AM', 'MM/DD/YYYY HH:MI:SS AM'), 1, 0, '26'); 
INSERT INTO FUNCTION ( ID, CODE, NAME, TYPE, LLEVEL, PARENTID, ISACTIVE, CREATED, LASTMODIFIED,
MODIFIEDBY, ISNOTLEAF, PARENTCODE ) VALUES ( 
SEQ_FUNCTION.NEXTVAL, '2700', 'Guest Houses', NULL, 2, 31, 1,  TO_Date( '02/21/2007 12:00:00 AM', 'MM/DD/YYYY HH:MI:SS AM')
,  TO_Date( '02/21/2007 12:00:00 AM', 'MM/DD/YYYY HH:MI:SS AM'), 1, 0, '27'); 
INSERT INTO FUNCTION ( ID, CODE, NAME, TYPE, LLEVEL, PARENTID, ISACTIVE, CREATED, LASTMODIFIED,
MODIFIEDBY, ISNOTLEAF, PARENTCODE ) VALUES ( 
SEQ_FUNCTION.NEXTVAL, '3100', 'Public Health', NULL, 2, 32, 1,  TO_Date( '02/21/2007 12:00:00 AM', 'MM/DD/YYYY HH:MI:SS AM')
,  TO_Date( '02/21/2007 12:00:00 AM', 'MM/DD/YYYY HH:MI:SS AM'), 1, 0, '31'); 
INSERT INTO FUNCTION ( ID, CODE, NAME, TYPE, LLEVEL, PARENTID, ISACTIVE, CREATED, LASTMODIFIED,
MODIFIEDBY, ISNOTLEAF, PARENTCODE ) VALUES ( 
SEQ_FUNCTION.NEXTVAL, '3200', 'Epidemic / Prevention Control ', NULL, 2, 33, 1,  TO_Date( '02/21/2007 12:00:00 AM', 'MM/DD/YYYY HH:MI:SS AM')
,  TO_Date( '02/21/2007 12:00:00 AM', 'MM/DD/YYYY HH:MI:SS AM'), 1, 0, '32'); 
INSERT INTO FUNCTION ( ID, CODE, NAME, TYPE, LLEVEL, PARENTID, ISACTIVE, CREATED, LASTMODIFIED,
MODIFIEDBY, ISNOTLEAF, PARENTCODE ) VALUES ( 
SEQ_FUNCTION.NEXTVAL, '3300', 'Family Planning', NULL, 2, 34, 1,  TO_Date( '02/21/2007 12:00:00 AM', 'MM/DD/YYYY HH:MI:SS AM')
,  TO_Date( '02/21/2007 12:00:00 AM', 'MM/DD/YYYY HH:MI:SS AM'), 1, 0, '33'); 
INSERT INTO FUNCTION ( ID, CODE, NAME, TYPE, LLEVEL, PARENTID, ISACTIVE, CREATED, LASTMODIFIED,
MODIFIEDBY, ISNOTLEAF, PARENTCODE ) VALUES ( 
SEQ_FUNCTION.NEXTVAL, '3400', 'Primary Health Care', NULL, 2, 35, 1,  TO_Date( '02/21/2007 12:00:00 AM', 'MM/DD/YYYY HH:MI:SS AM')
,  TO_Date( '02/21/2007 12:00:00 AM', 'MM/DD/YYYY HH:MI:SS AM'), 1, 0, '34'); 
INSERT INTO FUNCTION ( ID, CODE, NAME, TYPE, LLEVEL, PARENTID, ISACTIVE, CREATED, LASTMODIFIED,
MODIFIEDBY, ISNOTLEAF, PARENTCODE ) VALUES ( 
SEQ_FUNCTION.NEXTVAL, '3500', 'Hospital Services', NULL, 2, 36, 1,  TO_Date( '02/21/2007 12:00:00 AM', 'MM/DD/YYYY HH:MI:SS AM')
,  TO_Date( '02/21/2007 12:00:00 AM', 'MM/DD/YYYY HH:MI:SS AM'), 1, 0, '35'); 
INSERT INTO FUNCTION ( ID, CODE, NAME, TYPE, LLEVEL, PARENTID, ISACTIVE, CREATED, LASTMODIFIED,
MODIFIEDBY, ISNOTLEAF, PARENTCODE ) VALUES ( 
SEQ_FUNCTION.NEXTVAL, '3600', 'Burial and Cremations', NULL, 2, 37, 1,  TO_Date( '02/21/2007 12:00:00 AM', 'MM/DD/YYYY HH:MI:SS AM')
,  TO_Date( '02/21/2007 12:00:00 AM', 'MM/DD/YYYY HH:MI:SS AM'), 1, 0, '36'); 
INSERT INTO FUNCTION ( ID, CODE, NAME, TYPE, LLEVEL, PARENTID, ISACTIVE, CREATED, LASTMODIFIED,
MODIFIEDBY, ISNOTLEAF, PARENTCODE ) VALUES ( 
SEQ_FUNCTION.NEXTVAL, '3700', 'Vital Statistics', NULL, 2, 38, 1,  TO_Date( '02/21/2007 12:00:00 AM', 'MM/DD/YYYY HH:MI:SS AM')
,  TO_Date( '02/21/2007 12:00:00 AM', 'MM/DD/YYYY HH:MI:SS AM'), 1, 0, '37'); 
INSERT INTO FUNCTION ( ID, CODE, NAME, TYPE, LLEVEL, PARENTID, ISACTIVE, CREATED, LASTMODIFIED,
MODIFIEDBY, ISNOTLEAF, PARENTCODE ) VALUES ( 
SEQ_FUNCTION.NEXTVAL, '3800', 'Prevention of Food Adulteration', NULL, 2, 39, 1,  TO_Date( '02/21/2007 12:00:00 AM', 'MM/DD/YYYY HH:MI:SS AM')
,  TO_Date( '02/21/2007 12:00:00 AM', 'MM/DD/YYYY HH:MI:SS AM'), 1, 0, '38'); 
INSERT INTO FUNCTION ( ID, CODE, NAME, TYPE, LLEVEL, PARENTID, ISACTIVE, CREATED, LASTMODIFIED,
MODIFIEDBY, ISNOTLEAF, PARENTCODE ) VALUES ( 
SEQ_FUNCTION.NEXTVAL, '3900', 'Ambulance / Hearse Services', NULL, 2, 40, 1,  TO_Date( '02/21/2007 12:00:00 AM', 'MM/DD/YYYY HH:MI:SS AM')
,  TO_Date( '02/21/2007 12:00:00 AM', 'MM/DD/YYYY HH:MI:SS AM'), 1, 0, '39'); 
INSERT INTO FUNCTION ( ID, CODE, NAME, TYPE, LLEVEL, PARENTID, ISACTIVE, CREATED, LASTMODIFIED,
MODIFIEDBY, ISNOTLEAF, PARENTCODE ) VALUES ( 
SEQ_FUNCTION.NEXTVAL, '4100', 'Solid Waste Management', NULL, 2, 41, 1,  TO_Date( '02/21/2007 12:00:00 AM', 'MM/DD/YYYY HH:MI:SS AM')
,  TO_Date( '02/21/2007 12:00:00 AM', 'MM/DD/YYYY HH:MI:SS AM'), 1, 0, '41'); 
INSERT INTO FUNCTION ( ID, CODE, NAME, TYPE, LLEVEL, PARENTID, ISACTIVE, CREATED, LASTMODIFIED,
MODIFIEDBY, ISNOTLEAF, PARENTCODE ) VALUES ( 
SEQ_FUNCTION.NEXTVAL, '4200', 'Public Convenience', NULL, 2, 42, 1,  TO_Date( '02/21/2007 12:00:00 AM', 'MM/DD/YYYY HH:MI:SS AM')
,  TO_Date( '02/21/2007 12:00:00 AM', 'MM/DD/YYYY HH:MI:SS AM'), 1, 0, '42'); 
INSERT INTO FUNCTION ( ID, CODE, NAME, TYPE, LLEVEL, PARENTID, ISACTIVE, CREATED, LASTMODIFIED,
MODIFIEDBY, ISNOTLEAF, PARENTCODE ) VALUES ( 
SEQ_FUNCTION.NEXTVAL, '4300', 'Veterinary Services ', NULL, 2, 43, 1,  TO_Date( '02/21/2007 12:00:00 AM', 'MM/DD/YYYY HH:MI:SS AM')
,  TO_Date( '02/21/2007 12:00:00 AM', 'MM/DD/YYYY HH:MI:SS AM'), 1, 0, '43'); 
INSERT INTO FUNCTION ( ID, CODE, NAME, TYPE, LLEVEL, PARENTID, ISACTIVE, CREATED, LASTMODIFIED,
MODIFIEDBY, ISNOTLEAF, PARENTCODE ) VALUES ( 
SEQ_FUNCTION.NEXTVAL, '4400', 'Cattle Pounding', NULL, 2, 44, 1,  TO_Date( '02/21/2007 12:00:00 AM', 'MM/DD/YYYY HH:MI:SS AM')
,  TO_Date( '02/21/2007 12:00:00 AM', 'MM/DD/YYYY HH:MI:SS AM'), 1, 0, '44'); 
INSERT INTO FUNCTION ( ID, CODE, NAME, TYPE, LLEVEL, PARENTID, ISACTIVE, CREATED, LASTMODIFIED,
MODIFIEDBY, ISNOTLEAF, PARENTCODE ) VALUES ( 
SEQ_FUNCTION.NEXTVAL, '4500', 'Slaughter Houses', NULL, 2, 45, 1,  TO_Date( '02/21/2007 12:00:00 AM', 'MM/DD/YYYY HH:MI:SS AM')
,  TO_Date( '02/21/2007 12:00:00 AM', 'MM/DD/YYYY HH:MI:SS AM'), 1, 0, '45'); 
INSERT INTO FUNCTION ( ID, CODE, NAME, TYPE, LLEVEL, PARENTID, ISACTIVE, CREATED, LASTMODIFIED,
MODIFIEDBY, ISNOTLEAF, PARENTCODE ) VALUES ( 
SEQ_FUNCTION.NEXTVAL, '5100', 'Water Supply', NULL, 2, 46, 1,  TO_Date( '02/21/2007 12:00:00 AM', 'MM/DD/YYYY HH:MI:SS AM')
,  TO_Date( '02/21/2007 12:00:00 AM', 'MM/DD/YYYY HH:MI:SS AM'), 1, 0, '51'); 
INSERT INTO FUNCTION ( ID, CODE, NAME, TYPE, LLEVEL, PARENTID, ISACTIVE, CREATED, LASTMODIFIED,
MODIFIEDBY, ISNOTLEAF, PARENTCODE ) VALUES ( 
SEQ_FUNCTION.NEXTVAL, '5200', 'Sewerage', NULL, 2, 47, 1,  TO_Date( '02/21/2007 12:00:00 AM', 'MM/DD/YYYY HH:MI:SS AM')
,  TO_Date( '02/21/2007 12:00:00 AM', 'MM/DD/YYYY HH:MI:SS AM'), 1, 0, '52'); 
INSERT INTO FUNCTION ( ID, CODE, NAME, TYPE, LLEVEL, PARENTID, ISACTIVE, CREATED, LASTMODIFIED,
MODIFIEDBY, ISNOTLEAF, PARENTCODE ) VALUES ( 
SEQ_FUNCTION.NEXTVAL, '5300', 'Fire Services', NULL, 2, 48, 1,  TO_Date( '02/21/2007 12:00:00 AM', 'MM/DD/YYYY HH:MI:SS AM')
,  TO_Date( '02/21/2007 12:00:00 AM', 'MM/DD/YYYY HH:MI:SS AM'), 1, 0, '53'); 
INSERT INTO FUNCTION ( ID, CODE, NAME, TYPE, LLEVEL, PARENTID, ISACTIVE, CREATED, LASTMODIFIED,
MODIFIEDBY, ISNOTLEAF, PARENTCODE ) VALUES ( 
SEQ_FUNCTION.NEXTVAL, '5400', 'Arts and Culture', NULL, 2, 49, 1,  TO_Date( '02/21/2007 12:00:00 AM', 'MM/DD/YYYY HH:MI:SS AM')
,  TO_Date( '02/21/2007 12:00:00 AM', 'MM/DD/YYYY HH:MI:SS AM'), 1, 0, '54'); 
INSERT INTO FUNCTION ( ID, CODE, NAME, TYPE, LLEVEL, PARENTID, ISACTIVE, CREATED, LASTMODIFIED,
MODIFIEDBY, ISNOTLEAF, PARENTCODE ) VALUES ( 
SEQ_FUNCTION.NEXTVAL, '5500', 'Community / Marriage Centers', NULL, 2, 50, 1,  TO_Date( '02/21/2007 12:00:00 AM', 'MM/DD/YYYY HH:MI:SS AM')
,  TO_Date( '02/21/2007 12:00:00 AM', 'MM/DD/YYYY HH:MI:SS AM'), 1, 0, '55'); 
INSERT INTO FUNCTION ( ID, CODE, NAME, TYPE, LLEVEL, PARENTID, ISACTIVE, CREATED, LASTMODIFIED,
MODIFIEDBY, ISNOTLEAF, PARENTCODE ) VALUES ( 
SEQ_FUNCTION.NEXTVAL, '5600', 'Amusement', NULL, 2, 51, 1,  TO_Date( '02/21/2007 12:00:00 AM', 'MM/DD/YYYY HH:MI:SS AM')
,  TO_Date( '02/21/2007 12:00:00 AM', 'MM/DD/YYYY HH:MI:SS AM'), 1, 0, '56'); 
INSERT INTO FUNCTION ( ID, CODE, NAME, TYPE, LLEVEL, PARENTID, ISACTIVE, CREATED, LASTMODIFIED,
MODIFIEDBY, ISNOTLEAF, PARENTCODE ) VALUES ( 
SEQ_FUNCTION.NEXTVAL, '5700', 'Museums', NULL, 2, 52, 1,  TO_Date( '02/21/2007 12:00:00 AM', 'MM/DD/YYYY HH:MI:SS AM')
,  TO_Date( '02/21/2007 12:00:00 AM', 'MM/DD/YYYY HH:MI:SS AM'), 1, 0, '57'); 
INSERT INTO FUNCTION ( ID, CODE, NAME, TYPE, LLEVEL, PARENTID, ISACTIVE, CREATED, LASTMODIFIED,
MODIFIEDBY, ISNOTLEAF, PARENTCODE ) VALUES ( 
SEQ_FUNCTION.NEXTVAL, '5800', 'Municipal Markets', NULL, 2, 53, 1,  TO_Date( '02/21/2007 12:00:00 AM', 'MM/DD/YYYY HH:MI:SS AM')
,  TO_Date( '02/21/2007 12:00:00 AM', 'MM/DD/YYYY HH:MI:SS AM'), 1, 0, '58'); 
INSERT INTO FUNCTION ( ID, CODE, NAME, TYPE, LLEVEL, PARENTID, ISACTIVE, CREATED, LASTMODIFIED,
MODIFIEDBY, ISNOTLEAF, PARENTCODE ) VALUES ( 
SEQ_FUNCTION.NEXTVAL, '6100', 'Parks and Gardens', NULL, 2, 54, 1,  TO_Date( '02/21/2007 12:00:00 AM', 'MM/DD/YYYY HH:MI:SS AM')
,  TO_Date( '02/21/2007 12:00:00 AM', 'MM/DD/YYYY HH:MI:SS AM'), 1, 0, '61'); 
INSERT INTO FUNCTION ( ID, CODE, NAME, TYPE, LLEVEL, PARENTID, ISACTIVE, CREATED, LASTMODIFIED,
MODIFIEDBY, ISNOTLEAF, PARENTCODE ) VALUES ( 
SEQ_FUNCTION.NEXTVAL, '6200', 'Play Grounds', NULL, 2, 55, 1,  TO_Date( '02/21/2007 12:00:00 AM', 'MM/DD/YYYY HH:MI:SS AM')
,  TO_Date( '02/21/2007 12:00:00 AM', 'MM/DD/YYYY HH:MI:SS AM'), 1, 0, '62'); 
INSERT INTO FUNCTION ( ID, CODE, NAME, TYPE, LLEVEL, PARENTID, ISACTIVE, CREATED, LASTMODIFIED,
MODIFIEDBY, ISNOTLEAF, PARENTCODE ) VALUES ( 
SEQ_FUNCTION.NEXTVAL, '6300', 'Lakes and Ponds', NULL, 2, 56, 1,  TO_Date( '02/21/2007 12:00:00 AM', 'MM/DD/YYYY HH:MI:SS AM')
,  TO_Date( '02/21/2007 12:00:00 AM', 'MM/DD/YYYY HH:MI:SS AM'), 1, 0, '63'); 
INSERT INTO FUNCTION ( ID, CODE, NAME, TYPE, LLEVEL, PARENTID, ISACTIVE, CREATED, LASTMODIFIED,
MODIFIEDBY, ISNOTLEAF, PARENTCODE ) VALUES ( 
SEQ_FUNCTION.NEXTVAL, '6400', 'Urban Forestry', NULL, 2, 57, 1,  TO_Date( '02/21/2007 12:00:00 AM', 'MM/DD/YYYY HH:MI:SS AM')
,  TO_Date( '02/21/2007 12:00:00 AM', 'MM/DD/YYYY HH:MI:SS AM'), 1, 0, '64'); 
INSERT INTO FUNCTION ( ID, CODE, NAME, TYPE, LLEVEL, PARENTID, ISACTIVE, CREATED, LASTMODIFIED,
MODIFIEDBY, ISNOTLEAF, PARENTCODE ) VALUES ( 
SEQ_FUNCTION.NEXTVAL, '6500', 'Environment Conservation', NULL, 2, 58, 1,  TO_Date( '02/21/2007 12:00:00 AM', 'MM/DD/YYYY HH:MI:SS AM')
,  TO_Date( '02/21/2007 12:00:00 AM', 'MM/DD/YYYY HH:MI:SS AM'), 1, 0, '65'); 
INSERT INTO FUNCTION ( ID, CODE, NAME, TYPE, LLEVEL, PARENTID, ISACTIVE, CREATED, LASTMODIFIED,
MODIFIEDBY, ISNOTLEAF, PARENTCODE ) VALUES ( 
SEQ_FUNCTION.NEXTVAL, '6600', 'Zoos', NULL, 2, 59, 1,  TO_Date( '02/21/2007 12:00:00 AM', 'MM/DD/YYYY HH:MI:SS AM')
,  TO_Date( '02/21/2007 12:00:00 AM', 'MM/DD/YYYY HH:MI:SS AM'), 1, 0, '66'); 
INSERT INTO FUNCTION ( ID, CODE, NAME, TYPE, LLEVEL, PARENTID, ISACTIVE, CREATED, LASTMODIFIED,
MODIFIEDBY, ISNOTLEAF, PARENTCODE ) VALUES ( 
SEQ_FUNCTION.NEXTVAL, '7100', 'Welfare of Women', NULL, 2, 60, 1,  TO_Date( '02/21/2007 12:00:00 AM', 'MM/DD/YYYY HH:MI:SS AM')
,  TO_Date( '02/21/2007 12:00:00 AM', 'MM/DD/YYYY HH:MI:SS AM'), 1, 0, '71'); 
INSERT INTO FUNCTION ( ID, CODE, NAME, TYPE, LLEVEL, PARENTID, ISACTIVE, CREATED, LASTMODIFIED,
MODIFIEDBY, ISNOTLEAF, PARENTCODE ) VALUES ( 
SEQ_FUNCTION.NEXTVAL, '7200', 'Welfare of Children', NULL, 2, 61, 1,  TO_Date( '02/21/2007 12:00:00 AM', 'MM/DD/YYYY HH:MI:SS AM')
,  TO_Date( '02/21/2007 12:00:00 AM', 'MM/DD/YYYY HH:MI:SS AM'), 1, 0, '72'); 
INSERT INTO FUNCTION ( ID, CODE, NAME, TYPE, LLEVEL, PARENTID, ISACTIVE, CREATED, LASTMODIFIED,
MODIFIEDBY, ISNOTLEAF, PARENTCODE ) VALUES ( 
SEQ_FUNCTION.NEXTVAL, '7300', 'Welfare of Aged', NULL, 2, 62, 1,  TO_Date( '02/21/2007 12:00:00 AM', 'MM/DD/YYYY HH:MI:SS AM')
,  TO_Date( '02/21/2007 12:00:00 AM', 'MM/DD/YYYY HH:MI:SS AM'), 1, 0, '73'); 
INSERT INTO FUNCTION ( ID, CODE, NAME, TYPE, LLEVEL, PARENTID, ISACTIVE, CREATED, LASTMODIFIED,
MODIFIEDBY, ISNOTLEAF, PARENTCODE ) VALUES ( 
SEQ_FUNCTION.NEXTVAL, '7400', 'Welfare of Handicapped', NULL, 2, 63, 1,  TO_Date( '02/21/2007 12:00:00 AM', 'MM/DD/YYYY HH:MI:SS AM')
,  TO_Date( '02/21/2007 12:00:00 AM', 'MM/DD/YYYY HH:MI:SS AM'), 1, 0, '74'); 
INSERT INTO FUNCTION ( ID, CODE, NAME, TYPE, LLEVEL, PARENTID, ISACTIVE, CREATED, LASTMODIFIED,
MODIFIEDBY, ISNOTLEAF, PARENTCODE ) VALUES ( 
SEQ_FUNCTION.NEXTVAL, '7500', 'Welfare of SC/ST/OBC', NULL, 2, 64, 1,  TO_Date( '02/21/2007 12:00:00 AM', 'MM/DD/YYYY HH:MI:SS AM')
,  TO_Date( '02/21/2007 12:00:00 AM', 'MM/DD/YYYY HH:MI:SS AM'), 1, 0, '75'); 
INSERT INTO FUNCTION ( ID, CODE, NAME, TYPE, LLEVEL, PARENTID, ISACTIVE, CREATED, LASTMODIFIED,
MODIFIEDBY, ISNOTLEAF, PARENTCODE ) VALUES ( 
SEQ_FUNCTION.NEXTVAL, '7600', 'Slum Improvements', NULL, 2, 65, 1,  TO_Date( '02/21/2007 12:00:00 AM', 'MM/DD/YYYY HH:MI:SS AM')
,  TO_Date( '02/21/2007 12:00:00 AM', 'MM/DD/YYYY HH:MI:SS AM'), 1, 0, '76'); 
INSERT INTO FUNCTION ( ID, CODE, NAME, TYPE, LLEVEL, PARENTID, ISACTIVE, CREATED, LASTMODIFIED,
MODIFIEDBY, ISNOTLEAF, PARENTCODE ) VALUES ( 
SEQ_FUNCTION.NEXTVAL, '7700', 'Housing', NULL, 2, 66, 1,  TO_Date( '02/21/2007 12:00:00 AM', 'MM/DD/YYYY HH:MI:SS AM')
,  TO_Date( '02/21/2007 12:00:00 AM', 'MM/DD/YYYY HH:MI:SS AM'), 1, 0, '77'); 
INSERT INTO FUNCTION ( ID, CODE, NAME, TYPE, LLEVEL, PARENTID, ISACTIVE, CREATED, LASTMODIFIED,
MODIFIEDBY, ISNOTLEAF, PARENTCODE ) VALUES ( 
SEQ_FUNCTION.NEXTVAL, '7800', 'Urban Poverty Alleviation', NULL, 2, 67, 1,  TO_Date( '02/21/2007 12:00:00 AM', 'MM/DD/YYYY HH:MI:SS AM')
,  TO_Date( '02/21/2007 12:00:00 AM', 'MM/DD/YYYY HH:MI:SS AM'), 1, 0, '78'); 
INSERT INTO FUNCTION ( ID, CODE, NAME, TYPE, LLEVEL, PARENTID, ISACTIVE, CREATED, LASTMODIFIED,
MODIFIEDBY, ISNOTLEAF, PARENTCODE ) VALUES ( 
SEQ_FUNCTION.NEXTVAL, '7900', 'Others ', NULL, 2, 68, 1,  TO_Date( '02/21/2007 12:00:00 AM', 'MM/DD/YYYY HH:MI:SS AM')
,  TO_Date( '02/21/2007 12:00:00 AM', 'MM/DD/YYYY HH:MI:SS AM'), 1, 0, '79'); 
INSERT INTO FUNCTION ( ID, CODE, NAME, TYPE, LLEVEL, PARENTID, ISACTIVE, CREATED, LASTMODIFIED,
MODIFIEDBY, ISNOTLEAF, PARENTCODE ) VALUES ( 
SEQ_FUNCTION.NEXTVAL, '8100', 'Electricity', NULL, 2, 69, 1,  TO_Date( '02/21/2007 12:00:00 AM', 'MM/DD/YYYY HH:MI:SS AM')
,  TO_Date( '02/21/2007 12:00:00 AM', 'MM/DD/YYYY HH:MI:SS AM'), 1, 0, '81'); 
INSERT INTO FUNCTION ( ID, CODE, NAME, TYPE, LLEVEL, PARENTID, ISACTIVE, CREATED, LASTMODIFIED,
MODIFIEDBY, ISNOTLEAF, PARENTCODE ) VALUES ( 
SEQ_FUNCTION.NEXTVAL, '8201', 'Primary Education', NULL, 2, 70, 1,  TO_Date( '02/21/2007 12:00:00 AM', 'MM/DD/YYYY HH:MI:SS AM')
,  TO_Date( '02/21/2007 12:00:00 AM', 'MM/DD/YYYY HH:MI:SS AM'), 1, 0, '82'); 
INSERT INTO FUNCTION ( ID, CODE, NAME, TYPE, LLEVEL, PARENTID, ISACTIVE, CREATED, LASTMODIFIED,
MODIFIEDBY, ISNOTLEAF, PARENTCODE ) VALUES ( 
SEQ_FUNCTION.NEXTVAL, '8300', 'Transportation', NULL, 2, 71, 1,  TO_Date( '02/21/2007 12:00:00 AM', 'MM/DD/YYYY HH:MI:SS AM')
,  TO_Date( '02/21/2007 12:00:00 AM', 'MM/DD/YYYY HH:MI:SS AM'), 1, 0, '83'); 
INSERT INTO FUNCTION ( ID, CODE, NAME, TYPE, LLEVEL, PARENTID, ISACTIVE, CREATED, LASTMODIFIED,
MODIFIEDBY, ISNOTLEAF, PARENTCODE ) VALUES ( 
SEQ_FUNCTION.NEXTVAL, '8400', 'Facility for pilgrims', NULL, 2, 72, 1,  TO_Date( '02/21/2007 12:00:00 AM', 'MM/DD/YYYY HH:MI:SS AM')
,  TO_Date( '02/21/2007 12:00:00 AM', 'MM/DD/YYYY HH:MI:SS AM'), 1, 0, '84'); 
INSERT INTO FUNCTION ( ID, CODE, NAME, TYPE, LLEVEL, PARENTID, ISACTIVE, CREATED, LASTMODIFIED,
MODIFIEDBY, ISNOTLEAF, PARENTCODE ) VALUES ( 
SEQ_FUNCTION.NEXTVAL, '9100', 'Property Taxes', NULL, 2, 73, 1,  TO_Date( '02/21/2007 12:00:00 AM', 'MM/DD/YYYY HH:MI:SS AM')
,  TO_Date( '02/21/2007 12:00:00 AM', 'MM/DD/YYYY HH:MI:SS AM'), 1, 0, '91'); 
INSERT INTO FUNCTION ( ID, CODE, NAME, TYPE, LLEVEL, PARENTID, ISACTIVE, CREATED, LASTMODIFIED,
MODIFIEDBY, ISNOTLEAF, PARENTCODE ) VALUES ( 
SEQ_FUNCTION.NEXTVAL, '9200', 'Octroi / Entry Cess', NULL, 2, 74, 1,  TO_Date( '02/21/2007 12:00:00 AM', 'MM/DD/YYYY HH:MI:SS AM')
,  TO_Date( '02/21/2007 12:00:00 AM', 'MM/DD/YYYY HH:MI:SS AM'), 1, 0, '92'); 
INSERT INTO FUNCTION ( ID, CODE, NAME, TYPE, LLEVEL, PARENTID, ISACTIVE, CREATED, LASTMODIFIED,
MODIFIEDBY, ISNOTLEAF, PARENTCODE ) VALUES ( 
SEQ_FUNCTION.NEXTVAL, '9300', 'Advertisement Tax', NULL, 2, 75, 1,  TO_Date( '02/21/2007 12:00:00 AM', 'MM/DD/YYYY HH:MI:SS AM')
,  TO_Date( '02/21/2007 12:00:00 AM', 'MM/DD/YYYY HH:MI:SS AM'), 1, 0, '93'); 
INSERT INTO FUNCTION ( ID, CODE, NAME, TYPE, LLEVEL, PARENTID, ISACTIVE, CREATED, LASTMODIFIED,
MODIFIEDBY, ISNOTLEAF, PARENTCODE ) VALUES ( 
SEQ_FUNCTION.NEXTVAL, '9400', 'Professional Tax', NULL, 2, 76, 1,  TO_Date( '02/21/2007 12:00:00 AM', 'MM/DD/YYYY HH:MI:SS AM')
,  TO_Date( '02/21/2007 12:00:00 AM', 'MM/DD/YYYY HH:MI:SS AM'), 1, 0, '94'); 
INSERT INTO FUNCTION ( ID, CODE, NAME, TYPE, LLEVEL, PARENTID, ISACTIVE, CREATED, LASTMODIFIED,
MODIFIEDBY, ISNOTLEAF, PARENTCODE ) VALUES ( 
SEQ_FUNCTION.NEXTVAL, '9500', 'Tax on Animals', NULL, 2, 77, 1,  TO_Date( '02/21/2007 12:00:00 AM', 'MM/DD/YYYY HH:MI:SS AM')
,  TO_Date( '02/21/2007 12:00:00 AM', 'MM/DD/YYYY HH:MI:SS AM'), 1, 0, '95'); 
INSERT INTO FUNCTION ( ID, CODE, NAME, TYPE, LLEVEL, PARENTID, ISACTIVE, CREATED, LASTMODIFIED,
MODIFIEDBY, ISNOTLEAF, PARENTCODE ) VALUES ( 
SEQ_FUNCTION.NEXTVAL, '9600', 'Tax on Vehicles', NULL, 2, 78, 1,  TO_Date( '02/21/2007 12:00:00 AM', 'MM/DD/YYYY HH:MI:SS AM')
,  TO_Date( '02/21/2007 12:00:00 AM', 'MM/DD/YYYY HH:MI:SS AM'), 1, 0, '96'); 
INSERT INTO FUNCTION ( ID, CODE, NAME, TYPE, LLEVEL, PARENTID, ISACTIVE, CREATED, LASTMODIFIED,
MODIFIEDBY, ISNOTLEAF, PARENTCODE ) VALUES ( 
SEQ_FUNCTION.NEXTVAL, '9700', 'Toll', NULL, 2, 79, 1,  TO_Date( '02/21/2007 12:00:00 AM', 'MM/DD/YYYY HH:MI:SS AM')
,  TO_Date( '02/21/2007 12:00:00 AM', 'MM/DD/YYYY HH:MI:SS AM'), 1, 0, '97'); 
INSERT INTO FUNCTION ( ID, CODE, NAME, TYPE, LLEVEL, PARENTID, ISACTIVE, CREATED, LASTMODIFIED,
MODIFIEDBY, ISNOTLEAF, PARENTCODE ) VALUES ( 
SEQ_FUNCTION.NEXTVAL, '9900', 'Other Taxes', NULL, 2, 80, 1,  TO_Date( '02/21/2007 12:00:00 AM', 'MM/DD/YYYY HH:MI:SS AM')
,  TO_Date( '02/21/2007 12:00:00 AM', 'MM/DD/YYYY HH:MI:SS AM'), 1, 0, '99'); 
COMMIT;

INSERT INTO FUNCTIONARY ( ID, NAME, CODE, CREATETIMESTAMP, UPDATETIMESTAMP,
ISACTIVE ) VALUES ( 
SEQ_FUNCTIONARY.NEXTVAL, 'SRI TVR MCELES DURGAPURAM', 83,  TO_Date( '02/26/2008 12:59:16 PM', 'MM/DD/YYYY HH:MI:SS AM')
,  TO_Date( '02/26/2008 12:59:16 PM', 'MM/DD/YYYY HH:MI:SS AM'), 1); 
INSERT INTO FUNCTIONARY ( ID, NAME, CODE, CREATETIMESTAMP, UPDATETIMESTAMP,
ISACTIVE ) VALUES ( 
SEQ_FUNCTIONARY.NEXTVAL, 'MK.BAIG MCES. A.S.NAGAR', 84,  TO_Date( '02/26/2008 12:59:16 PM', 'MM/DD/YYYY HH:MI:SS AM')
,  TO_Date( '02/26/2008 12:59:16 PM', 'MM/DD/YYYY HH:MI:SS AM'), 1); 
INSERT INTO FUNCTIONARY ( ID, NAME, CODE, CREATETIMESTAMP, UPDATETIMESTAMP,
ISACTIVE ) VALUES ( 
SEQ_FUNCTIONARY.NEXTVAL, 'S.T.R.M.S.M.C.U.P.S. S.N.PURAM', 85,  TO_Date( '02/26/2008 12:59:16 PM', 'MM/DD/YYYY HH:MI:SS AM')
,  TO_Date( '02/26/2008 12:59:16 PM', 'MM/DD/YYYY HH:MI:SS AM'), 1); 
COMMIT;


INSERT INTO FUND ( ID, CODE, NAME, LLEVEL, PARENTID, OPENINGDEBITBALANCE, OPENINGCREDITBALANCE,
TRANSACTIONDEBITAMOUNT, TRANSACTIONCREDITAMOUNT, ISACTIVE, LASTMODIFIED, CREATED, MODIFIEDBY,
ISNOTLEAF, IDENTIFIER, PURPOSE_ID, PAYGLCODEID, RECVGLCODEID ) VALUES ( 
8, '01', 'General Municipal Fund', 0, NULL, 0, 0, 0, 0, 1,  TO_Date( '03/20/2007 09:14:16 PM', 'MM/DD/YYYY HH:MI:SS AM')
,  TO_Date( '02/14/2007 01:17:53 AM', 'MM/DD/YYYY HH:MI:SS AM'), 1, 1, 'O', 12, NULL
, NULL); 
INSERT INTO FUND ( ID, CODE, NAME, LLEVEL, PARENTID, OPENINGDEBITBALANCE, OPENINGCREDITBALANCE,
TRANSACTIONDEBITAMOUNT, TRANSACTIONCREDITAMOUNT, ISACTIVE, LASTMODIFIED, CREATED, MODIFIEDBY,
ISNOTLEAF, IDENTIFIER, PURPOSE_ID, PAYGLCODEID, RECVGLCODEID ) VALUES ( 
9, '02', 'Enterprise Funds', 0, NULL, 0, 0, 0, 0, 1,  TO_Date( '02/14/2007 01:18:05 AM', 'MM/DD/YYYY HH:MI:SS AM')
,  TO_Date( '02/14/2007 01:18:05 AM', 'MM/DD/YYYY HH:MI:SS AM'), 1, 1, 'O', 12, NULL
, NULL); 
INSERT INTO FUND ( ID, CODE, NAME, LLEVEL, PARENTID, OPENINGDEBITBALANCE, OPENINGCREDITBALANCE,
TRANSACTIONDEBITAMOUNT, TRANSACTIONCREDITAMOUNT, ISACTIVE, LASTMODIFIED, CREATED, MODIFIEDBY,
ISNOTLEAF, IDENTIFIER, PURPOSE_ID, PAYGLCODEID, RECVGLCODEID ) VALUES ( 
10, '03', 'Fiduciary Fund', 0, NULL, 0, 0, 0, 0, 1,  TO_Date( '02/14/2007 01:18:16 AM', 'MM/DD/YYYY HH:MI:SS AM')
,  TO_Date( '02/14/2007 01:18:16 AM', 'MM/DD/YYYY HH:MI:SS AM'), 1, 1, 'O', 12, NULL
, NULL); 
INSERT INTO FUND ( ID, CODE, NAME, LLEVEL, PARENTID, OPENINGDEBITBALANCE, OPENINGCREDITBALANCE,
TRANSACTIONDEBITAMOUNT, TRANSACTIONCREDITAMOUNT, ISACTIVE, LASTMODIFIED, CREATED, MODIFIEDBY,
ISNOTLEAF, IDENTIFIER, PURPOSE_ID, PAYGLCODEID, RECVGLCODEID ) VALUES ( 
11, '0101', 'Municipal General Fund', 1, 8, 0, 0, 0, 280029817.9, 1,  TO_Date( '04/01/2007 10:54:39 PM', 'MM/DD/YYYY HH:MI:SS AM')
,  TO_Date( '02/14/2007 01:18:43 AM', 'MM/DD/YYYY HH:MI:SS AM'), 1, 0, 'M', 12, 1163
, NULL); 
INSERT INTO FUND ( ID, CODE, NAME, LLEVEL, PARENTID, OPENINGDEBITBALANCE, OPENINGCREDITBALANCE,
TRANSACTIONDEBITAMOUNT, TRANSACTIONCREDITAMOUNT, ISACTIVE, LASTMODIFIED, CREATED, MODIFIEDBY,
ISNOTLEAF, IDENTIFIER, PURPOSE_ID, PAYGLCODEID, RECVGLCODEID ) VALUES ( 
12, '0102', 'Capital Projects Fund', 1, 8, 0, 0, -14400, 68263.35, 1,  TO_Date( '03/08/2008 10:34:30 AM', 'MM/DD/YYYY HH:MI:SS AM')
,  TO_Date( '02/14/2007 01:18:58 AM', 'MM/DD/YYYY HH:MI:SS AM'), 51, 0, 'C', 12, 1163
, NULL); 
INSERT INTO FUND ( ID, CODE, NAME, LLEVEL, PARENTID, OPENINGDEBITBALANCE, OPENINGCREDITBALANCE,
TRANSACTIONDEBITAMOUNT, TRANSACTIONCREDITAMOUNT, ISACTIVE, LASTMODIFIED, CREATED, MODIFIEDBY,
ISNOTLEAF, IDENTIFIER, PURPOSE_ID, PAYGLCODEID, RECVGLCODEID ) VALUES ( 
13, '0103', 'Urban Poverty Alleviation Fund', 1, 8, 0, 0, 0, 48580, 1,  TO_Date( '02/14/2007 01:19:22 AM', 'MM/DD/YYYY HH:MI:SS AM')
,  TO_Date( '02/14/2007 01:19:22 AM', 'MM/DD/YYYY HH:MI:SS AM'), 1, 0, 'U', 12, NULL
, NULL); 
INSERT INTO FUND ( ID, CODE, NAME, LLEVEL, PARENTID, OPENINGDEBITBALANCE, OPENINGCREDITBALANCE,
TRANSACTIONDEBITAMOUNT, TRANSACTIONCREDITAMOUNT, ISACTIVE, LASTMODIFIED, CREATED, MODIFIEDBY,
ISNOTLEAF, IDENTIFIER, PURPOSE_ID, PAYGLCODEID, RECVGLCODEID ) VALUES ( 
14, '0104', 'Debt Service Fund', 1, 8, 0, 0, 0, -1390, 0,  TO_Date( '05/17/2008 03:34:10 PM', 'MM/DD/YYYY HH:MI:SS AM')
,  TO_Date( '02/14/2007 01:19:40 AM', 'MM/DD/YYYY HH:MI:SS AM'), 51, 0, 'D', 12, 1163
, NULL); 
INSERT INTO FUND ( ID, CODE, NAME, LLEVEL, PARENTID, OPENINGDEBITBALANCE, OPENINGCREDITBALANCE,
TRANSACTIONDEBITAMOUNT, TRANSACTIONCREDITAMOUNT, ISACTIVE, LASTMODIFIED, CREATED, MODIFIEDBY,
ISNOTLEAF, IDENTIFIER, PURPOSE_ID, PAYGLCODEID, RECVGLCODEID ) VALUES ( 
15, '0201', 'Primary Education Fund', 1, 9, 0, 0, 0, 79741938.4, 1,  TO_Date( '02/14/2007 01:36:01 AM', 'MM/DD/YYYY HH:MI:SS AM')
,  TO_Date( '02/14/2007 01:36:01 AM', 'MM/DD/YYYY HH:MI:SS AM'), 1, 0, 'P', 12, NULL
, NULL); 
INSERT INTO FUND ( ID, CODE, NAME, LLEVEL, PARENTID, OPENINGDEBITBALANCE, OPENINGCREDITBALANCE,
TRANSACTIONDEBITAMOUNT, TRANSACTIONCREDITAMOUNT, ISACTIVE, LASTMODIFIED, CREATED, MODIFIEDBY,
ISNOTLEAF, IDENTIFIER, PURPOSE_ID, PAYGLCODEID, RECVGLCODEID ) VALUES ( 
16, '0202', 'Water Supply and Sewerage Fund', 1, 9, 0, 0, -64000, 76212.5, 0,  TO_Date( '05/17/2008 03:34:25 PM', 'MM/DD/YYYY HH:MI:SS AM')
,  TO_Date( '02/14/2007 01:36:20 AM', 'MM/DD/YYYY HH:MI:SS AM'), 51, 0, 'W', 12, 1163
, NULL); 
INSERT INTO FUND ( ID, CODE, NAME, LLEVEL, PARENTID, OPENINGDEBITBALANCE, OPENINGCREDITBALANCE,
TRANSACTIONDEBITAMOUNT, TRANSACTIONCREDITAMOUNT, ISACTIVE, LASTMODIFIED, CREATED, MODIFIEDBY,
ISNOTLEAF, IDENTIFIER, PURPOSE_ID, PAYGLCODEID, RECVGLCODEID ) VALUES ( 
17, '0301', 'Salary Reserve Fund', 1, 10, 0, 0, 0, 0, 0,  TO_Date( '05/17/2008 03:33:30 PM', 'MM/DD/YYYY HH:MI:SS AM')
,  TO_Date( '02/14/2007 01:36:36 AM', 'MM/DD/YYYY HH:MI:SS AM'), 51, 0, 'S', 12, NULL
, NULL); 
INSERT INTO FUND ( ID, CODE, NAME, LLEVEL, PARENTID, OPENINGDEBITBALANCE, OPENINGCREDITBALANCE,
TRANSACTIONDEBITAMOUNT, TRANSACTIONCREDITAMOUNT, ISACTIVE, LASTMODIFIED, CREATED, MODIFIEDBY,
ISNOTLEAF, IDENTIFIER, PURPOSE_ID, PAYGLCODEID, RECVGLCODEID ) VALUES ( 
18, '0302', 'Pension Reserve Fund', 1, 10, 0, 0, 0, 0, 1,  TO_Date( '02/14/2007 01:37:12 AM', 'MM/DD/YYYY HH:MI:SS AM')
,  TO_Date( '02/14/2007 01:37:12 AM', 'MM/DD/YYYY HH:MI:SS AM'), 1, 0, 'P', 12, NULL
, NULL); 
INSERT INTO FUND ( ID, CODE, NAME, LLEVEL, PARENTID, OPENINGDEBITBALANCE, OPENINGCREDITBALANCE,
TRANSACTIONDEBITAMOUNT, TRANSACTIONCREDITAMOUNT, ISACTIVE, LASTMODIFIED, CREATED, MODIFIEDBY,
ISNOTLEAF, IDENTIFIER, PURPOSE_ID, PAYGLCODEID, RECVGLCODEID ) VALUES ( 
19, '0303', 'General Provident Fund', 1, 10, 0, 0, -40000, 0, 0,  TO_Date( '05/17/2008 03:33:49 PM', 'MM/DD/YYYY HH:MI:SS AM')
,  TO_Date( '02/14/2007 01:37:40 AM', 'MM/DD/YYYY HH:MI:SS AM'), 51, 0, 'G', 12, NULL
, NULL); 
INSERT INTO FUND ( ID, CODE, NAME, LLEVEL, PARENTID, OPENINGDEBITBALANCE, OPENINGCREDITBALANCE,
TRANSACTIONDEBITAMOUNT, TRANSACTIONCREDITAMOUNT, ISACTIVE, LASTMODIFIED, CREATED, MODIFIEDBY,
ISNOTLEAF, IDENTIFIER, PURPOSE_ID, PAYGLCODEID, RECVGLCODEID ) VALUES ( 
20, '1', 'Municipal Service Fund', 0, NULL, 0, 0, -307630, 300, 0,  TO_Date( '04/01/2007 10:55:55 PM', 'MM/DD/YYYY HH:MI:SS AM')
,  TO_Date( '02/17/2007 06:32:36 PM', 'MM/DD/YYYY HH:MI:SS AM'), 1, 0, 'F', 12, NULL
, NULL); 
INSERT INTO FUND ( ID, CODE, NAME, LLEVEL, PARENTID, OPENINGDEBITBALANCE, OPENINGCREDITBALANCE,
TRANSACTIONDEBITAMOUNT, TRANSACTIONCREDITAMOUNT, ISACTIVE, LASTMODIFIED, CREATED, MODIFIEDBY,
ISNOTLEAF, IDENTIFIER, PURPOSE_ID, PAYGLCODEID, RECVGLCODEID ) VALUES ( 
21, '0105', 'Spe Capital Project Scheme', 0, NULL, 0, 0, 0, 0, 0,  TO_Date( '05/17/2008 03:34:37 PM', 'MM/DD/YYYY HH:MI:SS AM')
,  TO_Date( '06/06/2007 11:45:38 AM', 'MM/DD/YYYY HH:MI:SS AM'), 51, 0, 'J', 12, 1163
, NULL); 
COMMIT;


INSERT INTO FUNDSOURCE ( ID, CODE, NAME, TYPE, LLEVEL, PARENTID, ISACTIVE, CREATED, LASTMODIFIED,
MODIFIEDBY, ISNOTLEAF ) VALUES ( 
SEQ_FUNDSOURCE.NEXTVAL, '01', 'Own Source', ' ', 0, NULL, 1,  TO_Date( '06/22/2006 06:32:06 PM', 'MM/DD/YYYY HH:MI:SS AM')
,  TO_Date( '02/18/2007 12:09:24 AM', 'MM/DD/YYYY HH:MI:SS AM'), 1, 0); 
INSERT INTO FUNDSOURCE ( ID, CODE, NAME, TYPE, LLEVEL, PARENTID, ISACTIVE, CREATED, LASTMODIFIED,
MODIFIEDBY, ISNOTLEAF ) VALUES ( 
SEQ_FUNDSOURCE.NEXTVAL, '10', 'Specific Grant', NULL, 0, NULL, 1,  TO_Date( '06/22/2006 06:34:59 PM', 'MM/DD/YYYY HH:MI:SS AM')
,  TO_Date( '06/22/2006 06:34:59 PM', 'MM/DD/YYYY HH:MI:SS AM'), 2, 0); 
INSERT INTO FUNDSOURCE ( ID, CODE, NAME, TYPE, LLEVEL, PARENTID, ISACTIVE, CREATED, LASTMODIFIED,
MODIFIEDBY, ISNOTLEAF ) VALUES ( 
SEQ_FUNDSOURCE.NEXTVAL, '50', 'Loans and Bonds', NULL, 0, NULL, 1,  TO_Date( '06/22/2006 11:31:02 PM', 'MM/DD/YYYY HH:MI:SS AM')
,  TO_Date( '06/22/2006 11:31:02 PM', 'MM/DD/YYYY HH:MI:SS AM'), 2, 1); 
INSERT INTO FUNDSOURCE ( ID, CODE, NAME, TYPE, LLEVEL, PARENTID, ISACTIVE, CREATED, LASTMODIFIED,
MODIFIEDBY, ISNOTLEAF ) VALUES ( 
SEQ_FUNDSOURCE.NEXTVAL, '90', 'Earmarked (special) Funds', ' ', 0, NULL, 1,  TO_Date( '06/22/2006 11:31:31 PM', 'MM/DD/YYYY HH:MI:SS AM')
,  TO_Date( '02/18/2007 12:09:39 AM', 'MM/DD/YYYY HH:MI:SS AM'), 1, 0); 
INSERT INTO FUNDSOURCE ( ID, CODE, NAME, TYPE, LLEVEL, PARENTID, ISACTIVE, CREATED, LASTMODIFIED,
MODIFIEDBY, ISNOTLEAF ) VALUES ( 
SEQ_FUNDSOURCE.NEXTVAL, '02', 'DFID Grants', 'Loans and Bonds', 1, 4, 1,  TO_Date( '02/18/2007 12:10:37 AM', 'MM/DD/YYYY HH:MI:SS AM')
,  TO_Date( '02/18/2007 12:10:37 AM', 'MM/DD/YYYY HH:MI:SS AM'), 1, 1); 
INSERT INTO FUNDSOURCE ( ID, CODE, NAME, TYPE, LLEVEL, PARENTID, ISACTIVE, CREATED, LASTMODIFIED,
MODIFIEDBY, ISNOTLEAF ) VALUES ( 
SEQ_FUNDSOURCE.NEXTVAL, '20', 'Govt funds', 'DFID Grants', 2, 6, 1,  TO_Date( '03/24/2007 11:47:32 PM', 'MM/DD/YYYY HH:MI:SS AM')
,  TO_Date( '03/24/2007 11:47:32 PM', 'MM/DD/YYYY HH:MI:SS AM'), 1, 0); 
INSERT INTO FUNDSOURCE ( ID, CODE, NAME, TYPE, LLEVEL, PARENTID, ISACTIVE, CREATED, LASTMODIFIED,
MODIFIEDBY, ISNOTLEAF ) VALUES ( 
SEQ_FUNDSOURCE.NEXTVAL, '5555', 'Municipal', NULL, 0, NULL, 1,  TO_Date( '03/27/2007 01:32:09 AM', 'MM/DD/YYYY HH:MI:SS AM')
,  TO_Date( '03/27/2007 01:32:09 AM', 'MM/DD/YYYY HH:MI:SS AM'), 24, 0); 
INSERT INTO FUNDSOURCE ( ID, CODE, NAME, TYPE, LLEVEL, PARENTID, ISACTIVE, CREATED, LASTMODIFIED,
MODIFIEDBY, ISNOTLEAF ) VALUES ( 
SEQ_FUNDSOURCE.NEXTVAL, '56', 'State Govt Loan', NULL, 0, NULL, 1,  TO_Date( '03/28/2007 05:45:51 PM', 'MM/DD/YYYY HH:MI:SS AM')
,  TO_Date( '03/28/2007 05:45:51 PM', 'MM/DD/YYYY HH:MI:SS AM'), 24, 0); 
COMMIT;

INSERT INTO SCHEME ( ID, CODE, NAME, VALIDFROM, VALIDTO, ISACTIVE, DESCRIPTION, FUNDID, SECTORID,
AAES, FIELDID ) VALUES ( 
10, 'MLA990', 'ACDP (MLS GRANT)',  TO_Date( '04/01/2007 12:00:00 AM', 'MM/DD/YYYY HH:MI:SS AM')
,  TO_Date( '03/31/2009 12:00:00 AM', 'MM/DD/YYYY HH:MI:SS AM'), '1', NULL, 12, NULL
, NULL, NULL); 
INSERT INTO SCHEME ( ID, CODE, NAME, VALIDFROM, VALIDTO, ISACTIVE, DESCRIPTION, FUNDID, SECTORID,
AAES, FIELDID ) VALUES ( 
11, 'PEN01', 'PENSION FUND',  TO_Date( '04/01/2007 12:00:00 AM', 'MM/DD/YYYY HH:MI:SS AM')
,  TO_Date( '03/31/2009 12:00:00 AM', 'MM/DD/YYYY HH:MI:SS AM'), '1', NULL, 18, NULL
, NULL, NULL); 
INSERT INTO SCHEME ( ID, CODE, NAME, VALIDFROM, VALIDTO, ISACTIVE, DESCRIPTION, FUNDID, SECTORID,
AAES, FIELDID ) VALUES ( 
12, 'APURMSP479', 'APURMSP',  TO_Date( '06/01/2006 12:00:00 AM', 'MM/DD/YYYY HH:MI:SS AM')
,  TO_Date( '03/31/2009 12:00:00 AM', 'MM/DD/YYYY HH:MI:SS AM'), '1', NULL, 12, NULL
, NULL, NULL); 
INSERT INTO SCHEME ( ID, CODE, NAME, VALIDFROM, VALIDTO, ISACTIVE, DESCRIPTION, FUNDID, SECTORID,
AAES, FIELDID ) VALUES ( 
13, 'FIN332', 'FINANCE COMMISSION',  TO_Date( '09/26/2006 12:00:00 AM', 'MM/DD/YYYY HH:MI:SS AM')
,  TO_Date( '03/31/2009 12:00:00 AM', 'MM/DD/YYYY HH:MI:SS AM'), '1', NULL, 12, NULL
, NULL, NULL); 
INSERT INTO SCHEME ( ID, CODE, NAME, VALIDFROM, VALIDTO, ISACTIVE, DESCRIPTION, FUNDID, SECTORID,
AAES, FIELDID ) VALUES ( 
14, 'PAVALA506', 'PAVALAVADDI',  TO_Date( '04/01/2007 12:00:00 AM', 'MM/DD/YYYY HH:MI:SS AM')
,  TO_Date( '03/31/2009 12:00:00 AM', 'MM/DD/YYYY HH:MI:SS AM'), '1', NULL, 14, NULL
, NULL, NULL); 
INSERT INTO SCHEME ( ID, CODE, NAME, VALIDFROM, VALIDTO, ISACTIVE, DESCRIPTION, FUNDID, SECTORID,
AAES, FIELDID ) VALUES ( 
15, 'SJSRY056', 'SJSRY',  TO_Date( '04/01/2006 12:00:00 AM', 'MM/DD/YYYY HH:MI:SS AM')
,  TO_Date( '03/31/2009 12:00:00 AM', 'MM/DD/YYYY HH:MI:SS AM'), '1', NULL, 13, NULL
, NULL, NULL); 
INSERT INTO SCHEME ( ID, CODE, NAME, VALIDFROM, VALIDTO, ISACTIVE, DESCRIPTION, FUNDID, SECTORID,
AAES, FIELDID ) VALUES ( 
16, 'EQ175', 'EARTH QUACK',  TO_Date( '04/01/2005 12:00:00 AM', 'MM/DD/YYYY HH:MI:SS AM')
,  TO_Date( '03/31/2009 12:00:00 AM', 'MM/DD/YYYY HH:MI:SS AM'), '1', NULL, 11, NULL
, NULL, NULL); 
INSERT INTO SCHEME ( ID, CODE, NAME, VALIDFROM, VALIDTO, ISACTIVE, DESCRIPTION, FUNDID, SECTORID,
AAES, FIELDID ) VALUES ( 
41, 'SWDJNNURM', 'SWDJNNURM',  TO_Date( '04/01/2006 12:00:00 AM', 'MM/DD/YYYY HH:MI:SS AM')
,  TO_Date( '12/31/2010 12:00:00 AM', 'MM/DD/YYYY HH:MI:SS AM'), '1', 'SWDJNNURM'
, 12, NULL, NULL, NULL); 
INSERT INTO SCHEME ( ID, CODE, NAME, VALIDFROM, VALIDTO, ISACTIVE, DESCRIPTION, FUNDID, SECTORID,
AAES, FIELDID ) VALUES ( 
42, 'UGDJNNURM', 'UGDJNNURM',  TO_Date( '04/01/2006 12:00:00 AM', 'MM/DD/YYYY HH:MI:SS AM')
,  TO_Date( '12/31/2010 12:00:00 AM', 'MM/DD/YYYY HH:MI:SS AM'), '1', 'UGDJNNURM'
, 12, NULL, NULL, NULL); 
INSERT INTO SCHEME ( ID, CODE, NAME, VALIDFROM, VALIDTO, ISACTIVE, DESCRIPTION, FUNDID, SECTORID,
AAES, FIELDID ) VALUES ( 
43, 'BSUPJNNURM', 'BSUPJNNURM',  TO_Date( '04/01/2006 12:00:00 AM', 'MM/DD/YYYY HH:MI:SS AM')
,  TO_Date( '12/31/2010 12:00:00 AM', 'MM/DD/YYYY HH:MI:SS AM'), '1', 'BSUPJNNURM'
, 12, NULL, NULL, NULL); 
INSERT INTO SCHEME ( ID, CODE, NAME, VALIDFROM, VALIDTO, ISACTIVE, DESCRIPTION, FUNDID, SECTORID,
AAES, FIELDID ) VALUES ( 
44, 'WATERSUPPLYJNNURM', 'WATERSUPPLYJNNURM',  TO_Date( '04/01/2006 12:00:00 AM', 'MM/DD/YYYY HH:MI:SS AM')
,  TO_Date( '12/31/2010 12:00:00 AM', 'MM/DD/YYYY HH:MI:SS AM'), '1', 'WATERSUPPLYJNNURM'
, 12, NULL, NULL, NULL); 
INSERT INTO SCHEME ( ID, CODE, NAME, VALIDFROM, VALIDTO, ISACTIVE, DESCRIPTION, FUNDID, SECTORID,
AAES, FIELDID ) VALUES ( 
45, 'BIO2275', 'BIOMETHANISATION',  TO_Date( '04/01/2006 12:00:00 AM', 'MM/DD/YYYY HH:MI:SS AM')
,  TO_Date( '03/31/2009 12:00:00 AM', 'MM/DD/YYYY HH:MI:SS AM'), '1', NULL, 12, NULL
, NULL, NULL); 
INSERT INTO SCHEME ( ID, CODE, NAME, VALIDFROM, VALIDTO, ISACTIVE, DESCRIPTION, FUNDID, SECTORID,
AAES, FIELDID ) VALUES ( 
46, 'LCS2945', 'LCS',  TO_Date( '04/01/2006 12:00:00 AM', 'MM/DD/YYYY HH:MI:SS AM')
,  TO_Date( '03/31/2009 12:00:00 AM', 'MM/DD/YYYY HH:MI:SS AM'), '1', NULL, 12, NULL
, NULL, NULL); 
INSERT INTO SCHEME ( ID, CODE, NAME, VALIDFROM, VALIDTO, ISACTIVE, DESCRIPTION, FUNDID, SECTORID,
AAES, FIELDID ) VALUES ( 
47, 'NFB7429', 'NFB',  TO_Date( '04/01/2006 12:00:00 AM', 'MM/DD/YYYY HH:MI:SS AM')
,  TO_Date( '03/31/2009 12:00:00 AM', 'MM/DD/YYYY HH:MI:SS AM'), '1', NULL, 13, NULL
, NULL, NULL); 
INSERT INTO SCHEME ( ID, CODE, NAME, VALIDFROM, VALIDTO, ISACTIVE, DESCRIPTION, FUNDID, SECTORID,
AAES, FIELDID ) VALUES ( 
48, 'OAP2183', 'OAP',  TO_Date( '04/01/2006 12:00:00 AM', 'MM/DD/YYYY HH:MI:SS AM')
,  TO_Date( '03/31/2009 12:00:00 AM', 'MM/DD/YYYY HH:MI:SS AM'), '1', NULL, 13, NULL
, NULL, NULL); 
INSERT INTO SCHEME ( ID, CODE, NAME, VALIDFROM, VALIDTO, ISACTIVE, DESCRIPTION, FUNDID, SECTORID,
AAES, FIELDID ) VALUES ( 
49, 'MPLADS3052', 'MP LADS',  TO_Date( '04/01/2006 12:00:00 AM', 'MM/DD/YYYY HH:MI:SS AM')
,  TO_Date( '03/31/2009 12:00:00 AM', 'MM/DD/YYYY HH:MI:SS AM'), '1', NULL, 12, NULL
, NULL, NULL); 
INSERT INTO SCHEME ( ID, CODE, NAME, VALIDFROM, VALIDTO, ISACTIVE, DESCRIPTION, FUNDID, SECTORID,
AAES, FIELDID ) VALUES ( 
50, 'JNNRUM-BRTS', 'JNNRUM-BRTS',  TO_Date( '04/01/2007 12:00:00 AM', 'MM/DD/YYYY HH:MI:SS AM')
,  TO_Date( '03/31/2010 12:00:00 AM', 'MM/DD/YYYY HH:MI:SS AM'), '1', NULL, 12, NULL
, NULL, NULL); 
COMMIT;



INSERT INTO SUB_SCHEME ( ID, CODE, NAME, VALIDFROM, VALIDTO, ISACTIVE, SCHEMEID,
LASTMODIFIEDDATE ) VALUES ( 
SEQ_SUB_SCHEME.NEXTVAL, 'MLA42990', 'ACDP MLA GRANT',  TO_Date( '04/01/2007 12:00:00 AM', 'MM/DD/YYYY HH:MI:SS AM')
,  TO_Date( '03/31/2009 12:00:00 AM', 'MM/DD/YYYY HH:MI:SS AM'), '1', 10,  TO_Date( '03/08/2008 12:00:00 AM', 'MM/DD/YYYY HH:MI:SS AM')); 
INSERT INTO SUB_SCHEME ( ID, CODE, NAME, VALIDFROM, VALIDTO, ISACTIVE, SCHEMEID,
LASTMODIFIEDDATE ) VALUES ( 
SEQ_SUB_SCHEME.NEXTVAL, 'REG', 'REGULAR PENSION',  TO_Date( '04/01/2007 12:00:00 AM', 'MM/DD/YYYY HH:MI:SS AM')
,  TO_Date( '03/31/2009 12:00:00 AM', 'MM/DD/YYYY HH:MI:SS AM'), '1', 11,  TO_Date( '03/08/2008 12:00:00 AM', 'MM/DD/YYYY HH:MI:SS AM')); 
INSERT INTO SUB_SCHEME ( ID, CODE, NAME, VALIDFROM, VALIDTO, ISACTIVE, SCHEMEID,
LASTMODIFIEDDATE ) VALUES ( 
SEQ_SUB_SCHEME.NEXTVAL, 'CON', 'CONTRIBUTORY PENSION',  TO_Date( '04/01/2007 12:00:00 AM', 'MM/DD/YYYY HH:MI:SS AM')
,  TO_Date( '03/31/2009 12:00:00 AM', 'MM/DD/YYYY HH:MI:SS AM'), '1', 11,  TO_Date( '03/08/2008 12:00:00 AM', 'MM/DD/YYYY HH:MI:SS AM')); 
INSERT INTO SUB_SCHEME ( ID, CODE, NAME, VALIDFROM, VALIDTO, ISACTIVE, SCHEMEID,
LASTMODIFIEDDATE ) VALUES ( 
SEQ_SUB_SCHEME.NEXTVAL, 'APURMSP479', 'VMC-APURMSP',  TO_Date( '06/01/2006 12:00:00 AM', 'MM/DD/YYYY HH:MI:SS AM')
,  TO_Date( '03/31/2009 12:00:00 AM', 'MM/DD/YYYY HH:MI:SS AM'), '1', 12,  TO_Date( '03/15/2008 12:00:00 AM', 'MM/DD/YYYY HH:MI:SS AM')); 
INSERT INTO SUB_SCHEME ( ID, CODE, NAME, VALIDFROM, VALIDTO, ISACTIVE, SCHEMEID,
LASTMODIFIEDDATE ) VALUES ( 
SEQ_SUB_SCHEME.NEXTVAL, 'XIIFIN', 'XII FINANCE COMMISSION',  TO_Date( '09/26/2006 12:00:00 AM', 'MM/DD/YYYY HH:MI:SS AM')
,  TO_Date( '03/31/2009 12:00:00 AM', 'MM/DD/YYYY HH:MI:SS AM'), '1', 13,  TO_Date( '03/15/2008 12:00:00 AM', 'MM/DD/YYYY HH:MI:SS AM')); 
INSERT INTO SUB_SCHEME ( ID, CODE, NAME, VALIDFROM, VALIDTO, ISACTIVE, SCHEMEID,
LASTMODIFIEDDATE ) VALUES ( 
SEQ_SUB_SCHEME.NEXTVAL, 'PAVALAVADDI', 'PAVALAVADDI',  TO_Date( '04/01/2007 12:00:00 AM', 'MM/DD/YYYY HH:MI:SS AM')
,  TO_Date( '03/31/2009 12:00:00 AM', 'MM/DD/YYYY HH:MI:SS AM'), '1', 14,  TO_Date( '03/15/2008 12:00:00 AM', 'MM/DD/YYYY HH:MI:SS AM')); 
INSERT INTO SUB_SCHEME ( ID, CODE, NAME, VALIDFROM, VALIDTO, ISACTIVE, SCHEMEID,
LASTMODIFIEDDATE ) VALUES ( 
SEQ_SUB_SCHEME.NEXTVAL, 'SJSRY', 'SJSRY',  TO_Date( '04/01/2006 12:00:00 AM', 'MM/DD/YYYY HH:MI:SS AM')
,  TO_Date( '03/31/2009 12:00:00 AM', 'MM/DD/YYYY HH:MI:SS AM'), '1', 15,  TO_Date( '05/06/2008 12:00:00 AM', 'MM/DD/YYYY HH:MI:SS AM')); 
INSERT INTO SUB_SCHEME ( ID, CODE, NAME, VALIDFROM, VALIDTO, ISACTIVE, SCHEMEID,
LASTMODIFIEDDATE ) VALUES ( 
SEQ_SUB_SCHEME.NEXTVAL, 'EQ175', 'EARTH QUACK',  TO_Date( '04/01/2005 12:00:00 AM', 'MM/DD/YYYY HH:MI:SS AM')
,  TO_Date( '03/31/2009 12:00:00 AM', 'MM/DD/YYYY HH:MI:SS AM'), '1', 16,  TO_Date( '03/15/2008 12:00:00 AM', 'MM/DD/YYYY HH:MI:SS AM')); 
INSERT INTO SUB_SCHEME ( ID, CODE, NAME, VALIDFROM, VALIDTO, ISACTIVE, SCHEMEID,
LASTMODIFIEDDATE ) VALUES ( 
SEQ_SUB_SCHEME.NEXTVAL, '49.12', '49.12',  TO_Date( '04/01/2006 12:00:00 AM', 'MM/DD/YYYY HH:MI:SS AM')
,  TO_Date( '12/31/2010 12:00:00 AM', 'MM/DD/YYYY HH:MI:SS AM'), '1', 41,  TO_Date( '03/17/2008 10:55:03 PM', 'MM/DD/YYYY HH:MI:SS AM')); 
INSERT INTO SUB_SCHEME ( ID, CODE, NAME, VALIDFROM, VALIDTO, ISACTIVE, SCHEMEID,
LASTMODIFIEDDATE ) VALUES ( 
SEQ_SUB_SCHEME.NEXTVAL, '7.43', '7.43',  TO_Date( '04/01/2006 12:00:00 AM', 'MM/DD/YYYY HH:MI:SS AM')
,  TO_Date( '12/31/2010 12:00:00 AM', 'MM/DD/YYYY HH:MI:SS AM'), '1', 42,  TO_Date( '03/17/2008 10:55:17 PM', 'MM/DD/YYYY HH:MI:SS AM')); 
INSERT INTO SUB_SCHEME ( ID, CODE, NAME, VALIDFROM, VALIDTO, ISACTIVE, SCHEMEID,
LASTMODIFIEDDATE ) VALUES ( 
SEQ_SUB_SCHEME.NEXTVAL, '9.49', '9.49',  TO_Date( '04/01/2006 12:00:00 AM', 'MM/DD/YYYY HH:MI:SS AM')
,  TO_Date( '12/31/2010 12:00:00 AM', 'MM/DD/YYYY HH:MI:SS AM'), '1', 42,  TO_Date( '03/17/2008 10:55:20 PM', 'MM/DD/YYYY HH:MI:SS AM')); 
INSERT INTO SUB_SCHEME ( ID, CODE, NAME, VALIDFROM, VALIDTO, ISACTIVE, SCHEMEID,
LASTMODIFIEDDATE ) VALUES ( 
SEQ_SUB_SCHEME.NEXTVAL, '19.85', '19.85',  TO_Date( '04/01/2006 12:00:00 AM', 'MM/DD/YYYY HH:MI:SS AM')
,  TO_Date( '12/31/2010 12:00:00 AM', 'MM/DD/YYYY HH:MI:SS AM'), '1', 42,  TO_Date( '03/17/2008 10:55:20 PM', 'MM/DD/YYYY HH:MI:SS AM')); 
INSERT INTO SUB_SCHEME ( ID, CODE, NAME, VALIDFROM, VALIDTO, ISACTIVE, SCHEMEID,
LASTMODIFIEDDATE ) VALUES ( 
SEQ_SUB_SCHEME.NEXTVAL, '56.56', '56.56',  TO_Date( '04/01/2006 12:00:00 AM', 'MM/DD/YYYY HH:MI:SS AM')
,  TO_Date( '12/31/2010 12:00:00 AM', 'MM/DD/YYYY HH:MI:SS AM'), '1', 42,  TO_Date( '03/17/2008 10:55:21 PM', 'MM/DD/YYYY HH:MI:SS AM')); 
INSERT INTO SUB_SCHEME ( ID, CODE, NAME, VALIDFROM, VALIDTO, ISACTIVE, SCHEMEID,
LASTMODIFIEDDATE ) VALUES ( 
SEQ_SUB_SCHEME.NEXTVAL, '3.7', '3.7',  TO_Date( '04/01/2006 12:00:00 AM', 'MM/DD/YYYY HH:MI:SS AM'),  TO_Date( '12/31/2010 12:00:00 AM', 'MM/DD/YYYY HH:MI:SS AM')
, '1', 43,  TO_Date( '03/31/2008 12:00:00 AM', 'MM/DD/YYYY HH:MI:SS AM')); 
INSERT INTO SUB_SCHEME ( ID, CODE, NAME, VALIDFROM, VALIDTO, ISACTIVE, SCHEMEID,
LASTMODIFIEDDATE ) VALUES ( 
SEQ_SUB_SCHEME.NEXTVAL, '26.48', '26.48',  TO_Date( '04/01/2006 12:00:00 AM', 'MM/DD/YYYY HH:MI:SS AM')
,  TO_Date( '12/31/2010 12:00:00 AM', 'MM/DD/YYYY HH:MI:SS AM'), '1', 43,  TO_Date( '03/31/2008 12:00:00 AM', 'MM/DD/YYYY HH:MI:SS AM')); 
INSERT INTO SUB_SCHEME ( ID, CODE, NAME, VALIDFROM, VALIDTO, ISACTIVE, SCHEMEID,
LASTMODIFIEDDATE ) VALUES ( 
SEQ_SUB_SCHEME.NEXTVAL, '59.83', '59.83',  TO_Date( '04/01/2006 12:00:00 AM', 'MM/DD/YYYY HH:MI:SS AM')
,  TO_Date( '12/31/2010 12:00:00 AM', 'MM/DD/YYYY HH:MI:SS AM'), '1', 43,  TO_Date( '03/31/2008 12:00:00 AM', 'MM/DD/YYYY HH:MI:SS AM')); 
INSERT INTO SUB_SCHEME ( ID, CODE, NAME, VALIDFROM, VALIDTO, ISACTIVE, SCHEMEID,
LASTMODIFIEDDATE ) VALUES ( 
SEQ_SUB_SCHEME.NEXTVAL, '35.48', '35.48',  TO_Date( '04/01/2006 12:00:00 AM', 'MM/DD/YYYY HH:MI:SS AM')
,  TO_Date( '12/31/2010 12:00:00 AM', 'MM/DD/YYYY HH:MI:SS AM'), '1', 44,  TO_Date( '03/17/2008 10:56:10 PM', 'MM/DD/YYYY HH:MI:SS AM')); 
INSERT INTO SUB_SCHEME ( ID, CODE, NAME, VALIDFROM, VALIDTO, ISACTIVE, SCHEMEID,
LASTMODIFIEDDATE ) VALUES ( 
SEQ_SUB_SCHEME.NEXTVAL, '72.31', '72.31',  TO_Date( '04/01/2006 12:00:00 AM', 'MM/DD/YYYY HH:MI:SS AM')
,  TO_Date( '12/31/2010 12:00:00 AM', 'MM/DD/YYYY HH:MI:SS AM'), '1', 44,  TO_Date( '03/17/2008 10:56:56 PM', 'MM/DD/YYYY HH:MI:SS AM')); 
INSERT INTO SUB_SCHEME ( ID, CODE, NAME, VALIDFROM, VALIDTO, ISACTIVE, SCHEMEID,
LASTMODIFIEDDATE ) VALUES ( 
SEQ_SUB_SCHEME.NEXTVAL, 'BIO2275', 'BIOMETHANISATION',  TO_Date( '04/01/2006 12:00:00 AM', 'MM/DD/YYYY HH:MI:SS AM')
,  TO_Date( '03/31/2009 12:00:00 AM', 'MM/DD/YYYY HH:MI:SS AM'), '1', 45,  TO_Date( '03/19/2008 12:00:00 AM', 'MM/DD/YYYY HH:MI:SS AM')); 
INSERT INTO SUB_SCHEME ( ID, CODE, NAME, VALIDFROM, VALIDTO, ISACTIVE, SCHEMEID,
LASTMODIFIEDDATE ) VALUES ( 
SEQ_SUB_SCHEME.NEXTVAL, 'LCS2945', 'LOW COST SANITATION',  TO_Date( '04/01/2006 12:00:00 AM', 'MM/DD/YYYY HH:MI:SS AM')
,  TO_Date( '03/31/2009 12:00:00 AM', 'MM/DD/YYYY HH:MI:SS AM'), '1', 46,  TO_Date( '03/19/2008 12:00:00 AM', 'MM/DD/YYYY HH:MI:SS AM')); 
INSERT INTO SUB_SCHEME ( ID, CODE, NAME, VALIDFROM, VALIDTO, ISACTIVE, SCHEMEID,
LASTMODIFIEDDATE ) VALUES ( 
SEQ_SUB_SCHEME.NEXTVAL, 'NFB7249', 'NATIONAL FAMILY BENIFIT',  TO_Date( '04/01/2006 12:00:00 AM', 'MM/DD/YYYY HH:MI:SS AM')
,  TO_Date( '03/31/2009 12:00:00 AM', 'MM/DD/YYYY HH:MI:SS AM'), '1', 47,  TO_Date( '03/19/2008 12:00:00 AM', 'MM/DD/YYYY HH:MI:SS AM')); 
INSERT INTO SUB_SCHEME ( ID, CODE, NAME, VALIDFROM, VALIDTO, ISACTIVE, SCHEMEID,
LASTMODIFIEDDATE ) VALUES ( 
SEQ_SUB_SCHEME.NEXTVAL, 'OAP2183', 'OLDAGE PENSION',  TO_Date( '04/01/2006 12:00:00 AM', 'MM/DD/YYYY HH:MI:SS AM')
,  TO_Date( '03/31/2009 12:00:00 AM', 'MM/DD/YYYY HH:MI:SS AM'), '1', 48,  TO_Date( '03/20/2008 12:00:00 AM', 'MM/DD/YYYY HH:MI:SS AM')); 
INSERT INTO SUB_SCHEME ( ID, CODE, NAME, VALIDFROM, VALIDTO, ISACTIVE, SCHEMEID,
LASTMODIFIEDDATE ) VALUES ( 
SEQ_SUB_SCHEME.NEXTVAL, 'MPLADS3052', 'MP - LOCAL AREA DEVELOPMNET',  TO_Date( '04/01/2006 12:00:00 AM', 'MM/DD/YYYY HH:MI:SS AM')
,  TO_Date( '03/31/2009 12:00:00 AM', 'MM/DD/YYYY HH:MI:SS AM'), '1', 49,  TO_Date( '03/20/2008 12:00:00 AM', 'MM/DD/YYYY HH:MI:SS AM')); 
INSERT INTO SUB_SCHEME ( ID, CODE, NAME, VALIDFROM, VALIDTO, ISACTIVE, SCHEMEID,
LASTMODIFIEDDATE ) VALUES ( 
SEQ_SUB_SCHEME.NEXTVAL, '258.74', 'HOU258.74',  TO_Date( '04/01/2007 12:00:00 AM', 'MM/DD/YYYY HH:MI:SS AM')
,  TO_Date( '12/31/2010 12:00:00 AM', 'MM/DD/YYYY HH:MI:SS AM'), '1', 43,  TO_Date( '03/31/2008 12:00:00 AM', 'MM/DD/YYYY HH:MI:SS AM')); 
INSERT INTO SUB_SCHEME ( ID, CODE, NAME, VALIDFROM, VALIDTO, ISACTIVE, SCHEMEID,
LASTMODIFIEDDATE ) VALUES ( 
SEQ_SUB_SCHEME.NEXTVAL, '152.64', 'BRTS 152.64',  TO_Date( '04/01/2007 12:00:00 AM', 'MM/DD/YYYY HH:MI:SS AM')
,  TO_Date( '03/31/2010 12:00:00 AM', 'MM/DD/YYYY HH:MI:SS AM'), '1', 50,  TO_Date( '03/31/2008 12:00:00 AM', 'MM/DD/YYYY HH:MI:SS AM')); 
COMMIT;

INSERT INTO EG_PARTYTYPE ( ID, CODE, PARENTID, DESCRIPTION, CREATEDBY, CREATEDDATE, LASTMODIFIEDBY,
LASTMODIFIEDDATE ) VALUES ( 
SEQ_EG_PARTYTYPE.NEXTVAL, 'Supplier', NULL, 'Supplier', 49,  TO_Date( '04/06/2005 12:00:00 AM', 'MM/DD/YYYY HH:MI:SS AM')
, NULL, NULL); 
INSERT INTO EG_PARTYTYPE ( ID, CODE, PARENTID, DESCRIPTION, CREATEDBY, CREATEDDATE, LASTMODIFIEDBY,
LASTMODIFIEDDATE ) VALUES ( 
SEQ_EG_PARTYTYPE.NEXTVAL, 'Contractor', NULL, 'Contractor', 49,  TO_Date( '04/06/2005 12:00:00 AM', 'MM/DD/YYYY HH:MI:SS AM')
, NULL, NULL); 
INSERT INTO EG_PARTYTYPE ( ID, CODE, PARENTID, DESCRIPTION, CREATEDBY, CREATEDDATE, LASTMODIFIEDBY,
LASTMODIFIEDDATE ) VALUES ( 
SEQ_EG_PARTYTYPE.NEXTVAL, '13', 2, 'description', 116,  TO_Date( '09/24/2008 12:00:00 AM', 'MM/DD/YYYY HH:MI:SS AM')
, 116,  TO_Date( '09/24/2008 12:00:00 AM', 'MM/DD/YYYY HH:MI:SS AM')); 
COMMIT;



INSERT INTO RELATION ( ID, CODE, NAME, ADDRESS1, ADDRESS2, CITY, PIN, PHONE, FAX, CONTACTPERSON,
MOBILE, EMAIL, NARRATION, ISACTIVE, LASTMODIFIED, CREATED, MODIFIEDBY, RELATIONTYPEID, TDSID,
GLCODEID, PANNO, TINNO, BANKACCOUNT, BANKNAME, PWDAPPROVALCODE, REGNO, CREATEDBY, STATUSID, GRADEID,
INACTIVEON, PARTYTYPEID, SUBTYPEID, MODEOFPAY ) VALUES ( 
SEQ_RELATION.NEXTVAL, 'IOC1', 'Ioc Kondapalli', 'Ioc Kondapalli', NULL, NULL, '0', NULL, NULL, NULL
, NULL, NULL, 'Towrds supply of HSD oil', 0,  TO_Date( '06/15/2007 04:04:03 PM', 'MM/DD/YYYY HH:MI:SS AM')
,  TO_Date( '04/07/2007 04:43:23 PM', 'MM/DD/YYYY HH:MI:SS AM'), 51, 1, NULL, NULL
, NULL, NULL, NULL, NULL, NULL, NULL, 1, NULL, NULL, NULL, NULL, NULL, NULL); 

Insert into accountdetailkey
   (ID, GROUPID, DETAILTYPEID, DETAILNAME, DETAILKEY)
 Values
   (seq_accountdetailkey.nextval, 1, 1, 'RELATION_ID',( seq_relation.nextval-1));
   
INSERT INTO RELATION ( ID, CODE, NAME, ADDRESS1, ADDRESS2, CITY, PIN, PHONE, FAX, CONTACTPERSON,
MOBILE, EMAIL, NARRATION, ISACTIVE, LASTMODIFIED, CREATED, MODIFIEDBY, RELATIONTYPEID, TDSID,
GLCODEID, PANNO, TINNO, BANKACCOUNT, BANKNAME, PWDAPPROVALCODE, REGNO, CREATEDBY, STATUSID, GRADEID,
INACTIVEON, PARTYTYPEID, SUBTYPEID, MODEOFPAY ) VALUES ( 
SEQ_RELATION.NEXTVAL, 'C2-03/2004', 'Sri.Y.Venkata Siva Reddy', 'S/o. Rami Reddy, D.No.41-1/8-36,', '3rd Line, Gowthami line, Krishna Lanka'
, 'Vijayawada', '0', NULL, NULL, NULL, NULL, NULL, NULL, 0,  TO_Date( '06/04/2007 03:41:20 PM', 'MM/DD/YYYY HH:MI:SS AM')
,  TO_Date( '04/23/2007 03:22:01 PM', 'MM/DD/YYYY HH:MI:SS AM'), 51, 2, NULL, NULL
, 'Y.Venkata Siva Reddy', NULL, NULL, NULL, NULL, NULL, 1, NULL, NULL, NULL, NULL
, NULL, NULL); 
Insert into accountdetailkey
   (ID, GROUPID, DETAILTYPEID, DETAILNAME, DETAILKEY)
 Values
   (seq_accountdetailkey.nextval, 1, 1, 'RELATION_ID',( seq_relation.nextval-1));
   
INSERT INTO RELATION ( ID, CODE, NAME, ADDRESS1, ADDRESS2, CITY, PIN, PHONE, FAX, CONTACTPERSON,
MOBILE, EMAIL, NARRATION, ISACTIVE, LASTMODIFIED, CREATED, MODIFIEDBY, RELATIONTYPEID, TDSID,
GLCODEID, PANNO, TINNO, BANKACCOUNT, BANKNAME, PWDAPPROVALCODE, REGNO, CREATEDBY, STATUSID, GRADEID,
INACTIVEON, PARTYTYPEID, SUBTYPEID, MODEOFPAY ) VALUES ( 
SEQ_RELATION.NEXTVAL, 'C2-04/2004', 'M/s.Annapurna Engineering Works', 'D.No. 15-170/31, Flat No. 505'
, 'RamKalyan Apartments, Hyderabad', 'Mutylampadu, Vijayawada', '0', NULL, NULL, 'M/P. N.Srinivasa Prasad and Smt.N.Hari Kumari'
, NULL, NULL, NULL, 0,  TO_Date( '06/04/2007 03:41:52 PM', 'MM/DD/YYYY HH:MI:SS AM')
,  TO_Date( '04/23/2007 03:25:25 PM', 'MM/DD/YYYY HH:MI:SS AM'), 51, 2, NULL, NULL
, NULL, NULL, NULL, NULL, NULL, NULL, 1, NULL, NULL, NULL, NULL, NULL, NULL); 
Insert into accountdetailkey
   (ID, GROUPID, DETAILTYPEID, DETAILNAME, DETAILKEY)
 Values
   (seq_accountdetailkey.nextval, 1, 1, 'RELATION_ID',( seq_relation.nextval-1));
   
INSERT INTO RELATION ( ID, CODE, NAME, ADDRESS1, ADDRESS2, CITY, PIN, PHONE, FAX, CONTACTPERSON,
MOBILE, EMAIL, NARRATION, ISACTIVE, LASTMODIFIED, CREATED, MODIFIEDBY, RELATIONTYPEID, TDSID,
GLCODEID, PANNO, TINNO, BANKACCOUNT, BANKNAME, PWDAPPROVALCODE, REGNO, CREATEDBY, STATUSID, GRADEID,
INACTIVEON, PARTYTYPEID, SUBTYPEID, MODEOFPAY ) VALUES ( 
SEQ_RELATION.NEXTVAL, 'C2-05/2004', 'Sri.Arinkapudi Srinivasa Rao', 'S/o.Appa Rao, 1-134, Railway Road, Guntupalli'
, 'Ibrahim Patnam', 'Vijayawada (Rural) Krishna Dist', '0', NULL, NULL, 'Sri. Arekapudi Srinivasa Rao'
, NULL, NULL, NULL, 0,  TO_Date( '06/04/2007 03:42:18 PM', 'MM/DD/YYYY HH:MI:SS AM')
,  TO_Date( '04/23/2007 03:27:37 PM', 'MM/DD/YYYY HH:MI:SS AM'), 51, 2, NULL, NULL
, NULL, NULL, NULL, NULL, NULL, NULL, 1, NULL, NULL, NULL, NULL, NULL, NULL); 
Insert into accountdetailkey
   (ID, GROUPID, DETAILTYPEID, DETAILNAME, DETAILKEY)
 Values
   (seq_accountdetailkey.nextval, 1, 1, 'RELATION_ID',( seq_relation.nextval-1));
   
INSERT INTO RELATION ( ID, CODE, NAME, ADDRESS1, ADDRESS2, CITY, PIN, PHONE, FAX, CONTACTPERSON,
MOBILE, EMAIL, NARRATION, ISACTIVE, LASTMODIFIED, CREATED, MODIFIEDBY, RELATIONTYPEID, TDSID,
GLCODEID, PANNO, TINNO, BANKACCOUNT, BANKNAME, PWDAPPROVALCODE, REGNO, CREATEDBY, STATUSID, GRADEID,
INACTIVEON, PARTYTYPEID, SUBTYPEID, MODEOFPAY ) VALUES ( 
SEQ_RELATION.NEXTVAL, 'C2-06/2004', 'Sri.Anna Sambasiva Rao', 'S/o. Nageswara Rao, Flat No. 2, Tagore Tower'
, 'Raghuram St, Mogalrajpuram', 'Vijayawada', '520010', NULL, NULL, 'Sri. A.Smbasiva Rao'
, NULL, NULL, NULL, 0,  TO_Date( '06/04/2007 03:42:44 PM', 'MM/DD/YYYY HH:MI:SS AM')
,  TO_Date( '04/23/2007 03:31:11 PM', 'MM/DD/YYYY HH:MI:SS AM'), 51, 2, NULL, NULL
, NULL, NULL, NULL, NULL, NULL, NULL, 1, NULL, NULL, NULL, NULL, NULL, NULL); 
Insert into accountdetailkey
   (ID, GROUPID, DETAILTYPEID, DETAILNAME, DETAILKEY)
 Values
   (seq_accountdetailkey.nextval, 1, 1, 'RELATION_ID',( seq_relation.nextval-1));
   
INSERT INTO RELATION ( ID, CODE, NAME, ADDRESS1, ADDRESS2, CITY, PIN, PHONE, FAX, CONTACTPERSON,
MOBILE, EMAIL, NARRATION, ISACTIVE, LASTMODIFIED, CREATED, MODIFIEDBY, RELATIONTYPEID, TDSID,
GLCODEID, PANNO, TINNO, BANKACCOUNT, BANKNAME, PWDAPPROVALCODE, REGNO, CREATEDBY, STATUSID, GRADEID,
INACTIVEON, PARTYTYPEID, SUBTYPEID, MODEOFPAY ) VALUES ( 
SEQ_RELATION.NEXTVAL, 'C2-07/2004', 'Sri. R. Muralidhara Rao', 'S/o.Subba Rao, D.No. 12/139, Behind Neela mahal'
, NULL, 'Gudiwada', '521301', NULL, NULL, 'R.Muralidhara Rao', NULL, NULL, NULL, 0
,  TO_Date( '06/04/2007 03:43:28 PM', 'MM/DD/YYYY HH:MI:SS AM'),  TO_Date( '04/23/2007 03:32:42 PM', 'MM/DD/YYYY HH:MI:SS AM')
, 51, 2, NULL, NULL, NULL, NULL, NULL, NULL, NULL, NULL, 1, NULL, NULL, NULL, NULL
, NULL, NULL); 
Insert into accountdetailkey
   (ID, GROUPID, DETAILTYPEID, DETAILNAME, DETAILKEY)
 Values
   (seq_accountdetailkey.nextval, 1, 1, 'RELATION_ID',( seq_relation.nextval-1));
   
INSERT INTO RELATION ( ID, CODE, NAME, ADDRESS1, ADDRESS2, CITY, PIN, PHONE, FAX, CONTACTPERSON,
MOBILE, EMAIL, NARRATION, ISACTIVE, LASTMODIFIED, CREATED, MODIFIEDBY, RELATIONTYPEID, TDSID,
GLCODEID, PANNO, TINNO, BANKACCOUNT, BANKNAME, PWDAPPROVALCODE, REGNO, CREATEDBY, STATUSID, GRADEID,
INACTIVEON, PARTYTYPEID, SUBTYPEID, MODEOFPAY ) VALUES ( 
SEQ_RELATION.NEXTVAL, 'C3-01/2004', 'Sri. Y.Raghavendra Rao', 'Flat No.224, Brahmam St, Near RTC Colony'
, 'Opp : Auto Nagar gate', 'Vijayawada', '0', NULL, NULL, 'Sri. Y.Raghavendra Rao'
, NULL, NULL, NULL, 0,  TO_Date( '06/04/2007 03:43:55 PM', 'MM/DD/YYYY HH:MI:SS AM')
,  TO_Date( '04/23/2007 03:36:24 PM', 'MM/DD/YYYY HH:MI:SS AM'), 51, 2, NULL, NULL
, NULL, NULL, NULL, NULL, NULL, NULL, 1, NULL, NULL, NULL, NULL, NULL, NULL); 
Insert into accountdetailkey
   (ID, GROUPID, DETAILTYPEID, DETAILNAME, DETAILKEY)
 Values
   (seq_accountdetailkey.nextval, 1, 1, 'RELATION_ID',( seq_relation.nextval-1));
   
INSERT INTO RELATION ( ID, CODE, NAME, ADDRESS1, ADDRESS2, CITY, PIN, PHONE, FAX, CONTACTPERSON,
MOBILE, EMAIL, NARRATION, ISACTIVE, LASTMODIFIED, CREATED, MODIFIEDBY, RELATIONTYPEID, TDSID,
GLCODEID, PANNO, TINNO, BANKACCOUNT, BANKNAME, PWDAPPROVALCODE, REGNO, CREATEDBY, STATUSID, GRADEID,
INACTIVEON, PARTYTYPEID, SUBTYPEID, MODEOFPAY ) VALUES ( 
SEQ_RELATION.NEXTVAL, 'C3-02/2004', 'Sri.K.Satyanarayana', 'D.No. 7-1-246, Renuka nagar', 'Balkampeta'
, 'Vijayawada', '0', NULL, NULL, 'Sri.K.Satyanarayana', NULL, NULL, NULL, 0,  TO_Date( '06/04/2007 03:46:07 PM', 'MM/DD/YYYY HH:MI:SS AM')
,  TO_Date( '04/23/2007 03:38:02 PM', 'MM/DD/YYYY HH:MI:SS AM'), 51, 2, NULL, NULL
, NULL, NULL, NULL, NULL, NULL, NULL, 1, NULL, NULL, NULL, NULL, NULL, NULL); 
Insert into accountdetailkey
   (ID, GROUPID, DETAILTYPEID, DETAILNAME, DETAILKEY)
 Values
   (seq_accountdetailkey.nextval, 1, 1, 'RELATION_ID',( seq_relation.nextval-1));
   
INSERT INTO RELATION ( ID, CODE, NAME, ADDRESS1, ADDRESS2, CITY, PIN, PHONE, FAX, CONTACTPERSON,
MOBILE, EMAIL, NARRATION, ISACTIVE, LASTMODIFIED, CREATED, MODIFIEDBY, RELATIONTYPEID, TDSID,
GLCODEID, PANNO, TINNO, BANKACCOUNT, BANKNAME, PWDAPPROVALCODE, REGNO, CREATEDBY, STATUSID, GRADEID,
INACTIVEON, PARTYTYPEID, SUBTYPEID, MODEOFPAY ) VALUES ( 
SEQ_RELATION.NEXTVAL, 'C3-03/2004', 'M/s.Anjaneyaswamy VLCCS Ltd.,', 'D.No. 9-41-15 , Anjaneyavagu'
, 'Kothapeta', 'Vijayawada', '520001', ' ', ' ', 'Koradal Chandrudu', ' ', ' ', ' '
, 0,  TO_Date( '04/23/2007 03:39:56 PM', 'MM/DD/YYYY HH:MI:SS AM'),  TO_Date( '04/23/2007 03:39:56 PM', 'MM/DD/YYYY HH:MI:SS AM')
, 51, 2, NULL, NULL, ' ', ' ', NULL, NULL, NULL, NULL, 1, NULL, NULL, NULL, NULL, NULL
, NULL); 
Insert into accountdetailkey
   (ID, GROUPID, DETAILTYPEID, DETAILNAME, DETAILKEY)
 Values
   (seq_accountdetailkey.nextval, 1, 1, 'RELATION_ID',( seq_relation.nextval-1));
   

INSERT INTO RELATION ( ID, CODE, NAME, ADDRESS1, ADDRESS2, CITY, PIN, PHONE, FAX, CONTACTPERSON,
MOBILE, EMAIL, NARRATION, ISACTIVE, LASTMODIFIED, CREATED, MODIFIEDBY, RELATIONTYPEID, TDSID,
GLCODEID, PANNO, TINNO, BANKACCOUNT, BANKNAME, PWDAPPROVALCODE, REGNO, CREATEDBY, STATUSID, GRADEID,
INACTIVEON, PARTYTYPEID, SUBTYPEID, MODEOFPAY ) VALUES ( 
SEQ_RELATION.NEXTVAL, 'C5-01/2006', 'M/s.Sri Raghavendra VLCCS Ltd.,', 'D.No. 9-41-34B,', 'Anjaneyavagu'
, 'Vijayawada', '520001', ' ', ' ', 'Sri. K. Veeraswamy', ' ', ' ', ' ', 0,  TO_Date( '04/23/2007 05:00:19 PM', 'MM/DD/YYYY HH:MI:SS AM')
,  TO_Date( '04/23/2007 05:00:19 PM', 'MM/DD/YYYY HH:MI:SS AM'), 51, 2, NULL, NULL
, 'AACAS1651A', ' ', NULL, NULL, NULL, NULL, 1, NULL, NULL, NULL, NULL, NULL, NULL); 
Insert into accountdetailkey
   (ID, GROUPID, DETAILTYPEID, DETAILNAME, DETAILKEY)
 Values
   (seq_accountdetailkey.nextval, 1, 1, 'RELATION_ID',( seq_relation.nextval-1));
   
INSERT INTO RELATION ( ID, CODE, NAME, ADDRESS1, ADDRESS2, CITY, PIN, PHONE, FAX, CONTACTPERSON,
MOBILE, EMAIL, NARRATION, ISACTIVE, LASTMODIFIED, CREATED, MODIFIEDBY, RELATIONTYPEID, TDSID,
GLCODEID, PANNO, TINNO, BANKACCOUNT, BANKNAME, PWDAPPROVALCODE, REGNO, CREATEDBY, STATUSID, GRADEID,
INACTIVEON, PARTYTYPEID, SUBTYPEID, MODEOFPAY ) VALUES ( 
SEQ_RELATION.NEXTVAL, 'C5-02/2006', 'M/s.Gowri Sankar VLCCS Ltd.', 'D.No. 4-2-133,', 'Anjaneya Vagu'
, 'Vijayawada', '520001', NULL, NULL, 'Sri. S.Saidulu', NULL, NULL, NULL, 0,  TO_Date( '06/04/2007 04:05:57 PM', 'MM/DD/YYYY HH:MI:SS AM')
,  TO_Date( '04/23/2007 05:04:26 PM', 'MM/DD/YYYY HH:MI:SS AM'), 51, 2, NULL, NULL
, 'AABAT0960A', NULL, NULL, NULL, NULL, NULL, 1, NULL, NULL, NULL, NULL, NULL, NULL); 
Insert into accountdetailkey
   (ID, GROUPID, DETAILTYPEID, DETAILNAME, DETAILKEY)
 Values
   (seq_accountdetailkey.nextval, 1, 1, 'RELATION_ID',( seq_relation.nextval-1));
   
INSERT INTO RELATION ( ID, CODE, NAME, ADDRESS1, ADDRESS2, CITY, PIN, PHONE, FAX, CONTACTPERSON,
MOBILE, EMAIL, NARRATION, ISACTIVE, LASTMODIFIED, CREATED, MODIFIEDBY, RELATIONTYPEID, TDSID,
GLCODEID, PANNO, TINNO, BANKACCOUNT, BANKNAME, PWDAPPROVALCODE, REGNO, CREATEDBY, STATUSID, GRADEID,
INACTIVEON, PARTYTYPEID, SUBTYPEID, MODEOFPAY ) VALUES ( 
SEQ_RELATION.NEXTVAL, 'C5-03/2006', 'Sri. K. Rambabu', 'S/o. K. Venkateswara Rao, D.No. 26/6', 'Ramarajya Nagar, Kabela'
, 'Vijayawada', '0', NULL, NULL, 'Sri. K. Rambabu', NULL, NULL, NULL, 0,  TO_Date( '06/04/2007 04:06:26 PM', 'MM/DD/YYYY HH:MI:SS AM')
,  TO_Date( '04/23/2007 05:06:51 PM', 'MM/DD/YYYY HH:MI:SS AM'), 51, 2, NULL, NULL
, 'AIIPK9076G', NULL, NULL, NULL, NULL, NULL, 1, NULL, NULL, NULL, NULL, NULL, NULL); 
Insert into accountdetailkey
   (ID, GROUPID, DETAILTYPEID, DETAILNAME, DETAILKEY)
 Values
   (seq_accountdetailkey.nextval, 1, 1, 'RELATION_ID',( seq_relation.nextval-1));

INSERT INTO RELATION ( ID, CODE, NAME, ADDRESS1, ADDRESS2, CITY, PIN, PHONE, FAX, CONTACTPERSON,
MOBILE, EMAIL, NARRATION, ISACTIVE, LASTMODIFIED, CREATED, MODIFIEDBY, RELATIONTYPEID, TDSID,
GLCODEID, PANNO, TINNO, BANKACCOUNT, BANKNAME, PWDAPPROVALCODE, REGNO, CREATEDBY, STATUSID, GRADEID,
INACTIVEON, PARTYTYPEID, SUBTYPEID, MODEOFPAY ) VALUES ( 
SEQ_RELATION.NEXTVAL, 'RCE6-15451/07', 'M/SJAYSON', 'VIJAYAWADA', ' ', 'VIJAYAWADA', '0', ' ', ' '
, ' ', ' ', ' ', ' ', 0,  TO_Date( '07/31/2007 02:56:32 PM', 'MM/DD/YYYY HH:MI:SS AM')
,  TO_Date( '07/31/2007 02:56:32 PM', 'MM/DD/YYYY HH:MI:SS AM'), 23, 1, NULL, NULL
, ' ', ' ', ' ', ' ', NULL, NULL, 1, NULL, NULL, NULL, NULL, NULL, NULL); 
Insert into accountdetailkey
   (ID, GROUPID, DETAILTYPEID, DETAILNAME, DETAILKEY)
 Values
   (seq_accountdetailkey.nextval, 1, 1, 'RELATION_ID',( seq_relation.nextval-1));
   
INSERT INTO RELATION ( ID, CODE, NAME, ADDRESS1, ADDRESS2, CITY, PIN, PHONE, FAX, CONTACTPERSON,
MOBILE, EMAIL, NARRATION, ISACTIVE, LASTMODIFIED, CREATED, MODIFIEDBY, RELATIONTYPEID, TDSID,
GLCODEID, PANNO, TINNO, BANKACCOUNT, BANKNAME, PWDAPPROVALCODE, REGNO, CREATEDBY, STATUSID, GRADEID,
INACTIVEON, PARTYTYPEID, SUBTYPEID, MODEOFPAY ) VALUES ( 
SEQ_RELATION.NEXTVAL, 'E6-66234/06', 'M/S HYDRO AID ENGINEERS', 'VIJAYAWADA', ' ', 'VIJAYAWADA', '0'
, ' ', ' ', ' ', ' ', ' ', ' ', 0,  TO_Date( '07/31/2007 03:15:28 PM', 'MM/DD/YYYY HH:MI:SS AM')
,  TO_Date( '07/31/2007 03:15:28 PM', 'MM/DD/YYYY HH:MI:SS AM'), 23, 1, NULL, NULL
, ' ', ' ', ' ', ' ', NULL, NULL, 1, NULL, NULL, NULL, NULL, NULL, NULL); 
Insert into accountdetailkey
   (ID, GROUPID, DETAILTYPEID, DETAILNAME, DETAILKEY)
 Values
   (seq_accountdetailkey.nextval, 1, 1, 'RELATION_ID',( seq_relation.nextval-1));
   
INSERT INTO RELATION ( ID, CODE, NAME, ADDRESS1, ADDRESS2, CITY, PIN, PHONE, FAX, CONTACTPERSON,
MOBILE, EMAIL, NARRATION, ISACTIVE, LASTMODIFIED, CREATED, MODIFIEDBY, RELATIONTYPEID, TDSID,
GLCODEID, PANNO, TINNO, BANKACCOUNT, BANKNAME, PWDAPPROVALCODE, REGNO, CREATEDBY, STATUSID, GRADEID,
INACTIVEON, PARTYTYPEID, SUBTYPEID, MODEOFPAY ) VALUES ( 
SEQ_RELATION.NEXTVAL, 'RCE6-15162/07', 'M/S PADMA ENGINEERING WORKS', 'VIJAYAWADA', ' ', 'VIJAYAWADA'
, '0', ' ', ' ', ' ', ' ', ' ', ' ', 0,  TO_Date( '07/31/2007 03:42:46 PM', 'MM/DD/YYYY HH:MI:SS AM')
,  TO_Date( '07/31/2007 03:42:46 PM', 'MM/DD/YYYY HH:MI:SS AM'), 23, 1, NULL, NULL
, ' ', ' ', ' ', ' ', NULL, NULL, 1, NULL, NULL, NULL, NULL, NULL, NULL); 
Insert into accountdetailkey
   (ID, GROUPID, DETAILTYPEID, DETAILNAME, DETAILKEY)
 Values
   (seq_accountdetailkey.nextval, 1, 1, 'RELATION_ID',( seq_relation.nextval-1));
   
INSERT INTO RELATION ( ID, CODE, NAME, ADDRESS1, ADDRESS2, CITY, PIN, PHONE, FAX, CONTACTPERSON,
MOBILE, EMAIL, NARRATION, ISACTIVE, LASTMODIFIED, CREATED, MODIFIEDBY, RELATIONTYPEID, TDSID,
GLCODEID, PANNO, TINNO, BANKACCOUNT, BANKNAME, PWDAPPROVALCODE, REGNO, CREATEDBY, STATUSID, GRADEID,
INACTIVEON, PARTYTYPEID, SUBTYPEID, MODEOFPAY ) VALUES ( 
SEQ_RELATION.NEXTVAL, 'E6-15161/07', 'SRI SEETARAMA', 'VIJAYAWADA', ' ', 'VIJAYAWADA', '0', ' ', ' '
, ' ', ' ', ' ', ' ', 0,  TO_Date( '07/31/2007 04:51:23 PM', 'MM/DD/YYYY HH:MI:SS AM')
,  TO_Date( '07/31/2007 04:51:23 PM', 'MM/DD/YYYY HH:MI:SS AM'), 23, 1, NULL, NULL
, ' ', ' ', ' ', ' ', NULL, NULL, 1, NULL, NULL, NULL, NULL, NULL, NULL); 
Insert into accountdetailkey
   (ID, GROUPID, DETAILTYPEID, DETAILNAME, DETAILKEY)
 Values
   (seq_accountdetailkey.nextval, 1, 1, 'RELATION_ID',( seq_relation.nextval-1));
   
INSERT INTO RELATION ( ID, CODE, NAME, ADDRESS1, ADDRESS2, CITY, PIN, PHONE, FAX, CONTACTPERSON,
MOBILE, EMAIL, NARRATION, ISACTIVE, LASTMODIFIED, CREATED, MODIFIEDBY, RELATIONTYPEID, TDSID,
GLCODEID, PANNO, TINNO, BANKACCOUNT, BANKNAME, PWDAPPROVALCODE, REGNO, CREATEDBY, STATUSID, GRADEID,
INACTIVEON, PARTYTYPEID, SUBTYPEID, MODEOFPAY ) VALUES ( 
SEQ_RELATION.NEXTVAL, '9/2004', 'T.LOKESWARA RAO', 'S/O RAMA RAO,  MADHIRAPADU, NANDAMURU(P), UNGUTURU'
, 'KRISHNA Dt', 'VIJAYAWADA', '0', NULL, NULL, NULL, '9848128716', NULL, NULL, 1,  TO_Date( '03/31/2008 03:39:29 PM', 'MM/DD/YYYY HH:MI:SS AM')
,  TO_Date( '08/03/2007 03:34:38 PM', 'MM/DD/YYYY HH:MI:SS AM'), 112, 2, NULL, NULL
, NULL, NULL, NULL, NULL, NULL, NULL, 112, NULL, NULL, NULL, 2, NULL, NULL); 
Insert into accountdetailkey
   (ID, GROUPID, DETAILTYPEID, DETAILNAME, DETAILKEY)
 Values
   (seq_accountdetailkey.nextval, 1, 1, 'RELATION_ID',( seq_relation.nextval-1));
   
INSERT INTO RELATION ( ID, CODE, NAME, ADDRESS1, ADDRESS2, CITY, PIN, PHONE, FAX, CONTACTPERSON,
MOBILE, EMAIL, NARRATION, ISACTIVE, LASTMODIFIED, CREATED, MODIFIEDBY, RELATIONTYPEID, TDSID,
GLCODEID, PANNO, TINNO, BANKACCOUNT, BANKNAME, PWDAPPROVALCODE, REGNO, CREATEDBY, STATUSID, GRADEID,
INACTIVEON, PARTYTYPEID, SUBTYPEID, MODEOFPAY ) VALUES ( 
SEQ_RELATION.NEXTVAL, 'E6-51068/05', 'SRI J.RAVI SANKAR', 'VIJAYAWADA', ' ', 'VIJAYAWADA', '0', ' '
, ' ', ' ', ' ', ' ', ' ', 0,  TO_Date( '08/03/2007 04:11:45 PM', 'MM/DD/YYYY HH:MI:SS AM')
,  TO_Date( '08/03/2007 04:11:45 PM', 'MM/DD/YYYY HH:MI:SS AM'), 23, 2, NULL, NULL
, ' ', ' ', ' ', ' ', NULL, NULL, 1, NULL, NULL, NULL, NULL, NULL, NULL); 
Insert into accountdetailkey
   (ID, GROUPID, DETAILTYPEID, DETAILNAME, DETAILKEY)
 Values
   (seq_accountdetailkey.nextval, 1, 1, 'RELATION_ID',( seq_relation.nextval-1));
   
INSERT INTO RELATION ( ID, CODE, NAME, ADDRESS1, ADDRESS2, CITY, PIN, PHONE, FAX, CONTACTPERSON,
MOBILE, EMAIL, NARRATION, ISACTIVE, LASTMODIFIED, CREATED, MODIFIEDBY, RELATIONTYPEID, TDSID,
GLCODEID, PANNO, TINNO, BANKACCOUNT, BANKNAME, PWDAPPROVALCODE, REGNO, CREATEDBY, STATUSID, GRADEID,
INACTIVEON, PARTYTYPEID, SUBTYPEID, MODEOFPAY ) VALUES ( 
SEQ_RELATION.NEXTVAL, 'EE3-71775/06', 'SriJ.S.L.V.RamaDorai', 'vijayawada', NULL, 'vijayawada', '0'
, NULL, NULL, NULL, NULL, NULL, NULL, 0,  TO_Date( '08/04/2007 12:43:26 PM', 'MM/DD/YYYY HH:MI:SS AM')
,  TO_Date( '08/04/2007 12:31:23 PM', 'MM/DD/YYYY HH:MI:SS AM'), 23, 2, NULL, NULL
, NULL, NULL, NULL, NULL, NULL, NULL, 1, NULL, NULL, NULL, NULL, NULL, NULL); 
Insert into accountdetailkey
   (ID, GROUPID, DETAILTYPEID, DETAILNAME, DETAILKEY)
 Values
   (seq_accountdetailkey.nextval, 1, 1, 'RELATION_ID',( seq_relation.nextval-1));
   
INSERT INTO RELATION ( ID, CODE, NAME, ADDRESS1, ADDRESS2, CITY, PIN, PHONE, FAX, CONTACTPERSON,
MOBILE, EMAIL, NARRATION, ISACTIVE, LASTMODIFIED, CREATED, MODIFIEDBY, RELATIONTYPEID, TDSID,
GLCODEID, PANNO, TINNO, BANKACCOUNT, BANKNAME, PWDAPPROVALCODE, REGNO, CREATEDBY, STATUSID, GRADEID,
INACTIVEON, PARTYTYPEID, SUBTYPEID, MODEOFPAY ) VALUES ( 
SEQ_RELATION.NEXTVAL, 'EE3-1995/04', 'Sri.K.VenuPrasad', 'vijayawada', NULL, 'vijayawada', '0', NULL
, NULL, NULL, NULL, NULL, NULL, 0,  TO_Date( '08/04/2007 02:55:55 PM', 'MM/DD/YYYY HH:MI:SS AM')
,  TO_Date( '08/04/2007 02:52:17 PM', 'MM/DD/YYYY HH:MI:SS AM'), 23, 2, NULL, NULL
, NULL, NULL, NULL, NULL, NULL, NULL, 1, NULL, NULL, NULL, NULL, NULL, NULL); 
Insert into accountdetailkey
   (ID, GROUPID, DETAILTYPEID, DETAILNAME, DETAILKEY)
 Values
   (seq_accountdetailkey.nextval, 1, 1, 'RELATION_ID',( seq_relation.nextval-1));
   
INSERT INTO RELATION ( ID, CODE, NAME, ADDRESS1, ADDRESS2, CITY, PIN, PHONE, FAX, CONTACTPERSON,
MOBILE, EMAIL, NARRATION, ISACTIVE, LASTMODIFIED, CREATED, MODIFIEDBY, RELATIONTYPEID, TDSID,
GLCODEID, PANNO, TINNO, BANKACCOUNT, BANKNAME, PWDAPPROVALCODE, REGNO, CREATEDBY, STATUSID, GRADEID,
INACTIVEON, PARTYTYPEID, SUBTYPEID, MODEOFPAY ) VALUES ( 
SEQ_RELATION.NEXTVAL, 'EE3-55201/06', 'SRI N. RAMA MOHAN RAO', 'VIJAYAWADA', ' ', 'VIJAYAWADA', '0'
, ' ', ' ', ' ', ' ', ' ', ' ', 0,  TO_Date( '08/04/2007 02:54:58 PM', 'MM/DD/YYYY HH:MI:SS AM')
,  TO_Date( '08/04/2007 02:54:58 PM', 'MM/DD/YYYY HH:MI:SS AM'), 23, 2, NULL, NULL
, ' ', ' ', ' ', ' ', NULL, NULL, 1, NULL, NULL, NULL, NULL, NULL, NULL); 
Insert into accountdetailkey
   (ID, GROUPID, DETAILTYPEID, DETAILNAME, DETAILKEY)
 Values
   (seq_accountdetailkey.nextval, 1, 1, 'RELATION_ID',( seq_relation.nextval-1));
   
INSERT INTO RELATION ( ID, CODE, NAME, ADDRESS1, ADDRESS2, CITY, PIN, PHONE, FAX, CONTACTPERSON,
MOBILE, EMAIL, NARRATION, ISACTIVE, LASTMODIFIED, CREATED, MODIFIEDBY, RELATIONTYPEID, TDSID,
GLCODEID, PANNO, TINNO, BANKACCOUNT, BANKNAME, PWDAPPROVALCODE, REGNO, CREATEDBY, STATUSID, GRADEID,
INACTIVEON, PARTYTYPEID, SUBTYPEID, MODEOFPAY ) VALUES ( 
SEQ_RELATION.NEXTVAL, 'EE3-49885/06', 'M/S DURGA VLCCS', 'VIJAYAWADA', ' ', 'VIJAYAWADA', '0', ' '
, ' ', ' ', ' ', ' ', ' ', 0,  TO_Date( '08/04/2007 03:10:33 PM', 'MM/DD/YYYY HH:MI:SS AM')
,  TO_Date( '08/04/2007 03:10:33 PM', 'MM/DD/YYYY HH:MI:SS AM'), 23, 2, NULL, NULL
, ' ', ' ', ' ', ' ', NULL, NULL, 1, NULL, NULL, NULL, NULL, NULL, NULL);
Insert into accountdetailkey
   (ID, GROUPID, DETAILTYPEID, DETAILNAME, DETAILKEY)
 Values
   (seq_accountdetailkey.nextval, 1, 1, 'RELATION_ID',( seq_relation.nextval-1));
   
INSERT INTO RELATION ( ID, CODE, NAME, ADDRESS1, ADDRESS2, CITY, PIN, PHONE, FAX, CONTACTPERSON,
MOBILE, EMAIL, NARRATION, ISACTIVE, LASTMODIFIED, CREATED, MODIFIEDBY, RELATIONTYPEID, TDSID,
GLCODEID, PANNO, TINNO, BANKACCOUNT, BANKNAME, PWDAPPROVALCODE, REGNO, CREATEDBY, STATUSID, GRADEID,
INACTIVEON, PARTYTYPEID, SUBTYPEID, MODEOFPAY ) VALUES ( 
SEQ_RELATION.NEXTVAL, 'E3-260/07', 'M/sRamaKrishna vlcc', 'vijayawada', ' ', 'vijayawada', '0', ' '
, ' ', ' ', ' ', ' ', ' ', 0,  TO_Date( '08/04/2007 03:11:31 PM', 'MM/DD/YYYY HH:MI:SS AM')
,  TO_Date( '08/04/2007 03:11:31 PM', 'MM/DD/YYYY HH:MI:SS AM'), 23, 1, NULL, NULL
, ' ', ' ', ' ', ' ', NULL, NULL, 1, NULL, NULL, NULL, NULL, NULL, NULL);
Insert into accountdetailkey
   (ID, GROUPID, DETAILTYPEID, DETAILNAME, DETAILKEY)
 Values
   (seq_accountdetailkey.nextval, 1, 1, 'RELATION_ID',( seq_relation.nextval-1));
   
INSERT INTO RELATION ( ID, CODE, NAME, ADDRESS1, ADDRESS2, CITY, PIN, PHONE, FAX, CONTACTPERSON,
MOBILE, EMAIL, NARRATION, ISACTIVE, LASTMODIFIED, CREATED, MODIFIEDBY, RELATIONTYPEID, TDSID,
GLCODEID, PANNO, TINNO, BANKACCOUNT, BANKNAME, PWDAPPROVALCODE, REGNO, CREATEDBY, STATUSID, GRADEID,
INACTIVEON, PARTYTYPEID, SUBTYPEID, MODEOFPAY ) VALUES ( 
SEQ_RELATION.NEXTVAL, 'E11-491/06', 'SRI CH. CHANDRA SEKHAR', 'VIJAYAWADA', ' ', 'VIJAYAWADA', '0'
, ' ', ' ', ' ', ' ', ' ', ' ', 0,  TO_Date( '08/04/2007 03:28:08 PM', 'MM/DD/YYYY HH:MI:SS AM')
,  TO_Date( '08/04/2007 03:28:08 PM', 'MM/DD/YYYY HH:MI:SS AM'), 23, 2, NULL, NULL
, ' ', ' ', ' ', ' ', NULL, NULL, 1, NULL, NULL, NULL, NULL, NULL, NULL); 
Insert into accountdetailkey
   (ID, GROUPID, DETAILTYPEID, DETAILNAME, DETAILKEY)
 Values
   (seq_accountdetailkey.nextval, 1, 1, 'RELATION_ID',( seq_relation.nextval-1));
   
INSERT INTO RELATION ( ID, CODE, NAME, ADDRESS1, ADDRESS2, CITY, PIN, PHONE, FAX, CONTACTPERSON,
MOBILE, EMAIL, NARRATION, ISACTIVE, LASTMODIFIED, CREATED, MODIFIEDBY, RELATIONTYPEID, TDSID,
GLCODEID, PANNO, TINNO, BANKACCOUNT, BANKNAME, PWDAPPROVALCODE, REGNO, CREATEDBY, STATUSID, GRADEID,
INACTIVEON, PARTYTYPEID, SUBTYPEID, MODEOFPAY ) VALUES ( 
SEQ_RELATION.NEXTVAL, 'E11-933/06', 'M/S .AISHWARYA CONSTRACTION', 'VIJAYAWADA', ' ', 'VIJAYAWADA'
, '0', ' ', ' ', ' ', ' ', ' ', ' ', 0,  TO_Date( '08/04/2007 03:57:39 PM', 'MM/DD/YYYY HH:MI:SS AM')
,  TO_Date( '08/04/2007 03:57:39 PM', 'MM/DD/YYYY HH:MI:SS AM'), 23, 2, NULL, NULL
, ' ', ' ', ' ', ' ', NULL, NULL, 1, NULL, NULL, NULL, NULL, NULL, NULL); 
Insert into accountdetailkey
   (ID, GROUPID, DETAILTYPEID, DETAILNAME, DETAILKEY)
 Values
   (seq_accountdetailkey.nextval, 1, 1, 'RELATION_ID',( seq_relation.nextval-1));
   
INSERT INTO RELATION ( ID, CODE, NAME, ADDRESS1, ADDRESS2, CITY, PIN, PHONE, FAX, CONTACTPERSON,
MOBILE, EMAIL, NARRATION, ISACTIVE, LASTMODIFIED, CREATED, MODIFIEDBY, RELATIONTYPEID, TDSID,
GLCODEID, PANNO, TINNO, BANKACCOUNT, BANKNAME, PWDAPPROVALCODE, REGNO, CREATEDBY, STATUSID, GRADEID,
INACTIVEON, PARTYTYPEID, SUBTYPEID, MODEOFPAY ) VALUES ( 
SEQ_RELATION.NEXTVAL, 'E6/1795/05', 'M/skrishnaConstruction', 'vijayawada', ' ', 'vijayawada', '0'
, ' ', ' ', ' ', ' ', ' ', ' ', 0,  TO_Date( '08/04/2007 04:37:07 PM', 'MM/DD/YYYY HH:MI:SS AM')
,  TO_Date( '08/04/2007 04:37:07 PM', 'MM/DD/YYYY HH:MI:SS AM'), 23, 2, NULL, NULL
, ' ', ' ', ' ', ' ', NULL, NULL, 1, NULL, NULL, NULL, NULL, NULL, NULL); 
Insert into accountdetailkey
   (ID, GROUPID, DETAILTYPEID, DETAILNAME, DETAILKEY)
 Values
   (seq_accountdetailkey.nextval, 1, 1, 'RELATION_ID',( seq_relation.nextval-1));
   
INSERT INTO RELATION ( ID, CODE, NAME, ADDRESS1, ADDRESS2, CITY, PIN, PHONE, FAX, CONTACTPERSON,
MOBILE, EMAIL, NARRATION, ISACTIVE, LASTMODIFIED, CREATED, MODIFIEDBY, RELATIONTYPEID, TDSID,
GLCODEID, PANNO, TINNO, BANKACCOUNT, BANKNAME, PWDAPPROVALCODE, REGNO, CREATEDBY, STATUSID, GRADEID,
INACTIVEON, PARTYTYPEID, SUBTYPEID, MODEOFPAY ) VALUES ( 
SEQ_RELATION.NEXTVAL, 'E11-427/2007', 'V V SUBRAHMANYAM', 'VIJAYAWADA', ' ', 'VIJAYAWADA', '0', ' '
, ' ', ' ', ' ', ' ', ' ', 0,  TO_Date( '08/04/2007 07:19:25 PM', 'MM/DD/YYYY HH:MI:SS AM')
,  TO_Date( '08/04/2007 07:19:25 PM', 'MM/DD/YYYY HH:MI:SS AM'), 65, 2, NULL, NULL
, ' ', ' ', ' ', ' ', NULL, NULL, 1, NULL, NULL, NULL, NULL, NULL, NULL); 
Insert into accountdetailkey
   (ID, GROUPID, DETAILTYPEID, DETAILNAME, DETAILKEY)
 Values
   (seq_accountdetailkey.nextval, 1, 1, 'RELATION_ID',( seq_relation.nextval-1));
   
INSERT INTO RELATION ( ID, CODE, NAME, ADDRESS1, ADDRESS2, CITY, PIN, PHONE, FAX, CONTACTPERSON,
MOBILE, EMAIL, NARRATION, ISACTIVE, LASTMODIFIED, CREATED, MODIFIEDBY, RELATIONTYPEID, TDSID,
GLCODEID, PANNO, TINNO, BANKACCOUNT, BANKNAME, PWDAPPROVALCODE, REGNO, CREATEDBY, STATUSID, GRADEID,
INACTIVEON, PARTYTYPEID, SUBTYPEID, MODEOFPAY ) VALUES ( 
SEQ_RELATION.NEXTVAL, 'EEIII-11034/2007', 'M/SThePanduRanga', 'VIJAYAWADA', ' ', 'VIJAYAWADA', '0'
, ' ', ' ', ' ', ' ', ' ', ' ', 0,  TO_Date( '08/06/2007 02:36:19 PM', 'MM/DD/YYYY HH:MI:SS AM')
,  TO_Date( '08/06/2007 02:36:19 PM', 'MM/DD/YYYY HH:MI:SS AM'), 23, 2, NULL, NULL
, ' ', ' ', ' ', ' ', NULL, NULL, 1, NULL, NULL, NULL, NULL, NULL, NULL); 
Insert into accountdetailkey
   (ID, GROUPID, DETAILTYPEID, DETAILNAME, DETAILKEY)
 Values
   (seq_accountdetailkey.nextval, 1, 1, 'RELATION_ID',( seq_relation.nextval-1));
   
INSERT INTO RELATION ( ID, CODE, NAME, ADDRESS1, ADDRESS2, CITY, PIN, PHONE, FAX, CONTACTPERSON,
MOBILE, EMAIL, NARRATION, ISACTIVE, LASTMODIFIED, CREATED, MODIFIEDBY, RELATIONTYPEID, TDSID,
GLCODEID, PANNO, TINNO, BANKACCOUNT, BANKNAME, PWDAPPROVALCODE, REGNO, CREATEDBY, STATUSID, GRADEID,
INACTIVEON, PARTYTYPEID, SUBTYPEID, MODEOFPAY ) VALUES ( 
SEQ_RELATION.NEXTVAL, 'E6-31007/06', 'J.Ramesh kumar', 'VIJAYAWADA', ' ', 'VIJAYAWADA', '0', ' ', ' '
, ' ', ' ', ' ', ' ', 0,  TO_Date( '08/06/2007 02:46:48 PM', 'MM/DD/YYYY HH:MI:SS AM')
,  TO_Date( '08/06/2007 02:46:48 PM', 'MM/DD/YYYY HH:MI:SS AM'), 23, 2, NULL, NULL
, ' ', ' ', ' ', ' ', NULL, NULL, 1, NULL, NULL, NULL, NULL, NULL, NULL); 
Insert into accountdetailkey
   (ID, GROUPID, DETAILTYPEID, DETAILNAME, DETAILKEY)
 Values
   (seq_accountdetailkey.nextval, 1, 1, 'RELATION_ID',( seq_relation.nextval-1));
   
INSERT INTO RELATION ( ID, CODE, NAME, ADDRESS1, ADDRESS2, CITY, PIN, PHONE, FAX, CONTACTPERSON,
MOBILE, EMAIL, NARRATION, ISACTIVE, LASTMODIFIED, CREATED, MODIFIEDBY, RELATIONTYPEID, TDSID,
GLCODEID, PANNO, TINNO, BANKACCOUNT, BANKNAME, PWDAPPROVALCODE, REGNO, CREATEDBY, STATUSID, GRADEID,
INACTIVEON, PARTYTYPEID, SUBTYPEID, MODEOFPAY ) VALUES ( 
SEQ_RELATION.NEXTVAL, 'EE3-29723/06', 'U.Sivaiah', 'VIJAYAWADA', ' ', 'VIJAYAWADA', '0', ' ', ' ', ' '
, ' ', ' ', ' ', 0,  TO_Date( '08/06/2007 02:59:47 PM', 'MM/DD/YYYY HH:MI:SS AM')
,  TO_Date( '08/06/2007 02:59:47 PM', 'MM/DD/YYYY HH:MI:SS AM'), 23, 2, NULL, NULL
, ' ', ' ', ' ', ' ', NULL, NULL, 1, NULL, NULL, NULL, NULL, NULL, NULL);
Insert into accountdetailkey
   (ID, GROUPID, DETAILTYPEID, DETAILNAME, DETAILKEY)
 Values
   (seq_accountdetailkey.nextval, 1, 1, 'RELATION_ID',( seq_relation.nextval-1));
   
INSERT INTO RELATION ( ID, CODE, NAME, ADDRESS1, ADDRESS2, CITY, PIN, PHONE, FAX, CONTACTPERSON,
MOBILE, EMAIL, NARRATION, ISACTIVE, LASTMODIFIED, CREATED, MODIFIEDBY, RELATIONTYPEID, TDSID,
GLCODEID, PANNO, TINNO, BANKACCOUNT, BANKNAME, PWDAPPROVALCODE, REGNO, CREATEDBY, STATUSID, GRADEID,
INACTIVEON, PARTYTYPEID, SUBTYPEID, MODEOFPAY ) VALUES ( 
SEQ_RELATION.NEXTVAL, 'EEIII-56829/06', 'B.V.Raju', 'VIJAYAWADA', ' ', 'VIJAYAWADA', '0', ' ', ' '
, ' ', ' ', ' ', ' ', 0,  TO_Date( '08/06/2007 03:08:41 PM', 'MM/DD/YYYY HH:MI:SS AM')
,  TO_Date( '08/06/2007 03:08:41 PM', 'MM/DD/YYYY HH:MI:SS AM'), 23, 2, NULL, NULL
, ' ', ' ', ' ', ' ', NULL, NULL, 1, NULL, NULL, NULL, NULL, NULL, NULL); 
Insert into accountdetailkey
   (ID, GROUPID, DETAILTYPEID, DETAILNAME, DETAILKEY)
 Values
   (seq_accountdetailkey.nextval, 1, 1, 'RELATION_ID',( seq_relation.nextval-1));
   
INSERT INTO RELATION ( ID, CODE, NAME, ADDRESS1, ADDRESS2, CITY, PIN, PHONE, FAX, CONTACTPERSON,
MOBILE, EMAIL, NARRATION, ISACTIVE, LASTMODIFIED, CREATED, MODIFIEDBY, RELATIONTYPEID, TDSID,
GLCODEID, PANNO, TINNO, BANKACCOUNT, BANKNAME, PWDAPPROVALCODE, REGNO, CREATEDBY, STATUSID, GRADEID,
INACTIVEON, PARTYTYPEID, SUBTYPEID, MODEOFPAY ) VALUES ( 
SEQ_RELATION.NEXTVAL, 'EE3-13096/07', 'SRI T. LOKESWARA RAO', 'VIJAYAWADA', ' ', 'VIJAYAWADA', '0'
, ' ', ' ', ' ', ' ', ' ', ' ', 0,  TO_Date( '08/06/2007 03:13:20 PM', 'MM/DD/YYYY HH:MI:SS AM')
,  TO_Date( '08/06/2007 03:13:20 PM', 'MM/DD/YYYY HH:MI:SS AM'), 23, 2, NULL, NULL
, ' ', ' ', ' ', ' ', NULL, NULL, 1, NULL, NULL, NULL, NULL, NULL, NULL);
Insert into accountdetailkey
   (ID, GROUPID, DETAILTYPEID, DETAILNAME, DETAILKEY)
 Values
   (seq_accountdetailkey.nextval, 1, 1, 'RELATION_ID',( seq_relation.nextval-1));
   
INSERT INTO RELATION ( ID, CODE, NAME, ADDRESS1, ADDRESS2, CITY, PIN, PHONE, FAX, CONTACTPERSON,
MOBILE, EMAIL, NARRATION, ISACTIVE, LASTMODIFIED, CREATED, MODIFIEDBY, RELATIONTYPEID, TDSID,
GLCODEID, PANNO, TINNO, BANKACCOUNT, BANKNAME, PWDAPPROVALCODE, REGNO, CREATEDBY, STATUSID, GRADEID,
INACTIVEON, PARTYTYPEID, SUBTYPEID, MODEOFPAY ) VALUES ( 
SEQ_RELATION.NEXTVAL, 'EE3-51744/06', 'SRI B. PAPA RAO', 'VIJAYAWADA', ' ', 'VIJAYAWADA', '0', ' '
, ' ', ' ', ' ', ' ', ' ', 0,  TO_Date( '08/06/2007 04:36:52 PM', 'MM/DD/YYYY HH:MI:SS AM')
,  TO_Date( '08/06/2007 04:36:52 PM', 'MM/DD/YYYY HH:MI:SS AM'), 23, 2, NULL, NULL
, ' ', ' ', ' ', ' ', NULL, NULL, 1, NULL, NULL, NULL, NULL, NULL, NULL);
Insert into accountdetailkey
   (ID, GROUPID, DETAILTYPEID, DETAILNAME, DETAILKEY)
 Values
   (seq_accountdetailkey.nextval, 1, 1, 'RELATION_ID',( seq_relation.nextval-1));
   
INSERT INTO RELATION ( ID, CODE, NAME, ADDRESS1, ADDRESS2, CITY, PIN, PHONE, FAX, CONTACTPERSON,
MOBILE, EMAIL, NARRATION, ISACTIVE, LASTMODIFIED, CREATED, MODIFIEDBY, RELATIONTYPEID, TDSID,
GLCODEID, PANNO, TINNO, BANKACCOUNT, BANKNAME, PWDAPPROVALCODE, REGNO, CREATEDBY, STATUSID, GRADEID,
INACTIVEON, PARTYTYPEID, SUBTYPEID, MODEOFPAY ) VALUES ( 
SEQ_RELATION.NEXTVAL, '0003', 'G Nageswararao', 'Patamata', NULL, 'vijayawada', '0', NULL, NULL, NULL
, NULL, NULL, NULL, 0,  TO_Date( '08/07/2007 04:16:36 PM', 'MM/DD/YYYY HH:MI:SS AM')
,  TO_Date( '08/07/2007 03:41:54 PM', 'MM/DD/YYYY HH:MI:SS AM'), 69, 1, NULL, NULL
, NULL, NULL, NULL, NULL, NULL, NULL, 1, NULL, NULL, NULL, NULL, NULL, NULL);
Insert into accountdetailkey
   (ID, GROUPID, DETAILTYPEID, DETAILNAME, DETAILKEY)
 Values
   (seq_accountdetailkey.nextval, 1, 1, 'RELATION_ID',( seq_relation.nextval-1));
   
INSERT INTO RELATION ( ID, CODE, NAME, ADDRESS1, ADDRESS2, CITY, PIN, PHONE, FAX, CONTACTPERSON,
MOBILE, EMAIL, NARRATION, ISACTIVE, LASTMODIFIED, CREATED, MODIFIEDBY, RELATIONTYPEID, TDSID,
GLCODEID, PANNO, TINNO, BANKACCOUNT, BANKNAME, PWDAPPROVALCODE, REGNO, CREATEDBY, STATUSID, GRADEID,
INACTIVEON, PARTYTYPEID, SUBTYPEID, MODEOFPAY ) VALUES ( 
SEQ_RELATION.NEXTVAL, 'EE3-30035/06', 'B.BABJI RAO', 'VIJAYAWADA', ' ', 'VIJAYAWADA', '0', ' ', ' '
, ' ', ' ', ' ', ' ', 0,  TO_Date( '08/07/2007 04:00:03 PM', 'MM/DD/YYYY HH:MI:SS AM')
,  TO_Date( '08/07/2007 04:00:03 PM', 'MM/DD/YYYY HH:MI:SS AM'), 66, 2, NULL, NULL
, ' ', ' ', ' ', ' ', NULL, NULL, 1, NULL, NULL, NULL, NULL, NULL, NULL); 
Insert into accountdetailkey
   (ID, GROUPID, DETAILTYPEID, DETAILNAME, DETAILKEY)
 Values
   (seq_accountdetailkey.nextval, 1, 1, 'RELATION_ID',( seq_relation.nextval-1));


INSERT INTO EGW_TYPEOFWORK ( ID, CODE, PARENTID, DESCRIPTION, CREATEDBY, CREATEDDATE,
LASTMODIFIEDBY, LASTMODIFIEDDATE, PARTYTYPEID ) VALUES ( 
SEQ_EGW_TYPEOFWORK.NEXTVAL, '14', NULL, 'desc1', 116,  TO_Date( '09/24/2008 03:51:49 PM', 'MM/DD/YYYY HH:MI:SS AM')
, 140,  TO_Date( '09/24/2008 04:27:10 PM', 'MM/DD/YYYY HH:MI:SS AM'), 2); 


COMMIT;

