#UP


Insert into EG_DISTRICT
   (DISTRICTID, DISTRICTNAME, DISTRICTCONST, STATEID)
 Values
   (1, 'BELGAUM', '01', 29);
Insert into EG_DISTRICT
   (DISTRICTID, DISTRICTNAME, DISTRICTCONST, STATEID)
 Values
   (2, 'BAGALKOTE', '02', 29);
Insert into EG_DISTRICT
   (DISTRICTID, DISTRICTNAME, DISTRICTCONST, STATEID)
 Values
   (3, 'BIJAPUR', '03', 29);
Insert into EG_DISTRICT
   (DISTRICTID, DISTRICTNAME, DISTRICTCONST, STATEID)
 Values
   (4, 'GULBARGA', '04', 29);
Insert into EG_DISTRICT
   (DISTRICTID, DISTRICTNAME, DISTRICTCONST, STATEID)
 Values
   (5, 'BIDAR', '05', 29);
Insert into EG_DISTRICT
   (DISTRICTID, DISTRICTNAME, DISTRICTCONST, STATEID)
 Values
   (6, 'RAICHUR', '06', 29);
Insert into EG_DISTRICT
   (DISTRICTID, DISTRICTNAME, DISTRICTCONST, STATEID)
 Values
   (7, 'KOPPALA', '07', 29);
Insert into EG_DISTRICT
   (DISTRICTID, DISTRICTNAME, DISTRICTCONST, STATEID)
 Values
   (8, 'GADAG', '08', 29);
Insert into EG_DISTRICT
   (DISTRICTID, DISTRICTNAME, DISTRICTCONST, STATEID)
 Values
   (9, 'DHARWAD', '09', 29);
Insert into EG_DISTRICT
   (DISTRICTID, DISTRICTNAME, DISTRICTCONST, STATEID)
 Values
   (10, 'UTTARA KANNADA', '10', 29);
Insert into EG_DISTRICT
   (DISTRICTID, DISTRICTNAME, DISTRICTCONST, STATEID)
 Values
   (11, 'HAVERI', '11', 29);
Insert into EG_DISTRICT
   (DISTRICTID, DISTRICTNAME, DISTRICTCONST, STATEID)
 Values
   (12, 'BELLARY', '12', 29);
Insert into EG_DISTRICT
   (DISTRICTID, DISTRICTNAME, DISTRICTCONST, STATEID)
 Values
   (13, 'CHITRADURGA', '13', 29);
Insert into EG_DISTRICT
   (DISTRICTID, DISTRICTNAME, DISTRICTCONST, STATEID)
 Values
   (14, 'DAVANAGERE', '14', 29);
Insert into EG_DISTRICT
   (DISTRICTID, DISTRICTNAME, DISTRICTCONST, STATEID)
 Values
   (15, 'SHIMOGA', '15', 29);
Insert into EG_DISTRICT
   (DISTRICTID, DISTRICTNAME, DISTRICTCONST, STATEID)
 Values
   (16, 'UDUPI', '16', 29);
Insert into EG_DISTRICT
   (DISTRICTID, DISTRICTNAME, DISTRICTCONST, STATEID)
 Values
   (17, 'CHICKMAGALUR', '17', 29);
Insert into EG_DISTRICT
   (DISTRICTID, DISTRICTNAME, DISTRICTCONST, STATEID)
 Values
   (18, 'TUMKUR', '18', 29);
Insert into EG_DISTRICT
   (DISTRICTID, DISTRICTNAME, DISTRICTCONST, STATEID)
 Values
   (19, 'KOLAR', '19', 29);
Insert into EG_DISTRICT
   (DISTRICTID, DISTRICTNAME, DISTRICTCONST, STATEID)
 Values
   (20, 'BANGALORE(U)', '20', 29);
Insert into EG_DISTRICT
   (DISTRICTID, DISTRICTNAME, DISTRICTCONST, STATEID)
 Values
   (21, 'BANGALORE(R)', '21', 29);
Insert into EG_DISTRICT
   (DISTRICTID, DISTRICTNAME, DISTRICTCONST, STATEID)
 Values
   (22, 'MANDYA', '22', 29);
Insert into EG_DISTRICT
   (DISTRICTID, DISTRICTNAME, DISTRICTCONST, STATEID)
 Values
   (23, 'HASSAN', '23', 29);
Insert into EG_DISTRICT
   (DISTRICTID, DISTRICTNAME, DISTRICTCONST, STATEID)
 Values
   (24, 'DAKSHIN KANNADA', '24', 29);
Insert into EG_DISTRICT
   (DISTRICTID, DISTRICTNAME, DISTRICTCONST, STATEID)
 Values
   (25, 'KODAGU', '25', 29);
Insert into EG_DISTRICT
   (DISTRICTID, DISTRICTNAME, DISTRICTCONST, STATEID)
 Values
   (26, 'MYSORE', '26', 29);
Insert into EG_DISTRICT
   (DISTRICTID, DISTRICTNAME, DISTRICTCONST, STATEID)
 Values
   (27, 'CHAMARAJANAGAR', '27', 29);
Insert into EG_DISTRICT
   (DISTRICTID, DISTRICTNAME, DISTRICTCONST, STATEID)
 Values
   (28, 'RAMANAGARA', '28', 29);
Insert into EG_DISTRICT
   (DISTRICTID, DISTRICTNAME, DISTRICTCONST, STATEID)
 Values
   (29, 'CHIKKABALLAPURA', '29', 29);


Insert into EG_TALUK
   (TALUKID, TALUKCONST, TALUKNAME, DISTRICTID, STATEID)
 Values
   (1, '01', 'CHIKODI', 1, 29);
Insert into EG_TALUK
   (TALUKID, TALUKCONST, TALUKNAME, DISTRICTID, STATEID)
 Values
   (2, '02', 'ATHANI', 1, 29);
Insert into EG_TALUK
   (TALUKID, TALUKCONST, TALUKNAME, DISTRICTID, STATEID)
 Values
   (3, '03', 'RAIBAG', 1, 29);
Insert into EG_TALUK
   (TALUKID, TALUKCONST, TALUKNAME, DISTRICTID, STATEID)
 Values
   (4, '04', 'GOKAK', 1, 29);
Insert into EG_TALUK
   (TALUKID, TALUKCONST, TALUKNAME, DISTRICTID, STATEID)
 Values
   (5, '05', 'HUKKERI', 1, 29);
Insert into EG_TALUK
   (TALUKID, TALUKCONST, TALUKNAME, DISTRICTID, STATEID)
 Values
   (6, '06', 'BELGAUM', 1, 29);
Insert into EG_TALUK
   (TALUKID, TALUKCONST, TALUKNAME, DISTRICTID, STATEID)
 Values
   (7, '07', 'KHANAPUR', 1, 29);
Insert into EG_TALUK
   (TALUKID, TALUKCONST, TALUKNAME, DISTRICTID, STATEID)
 Values
   (8, '08', 'SAMPAGAON                    ', 1, 29);
Insert into EG_TALUK
   (TALUKID, TALUKCONST, TALUKNAME, DISTRICTID, STATEID)
 Values
   (9, '09', 'PARASGAD', 1, 29);
Insert into EG_TALUK
   (TALUKID, TALUKCONST, TALUKNAME, DISTRICTID, STATEID)
 Values
   (10, '10', 'RAMADURG', 1, 29);
Insert into EG_TALUK
   (TALUKID, TALUKCONST, TALUKNAME, DISTRICTID, STATEID)
 Values
   (11, '01', 'JAMKHANDI', 2, 29);
Insert into EG_TALUK
   (TALUKID, TALUKCONST, TALUKNAME, DISTRICTID, STATEID)
 Values
   (12, '02', 'BILAGI', 2, 29);
Insert into EG_TALUK
   (TALUKID, TALUKCONST, TALUKNAME, DISTRICTID, STATEID)
 Values
   (13, '03', 'MUDHOL', 2, 29);
Insert into EG_TALUK
   (TALUKID, TALUKCONST, TALUKNAME, DISTRICTID, STATEID)
 Values
   (14, '04', 'BADAMI', 2, 29);
Insert into EG_TALUK
   (TALUKID, TALUKCONST, TALUKNAME, DISTRICTID, STATEID)
 Values
   (15, '05', 'BAGALKOTE', 2, 29);
Insert into EG_TALUK
   (TALUKID, TALUKCONST, TALUKNAME, DISTRICTID, STATEID)
 Values
   (16, '06', 'HUNGUND', 2, 29);
Insert into EG_TALUK
   (TALUKID, TALUKCONST, TALUKNAME, DISTRICTID, STATEID)
 Values
   (17, '01', 'BIJAPUR', 3, 29);
Insert into EG_TALUK
   (TALUKID, TALUKCONST, TALUKNAME, DISTRICTID, STATEID)
 Values
   (18, '02', 'INDI', 3, 29);
Insert into EG_TALUK
   (TALUKID, TALUKCONST, TALUKNAME, DISTRICTID, STATEID)
 Values
   (19, '03', 'SINDAGI', 3, 29);
Insert into EG_TALUK
   (TALUKID, TALUKCONST, TALUKNAME, DISTRICTID, STATEID)
 Values
   (20, '04', 'BASAVANA BAGEWADI', 3, 29);
Insert into EG_TALUK
   (TALUKID, TALUKCONST, TALUKNAME, DISTRICTID, STATEID)
 Values
   (21, '05', 'MUDDEBIHAL', 3, 29);
Insert into EG_TALUK
   (TALUKID, TALUKCONST, TALUKNAME, DISTRICTID, STATEID)
 Values
   (22, '01', 'ALAND', 4, 29);
Insert into EG_TALUK
   (TALUKID, TALUKCONST, TALUKNAME, DISTRICTID, STATEID)
 Values
   (23, '02', 'AFZALPUR', 4, 29);
Insert into EG_TALUK
   (TALUKID, TALUKCONST, TALUKNAME, DISTRICTID, STATEID)
 Values
   (24, '03', 'GULBARGA', 4, 29);
Insert into EG_TALUK
   (TALUKID, TALUKCONST, TALUKNAME, DISTRICTID, STATEID)
 Values
   (25, '04', 'CHINCHOLI        ', 4, 29);
Insert into EG_TALUK
   (TALUKID, TALUKCONST, TALUKNAME, DISTRICTID, STATEID)
 Values
   (26, '05', 'SEDAM', 4, 29);
Insert into EG_TALUK
   (TALUKID, TALUKCONST, TALUKNAME, DISTRICTID, STATEID)
 Values
   (27, '06', 'CHITAPUR', 4, 29);
Insert into EG_TALUK
   (TALUKID, TALUKCONST, TALUKNAME, DISTRICTID, STATEID)
 Values
   (28, '07', 'JEWARGI', 4, 29);
Insert into EG_TALUK
   (TALUKID, TALUKCONST, TALUKNAME, DISTRICTID, STATEID)
 Values
   (29, '08', 'SHORAPUR', 4, 29);
Insert into EG_TALUK
   (TALUKID, TALUKCONST, TALUKNAME, DISTRICTID, STATEID)
 Values
   (30, '09', 'SHAHAPUR', 4, 29);
Insert into EG_TALUK
   (TALUKID, TALUKCONST, TALUKNAME, DISTRICTID, STATEID)
 Values
   (31, '10', 'YADGIR', 4, 29);
Insert into EG_TALUK
   (TALUKID, TALUKCONST, TALUKNAME, DISTRICTID, STATEID)
 Values
   (32, '01', 'BASAVAKALYAN', 5, 29);
Insert into EG_TALUK
   (TALUKID, TALUKCONST, TALUKNAME, DISTRICTID, STATEID)
 Values
   (33, '2', 'BHALKI', 5, 29);
Insert into EG_TALUK
   (TALUKID, TALUKCONST, TALUKNAME, DISTRICTID, STATEID)
 Values
   (34, '03', 'AURAD', 5, 29);
Insert into EG_TALUK
   (TALUKID, TALUKCONST, TALUKNAME, DISTRICTID, STATEID)
 Values
   (35, '04', 'BIDAR', 5, 29);
Insert into EG_TALUK
   (TALUKID, TALUKCONST, TALUKNAME, DISTRICTID, STATEID)
 Values
   (36, '05', 'HUMNABAD', 5, 29);
Insert into EG_TALUK
   (TALUKID, TALUKCONST, TALUKNAME, DISTRICTID, STATEID)
 Values
   (37, '01', 'LINGASUGUR', 6, 29);
Insert into EG_TALUK
   (TALUKID, TALUKCONST, TALUKNAME, DISTRICTID, STATEID)
 Values
   (38, '02', 'DEVADURGA', 6, 29);
Insert into EG_TALUK
   (TALUKID, TALUKCONST, TALUKNAME, DISTRICTID, STATEID)
 Values
   (39, '03', 'RAICHUR', 6, 29);
Insert into EG_TALUK
   (TALUKID, TALUKCONST, TALUKNAME, DISTRICTID, STATEID)
 Values
   (40, '04', 'MANVI', 6, 29);
Insert into EG_TALUK
   (TALUKID, TALUKCONST, TALUKNAME, DISTRICTID, STATEID)
 Values
   (41, '05', 'SINDHANUR', 6, 29);
Insert into EG_TALUK
   (TALUKID, TALUKCONST, TALUKNAME, DISTRICTID, STATEID)
 Values
   (42, '01', 'YELBURGA', 7, 29);
Insert into EG_TALUK
   (TALUKID, TALUKCONST, TALUKNAME, DISTRICTID, STATEID)
 Values
   (43, '02', 'KUSHTAGI', 7, 29);
Insert into EG_TALUK
   (TALUKID, TALUKCONST, TALUKNAME, DISTRICTID, STATEID)
 Values
   (44, '03', 'GANGAVATHI', 7, 29);
Insert into EG_TALUK
   (TALUKID, TALUKCONST, TALUKNAME, DISTRICTID, STATEID)
 Values
   (45, '04', 'KOPPALA', 7, 29);
Insert into EG_TALUK
   (TALUKID, TALUKCONST, TALUKNAME, DISTRICTID, STATEID)
 Values
   (46, '01', 'DHARWAD', 9, 29);
Insert into EG_TALUK
   (TALUKID, TALUKCONST, TALUKNAME, DISTRICTID, STATEID)
 Values
   (47, '02', 'NAVALGUND', 9, 29);
Insert into EG_TALUK
   (TALUKID, TALUKCONST, TALUKNAME, DISTRICTID, STATEID)
 Values
   (48, '03', 'HUBLI', 9, 29);
Insert into EG_TALUK
   (TALUKID, TALUKCONST, TALUKNAME, DISTRICTID, STATEID)
 Values
   (49, '04', 'KALAGHATAGI', 9, 29);
Insert into EG_TALUK
   (TALUKID, TALUKCONST, TALUKNAME, DISTRICTID, STATEID)
 Values
   (50, '05', 'KUNDAGOL', 9, 29);
Insert into EG_TALUK
   (TALUKID, TALUKCONST, TALUKNAME, DISTRICTID, STATEID)
 Values
   (51, '01', 'NARGUND', 8, 29);
Insert into EG_TALUK
   (TALUKID, TALUKCONST, TALUKNAME, DISTRICTID, STATEID)
 Values
   (52, '02', 'RON', 8, 29);
Insert into EG_TALUK
   (TALUKID, TALUKCONST, TALUKNAME, DISTRICTID, STATEID)
 Values
   (53, '03', 'GADAG', 8, 29);
Insert into EG_TALUK
   (TALUKID, TALUKCONST, TALUKNAME, DISTRICTID, STATEID)
 Values
   (54, '04', 'SHIRAHATTI', 8, 29);
Insert into EG_TALUK
   (TALUKID, TALUKCONST, TALUKNAME, DISTRICTID, STATEID)
 Values
   (55, '05', 'MUNDARAGI', 8, 29);
Insert into EG_TALUK
   (TALUKID, TALUKCONST, TALUKNAME, DISTRICTID, STATEID)
 Values
   (56, '01', 'KARWAR', 10, 29);
Insert into EG_TALUK
   (TALUKID, TALUKCONST, TALUKNAME, DISTRICTID, STATEID)
 Values
   (57, '02', 'SUPA', 10, 29);
Insert into EG_TALUK
   (TALUKID, TALUKCONST, TALUKNAME, DISTRICTID, STATEID)
 Values
   (58, '03', 'HALIYAL', 10, 29);
Insert into EG_TALUK
   (TALUKID, TALUKCONST, TALUKNAME, DISTRICTID, STATEID)
 Values
   (59, '04', 'YELLAPUR', 10, 29);
Insert into EG_TALUK
   (TALUKID, TALUKCONST, TALUKNAME, DISTRICTID, STATEID)
 Values
   (60, '05', 'MUNDAGOD', 10, 29);
Insert into EG_TALUK
   (TALUKID, TALUKCONST, TALUKNAME, DISTRICTID, STATEID)
 Values
   (61, '06', 'SIRSI', 10, 29);
Insert into EG_TALUK
   (TALUKID, TALUKCONST, TALUKNAME, DISTRICTID, STATEID)
 Values
   (62, '07', 'ANKOLA', 10, 29);
Insert into EG_TALUK
   (TALUKID, TALUKCONST, TALUKNAME, DISTRICTID, STATEID)
 Values
   (63, '08', 'KUMTA', 10, 29);
Insert into EG_TALUK
   (TALUKID, TALUKCONST, TALUKNAME, DISTRICTID, STATEID)
 Values
   (64, '09', 'SIDDAPURA', 10, 29);
Insert into EG_TALUK
   (TALUKID, TALUKCONST, TALUKNAME, DISTRICTID, STATEID)
 Values
   (65, '10', 'HONNAVAR', 10, 29);
Insert into EG_TALUK
   (TALUKID, TALUKCONST, TALUKNAME, DISTRICTID, STATEID)
 Values
   (66, '11', 'BHATKAL                           ', 10, 29);
Insert into EG_TALUK
   (TALUKID, TALUKCONST, TALUKNAME, DISTRICTID, STATEID)
 Values
   (67, '01', 'Shiggon', 11, 29);
Insert into EG_TALUK
   (TALUKID, TALUKCONST, TALUKNAME, DISTRICTID, STATEID)
 Values
   (68, '02', 'Savanur', 11, 29);
Insert into EG_TALUK
   (TALUKID, TALUKCONST, TALUKNAME, DISTRICTID, STATEID)
 Values
   (69, '03', 'HANAGAL', 11, 29);
Insert into EG_TALUK
   (TALUKID, TALUKCONST, TALUKNAME, DISTRICTID, STATEID)
 Values
   (70, '04', 'Haveri', 11, 29);
Insert into EG_TALUK
   (TALUKID, TALUKCONST, TALUKNAME, DISTRICTID, STATEID)
 Values
   (71, '05', 'BYADAGI', 11, 29);
Insert into EG_TALUK
   (TALUKID, TALUKCONST, TALUKNAME, DISTRICTID, STATEID)
 Values
   (72, '06', 'Hirekerur', 11, 29);
Insert into EG_TALUK
   (TALUKID, TALUKCONST, TALUKNAME, DISTRICTID, STATEID)
 Values
   (73, '07', 'Ranibennur', 11, 29);
Insert into EG_TALUK
   (TALUKID, TALUKCONST, TALUKNAME, DISTRICTID, STATEID)
 Values
   (74, '01', 'HADAGALLI', 12, 29);
Insert into EG_TALUK
   (TALUKID, TALUKCONST, TALUKNAME, DISTRICTID, STATEID)
 Values
   (75, '2', 'HAGARIBOMMANAHALLI', 12, 29);
Insert into EG_TALUK
   (TALUKID, TALUKCONST, TALUKNAME, DISTRICTID, STATEID)
 Values
   (76, '03', 'HOSPET', 12, 29);
Insert into EG_TALUK
   (TALUKID, TALUKCONST, TALUKNAME, DISTRICTID, STATEID)
 Values
   (77, '04', 'SIRUGUPPA', 12, 29);
Insert into EG_TALUK
   (TALUKID, TALUKCONST, TALUKNAME, DISTRICTID, STATEID)
 Values
   (78, '05', 'BELLARY', 12, 29);
Insert into EG_TALUK
   (TALUKID, TALUKCONST, TALUKNAME, DISTRICTID, STATEID)
 Values
   (79, '06', 'SANDUR', 12, 29);
Insert into EG_TALUK
   (TALUKID, TALUKCONST, TALUKNAME, DISTRICTID, STATEID)
 Values
   (80, '07', 'KUDLIGI', 12, 29);
Insert into EG_TALUK
   (TALUKID, TALUKCONST, TALUKNAME, DISTRICTID, STATEID)
 Values
   (81, '01', 'MOLAKALMURU', 13, 29);
Insert into EG_TALUK
   (TALUKID, TALUKCONST, TALUKNAME, DISTRICTID, STATEID)
 Values
   (82, '02', 'CHALLAKERE', 13, 29);
Insert into EG_TALUK
   (TALUKID, TALUKCONST, TALUKNAME, DISTRICTID, STATEID)
 Values
   (83, '03', 'CHITRADURGA', 13, 29);
Insert into EG_TALUK
   (TALUKID, TALUKCONST, TALUKNAME, DISTRICTID, STATEID)
 Values
   (84, '04', 'HOLALKERE', 13, 29);
Insert into EG_TALUK
   (TALUKID, TALUKCONST, TALUKNAME, DISTRICTID, STATEID)
 Values
   (85, '05', 'HOSADURGA', 13, 29);
Insert into EG_TALUK
   (TALUKID, TALUKCONST, TALUKNAME, DISTRICTID, STATEID)
 Values
   (86, '06', 'HIRIYUR', 13, 29);
Insert into EG_TALUK
   (TALUKID, TALUKCONST, TALUKNAME, DISTRICTID, STATEID)
 Values
   (87, '01', 'HARIHARA', 14, 29);
Insert into EG_TALUK
   (TALUKID, TALUKCONST, TALUKNAME, DISTRICTID, STATEID)
 Values
   (88, '02', 'HARAPANAHALLI', 14, 29);
Insert into EG_TALUK
   (TALUKID, TALUKCONST, TALUKNAME, DISTRICTID, STATEID)
 Values
   (89, '03', 'JAGALUR', 14, 29);
Insert into EG_TALUK
   (TALUKID, TALUKCONST, TALUKNAME, DISTRICTID, STATEID)
 Values
   (90, '04', 'DAVANGERE', 14, 29);
Insert into EG_TALUK
   (TALUKID, TALUKCONST, TALUKNAME, DISTRICTID, STATEID)
 Values
   (91, '05', 'HONNALI', 14, 29);
Insert into EG_TALUK
   (TALUKID, TALUKCONST, TALUKNAME, DISTRICTID, STATEID)
 Values
   (92, '06', 'CHANNAGIRI', 14, 29);
Insert into EG_TALUK
   (TALUKID, TALUKCONST, TALUKNAME, DISTRICTID, STATEID)
 Values
   (93, '01', 'SAGAR', 15, 29);
Insert into EG_TALUK
   (TALUKID, TALUKCONST, TALUKNAME, DISTRICTID, STATEID)
 Values
   (94, '02', 'SORABA', 15, 29);
Insert into EG_TALUK
   (TALUKID, TALUKCONST, TALUKNAME, DISTRICTID, STATEID)
 Values
   (95, '03', 'SHIKARIPURA', 15, 29);
Insert into EG_TALUK
   (TALUKID, TALUKCONST, TALUKNAME, DISTRICTID, STATEID)
 Values
   (96, '04', 'HOSANAGARA', 15, 29);
Insert into EG_TALUK
   (TALUKID, TALUKCONST, TALUKNAME, DISTRICTID, STATEID)
 Values
   (97, '05', 'THIRTHAHALLI', 15, 29);
Insert into EG_TALUK
   (TALUKID, TALUKCONST, TALUKNAME, DISTRICTID, STATEID)
 Values
   (98, '06', 'SHIMOGA', 15, 29);
Insert into EG_TALUK
   (TALUKID, TALUKCONST, TALUKNAME, DISTRICTID, STATEID)
 Values
   (99, '07', 'BHADRAVATHI', 15, 29);
Insert into EG_TALUK
   (TALUKID, TALUKCONST, TALUKNAME, DISTRICTID, STATEID)
 Values
   (100, '01', 'KUNDAPURA', 16, 29);
Insert into EG_TALUK
   (TALUKID, TALUKCONST, TALUKNAME, DISTRICTID, STATEID)
 Values
   (101, '02', 'UDUPI', 16, 29);
Insert into EG_TALUK
   (TALUKID, TALUKCONST, TALUKNAME, DISTRICTID, STATEID)
 Values
   (102, '03', 'KARKALA', 16, 29);
Insert into EG_TALUK
   (TALUKID, TALUKCONST, TALUKNAME, DISTRICTID, STATEID)
 Values
   (103, '01', 'SRINGERI', 17, 29);
Insert into EG_TALUK
   (TALUKID, TALUKCONST, TALUKNAME, DISTRICTID, STATEID)
 Values
   (104, '02', 'KOPPA', 17, 29);
Insert into EG_TALUK
   (TALUKID, TALUKCONST, TALUKNAME, DISTRICTID, STATEID)
 Values
   (105, '03', 'NARASIMHARAJAPURA', 17, 29);
Insert into EG_TALUK
   (TALUKID, TALUKCONST, TALUKNAME, DISTRICTID, STATEID)
 Values
   (106, '04', 'TARIKERE', 17, 29);
Insert into EG_TALUK
   (TALUKID, TALUKCONST, TALUKNAME, DISTRICTID, STATEID)
 Values
   (107, '05', 'KADUR', 17, 29);
Insert into EG_TALUK
   (TALUKID, TALUKCONST, TALUKNAME, DISTRICTID, STATEID)
 Values
   (108, '06', 'CHICKMAGALUR', 17, 29);
Insert into EG_TALUK
   (TALUKID, TALUKCONST, TALUKNAME, DISTRICTID, STATEID)
 Values
   (109, '07', 'MUDIGERE', 17, 29);
Insert into EG_TALUK
   (TALUKID, TALUKCONST, TALUKNAME, DISTRICTID, STATEID)
 Values
   (110, '01', 'CHIKNAYAKANAHALLI', 18, 29);
Insert into EG_TALUK
   (TALUKID, TALUKCONST, TALUKNAME, DISTRICTID, STATEID)
 Values
   (111, '02', 'SIRA', 18, 29);
Insert into EG_TALUK
   (TALUKID, TALUKCONST, TALUKNAME, DISTRICTID, STATEID)
 Values
   (112, '03', 'PAVAGADA', 18, 29);
Insert into EG_TALUK
   (TALUKID, TALUKCONST, TALUKNAME, DISTRICTID, STATEID)
 Values
   (113, '04', 'MADHUGIRI', 18, 29);
Insert into EG_TALUK
   (TALUKID, TALUKCONST, TALUKNAME, DISTRICTID, STATEID)
 Values
   (114, '05', 'KORATAGERE', 18, 29);
Insert into EG_TALUK
   (TALUKID, TALUKCONST, TALUKNAME, DISTRICTID, STATEID)
 Values
   (115, '06', 'TUMKUR', 18, 29);
Insert into EG_TALUK
   (TALUKID, TALUKCONST, TALUKNAME, DISTRICTID, STATEID)
 Values
   (116, '07', 'GUBBI', 18, 29);
Insert into EG_TALUK
   (TALUKID, TALUKCONST, TALUKNAME, DISTRICTID, STATEID)
 Values
   (117, '08', 'TIPTUR', 18, 29);
Insert into EG_TALUK
   (TALUKID, TALUKCONST, TALUKNAME, DISTRICTID, STATEID)
 Values
   (118, '09', 'TURUVEKERE', 18, 29);
Insert into EG_TALUK
   (TALUKID, TALUKCONST, TALUKNAME, DISTRICTID, STATEID)
 Values
   (119, '10', 'KUNIGAL                            ', 18, 29);
Insert into EG_TALUK
   (TALUKID, TALUKCONST, TALUKNAME, DISTRICTID, STATEID)
 Values
   (120, '01', 'GOWRIBIDANUR', 29, 29);
Insert into EG_TALUK
   (TALUKID, TALUKCONST, TALUKNAME, DISTRICTID, STATEID)
 Values
   (121, '02', 'CHIKKABALLAPURA', 29, 29);
Insert into EG_TALUK
   (TALUKID, TALUKCONST, TALUKNAME, DISTRICTID, STATEID)
 Values
   (122, '03', 'GUDIBANDE', 29, 29);
Insert into EG_TALUK
   (TALUKID, TALUKCONST, TALUKNAME, DISTRICTID, STATEID)
 Values
   (123, '04', 'BAGEPALLI', 29, 29);
Insert into EG_TALUK
   (TALUKID, TALUKCONST, TALUKNAME, DISTRICTID, STATEID)
 Values
   (124, '05', 'SIDDLAGHATTA', 29, 29);
Insert into EG_TALUK
   (TALUKID, TALUKCONST, TALUKNAME, DISTRICTID, STATEID)
 Values
   (125, '06', 'CHINTAMANI', 29, 29);
Insert into EG_TALUK
   (TALUKID, TALUKCONST, TALUKNAME, DISTRICTID, STATEID)
 Values
   (126, '07', 'SRINIVASAPURA', 19, 29);
Insert into EG_TALUK
   (TALUKID, TALUKCONST, TALUKNAME, DISTRICTID, STATEID)
 Values
   (127, '08', 'KOLAR', 19, 29);
Insert into EG_TALUK
   (TALUKID, TALUKCONST, TALUKNAME, DISTRICTID, STATEID)
 Values
   (128, '09', 'MALUR', 19, 29);
Insert into EG_TALUK
   (TALUKID, TALUKCONST, TALUKNAME, DISTRICTID, STATEID)
 Values
   (129, '10', 'BANGARAPET', 19, 29);
Insert into EG_TALUK
   (TALUKID, TALUKCONST, TALUKNAME, DISTRICTID, STATEID)
 Values
   (130, '11', 'MULABAGILU', 19, 29);
Insert into EG_TALUK
   (TALUKID, TALUKCONST, TALUKNAME, DISTRICTID, STATEID)
 Values
   (131, '01', 'BANGALORE NORTH', 20, 29);
Insert into EG_TALUK
   (TALUKID, TALUKCONST, TALUKNAME, DISTRICTID, STATEID)
 Values
   (132, '02', 'BANGALORE SOUTH', 20, 29);
Insert into EG_TALUK
   (TALUKID, TALUKCONST, TALUKNAME, DISTRICTID, STATEID)
 Values
   (133, '03', 'ANEKAL', 20, 29);
Insert into EG_TALUK
   (TALUKID, TALUKCONST, TALUKNAME, DISTRICTID, STATEID)
 Values
   (134, '01', 'NELAMANGALA', 21, 29);
Insert into EG_TALUK
   (TALUKID, TALUKCONST, TALUKNAME, DISTRICTID, STATEID)
 Values
   (135, '02', 'DODDABALLAPURA', 21, 29);
Insert into EG_TALUK
   (TALUKID, TALUKCONST, TALUKNAME, DISTRICTID, STATEID)
 Values
   (136, '03', 'DEVANAHALLI', 21, 29);
Insert into EG_TALUK
   (TALUKID, TALUKCONST, TALUKNAME, DISTRICTID, STATEID)
 Values
   (137, '04', 'HOSKOTE', 21, 29);
Insert into EG_TALUK
   (TALUKID, TALUKCONST, TALUKNAME, DISTRICTID, STATEID)
 Values
   (138, '05', 'MAGADI', 28, 29);
Insert into EG_TALUK
   (TALUKID, TALUKCONST, TALUKNAME, DISTRICTID, STATEID)
 Values
   (139, '06', 'RAMANAGARA', 28, 29);
Insert into EG_TALUK
   (TALUKID, TALUKCONST, TALUKNAME, DISTRICTID, STATEID)
 Values
   (140, '07', 'CHANNAPATNA', 28, 29);
Insert into EG_TALUK
   (TALUKID, TALUKCONST, TALUKNAME, DISTRICTID, STATEID)
 Values
   (141, '08', 'KANAKAPURA', 28, 29);
Insert into EG_TALUK
   (TALUKID, TALUKCONST, TALUKNAME, DISTRICTID, STATEID)
 Values
   (142, '01', 'KRISHNARAJPET', 22, 29);
Insert into EG_TALUK
   (TALUKID, TALUKCONST, TALUKNAME, DISTRICTID, STATEID)
 Values
   (143, '02', 'NAGAMANGALA', 22, 29);
Insert into EG_TALUK
   (TALUKID, TALUKCONST, TALUKNAME, DISTRICTID, STATEID)
 Values
   (144, '03', 'PANDAVAPURA', 22, 29);
Insert into EG_TALUK
   (TALUKID, TALUKCONST, TALUKNAME, DISTRICTID, STATEID)
 Values
   (145, '04', 'SRIRANGAPATNA', 22, 29);
Insert into EG_TALUK
   (TALUKID, TALUKCONST, TALUKNAME, DISTRICTID, STATEID)
 Values
   (146, '05', 'MANDYA', 22, 29);
Insert into EG_TALUK
   (TALUKID, TALUKCONST, TALUKNAME, DISTRICTID, STATEID)
 Values
   (147, '06', 'MADDUR', 22, 29);
Insert into EG_TALUK
   (TALUKID, TALUKCONST, TALUKNAME, DISTRICTID, STATEID)
 Values
   (148, '07', 'MALAVALLI', 22, 29);
Insert into EG_TALUK
   (TALUKID, TALUKCONST, TALUKNAME, DISTRICTID, STATEID)
 Values
   (149, '01', 'SAKALESHPURA', 23, 29);
Insert into EG_TALUK
   (TALUKID, TALUKCONST, TALUKNAME, DISTRICTID, STATEID)
 Values
   (150, '02', 'BELUR', 23, 29);
Insert into EG_TALUK
   (TALUKID, TALUKCONST, TALUKNAME, DISTRICTID, STATEID)
 Values
   (151, '03', 'ARASIKERE', 23, 29);
Insert into EG_TALUK
   (TALUKID, TALUKCONST, TALUKNAME, DISTRICTID, STATEID)
 Values
   (152, '04', 'HASSAN', 23, 29);
Insert into EG_TALUK
   (TALUKID, TALUKCONST, TALUKNAME, DISTRICTID, STATEID)
 Values
   (153, '05', 'ALUR', 23, 29);
Insert into EG_TALUK
   (TALUKID, TALUKCONST, TALUKNAME, DISTRICTID, STATEID)
 Values
   (154, '06', 'ARAKALGUD', 23, 29);
Insert into EG_TALUK
   (TALUKID, TALUKCONST, TALUKNAME, DISTRICTID, STATEID)
 Values
   (155, '07', 'HOLENARASIPURA', 23, 29);
Insert into EG_TALUK
   (TALUKID, TALUKCONST, TALUKNAME, DISTRICTID, STATEID)
 Values
   (156, '08', 'CHANNARAYAPATNA', 23, 29);
Insert into EG_TALUK
   (TALUKID, TALUKCONST, TALUKNAME, DISTRICTID, STATEID)
 Values
   (157, '01', 'MANGALORE ', 24, 29);
Insert into EG_TALUK
   (TALUKID, TALUKCONST, TALUKNAME, DISTRICTID, STATEID)
 Values
   (158, '02', 'BANTWAL', 24, 29);
Insert into EG_TALUK
   (TALUKID, TALUKCONST, TALUKNAME, DISTRICTID, STATEID)
 Values
   (159, '03', 'BELTHANGADI', 24, 29);
Insert into EG_TALUK
   (TALUKID, TALUKCONST, TALUKNAME, DISTRICTID, STATEID)
 Values
   (160, '04', 'PUTTUR', 24, 29);
Insert into EG_TALUK
   (TALUKID, TALUKCONST, TALUKNAME, DISTRICTID, STATEID)
 Values
   (161, '05', 'SULLIA', 24, 29);
Insert into EG_TALUK
   (TALUKID, TALUKCONST, TALUKNAME, DISTRICTID, STATEID)
 Values
   (162, '01', 'MADIKERI', 25, 29);
Insert into EG_TALUK
   (TALUKID, TALUKCONST, TALUKNAME, DISTRICTID, STATEID)
 Values
   (163, '02', 'SOMVARPET', 25, 29);
Insert into EG_TALUK
   (TALUKID, TALUKCONST, TALUKNAME, DISTRICTID, STATEID)
 Values
   (164, '03', 'VIRAJAPET', 25, 29);
Insert into EG_TALUK
   (TALUKID, TALUKCONST, TALUKNAME, DISTRICTID, STATEID)
 Values
   (165, '01', 'PIRIYAPATNA', 26, 29);
Insert into EG_TALUK
   (TALUKID, TALUKCONST, TALUKNAME, DISTRICTID, STATEID)
 Values
   (166, '02', 'HUNSUR', 26, 29);
Insert into EG_TALUK
   (TALUKID, TALUKCONST, TALUKNAME, DISTRICTID, STATEID)
 Values
   (167, '03', 'KRISHNARAJNAGAR', 26, 29);
Insert into EG_TALUK
   (TALUKID, TALUKCONST, TALUKNAME, DISTRICTID, STATEID)
 Values
   (168, '04', 'MYSORE', 26, 29);
Insert into EG_TALUK
   (TALUKID, TALUKCONST, TALUKNAME, DISTRICTID, STATEID)
 Values
   (169, '05', 'HEGGADADEVANAKOTE', 26, 29);
Insert into EG_TALUK
   (TALUKID, TALUKCONST, TALUKNAME, DISTRICTID, STATEID)
 Values
   (170, '06', 'NANJANGUD', 26, 29);
Insert into EG_TALUK
   (TALUKID, TALUKCONST, TALUKNAME, DISTRICTID, STATEID)
 Values
   (171, '07', 'T. NARASIPURA', 26, 29);
Insert into EG_TALUK
   (TALUKID, TALUKCONST, TALUKNAME, DISTRICTID, STATEID)
 Values
   (172, '01', 'GUNDLUPET', 27, 29);
Insert into EG_TALUK
   (TALUKID, TALUKCONST, TALUKNAME, DISTRICTID, STATEID)
 Values
   (173, '02', 'CHAMARAJANAGARA', 27, 29);
Insert into EG_TALUK
   (TALUKID, TALUKCONST, TALUKNAME, DISTRICTID, STATEID)
 Values
   (174, '03', 'YELANDUR', 27, 29);
Insert into EG_TALUK
   (TALUKID, TALUKCONST, TALUKNAME, DISTRICTID, STATEID)
 Values
   (175, '04', 'KOLLEGAL', 27, 29);

Insert into EG_CITY
   (CITYID, CITYNAME, DISTRICTID, STATEID, CITYTYPEID, TALUKID)
 Values
   (1, 'NIPPANI ', 1, 29, 1, 1);
Insert into EG_CITY
   (CITYID, CITYNAME, DISTRICTID, STATEID, CITYTYPEID, TALUKID)
 Values
   (2, 'SADALAGA ', 1, 29, 2, 1);
Insert into EG_CITY
   (CITYID, CITYNAME, DISTRICTID, STATEID, CITYTYPEID, TALUKID)
 Values
   (3, 'CHIKODI ', 1, 29, 3, 1);
Insert into EG_CITY
   (CITYID, CITYNAME, DISTRICTID, STATEID, CITYTYPEID, TALUKID)
 Values
   (4, 'ATHANI ', 1, 29, 4, 2);
Insert into EG_CITY
   (CITYID, CITYNAME, DISTRICTID, STATEID, CITYTYPEID, TALUKID)
 Values
   (5, 'RAYBAG', 1, 29, 5, 3);
Insert into EG_CITY
   (CITYID, CITYNAME, DISTRICTID, STATEID, CITYTYPEID, TALUKID)
 Values
   (6, 'KUDACHI ', 1, 29, 6, 3);
Insert into EG_CITY
   (CITYID, CITYNAME, DISTRICTID, STATEID, CITYTYPEID, TALUKID)
 Values
   (7, 'Mudalgi ', 1, 29, 7, 4);
Insert into EG_CITY
   (CITYID, CITYNAME, DISTRICTID, STATEID, CITYTYPEID, TALUKID)
 Values
   (8, ' Konnur ', 1, 29, 8, 4);
Insert into EG_CITY
   (CITYID, CITYNAME, DISTRICTID, STATEID, CITYTYPEID, TALUKID)
 Values
   (9, ' Gokak ', 1, 29, 9, 4);
Insert into EG_CITY
   (CITYID, CITYNAME, DISTRICTID, STATEID, CITYTYPEID, TALUKID)
 Values
   (10, ' Gokak falls', 1, 29, 10, 4);
Insert into EG_CITY
   (CITYID, CITYNAME, DISTRICTID, STATEID, CITYTYPEID, TALUKID)
 Values
   (11, 'SANKESHWAR ', 1, 29, 11, 5);
Insert into EG_CITY
   (CITYID, CITYNAME, DISTRICTID, STATEID, CITYTYPEID, TALUKID)
 Values
   (12, ' Hukkeri ', 1, 29, 12, 5);
Insert into EG_CITY
   (CITYID, CITYNAME, DISTRICTID, STATEID, CITYTYPEID, TALUKID)
 Values
   (13, 'BELGAUM', 1, 29, 13, 6);
Insert into EG_CITY
   (CITYID, CITYNAME, DISTRICTID, STATEID, CITYTYPEID, TALUKID)
 Values
   (14, 'BELGAUM(CB)', 1, 29, 14, 6);
Insert into EG_CITY
   (CITYID, CITYNAME, DISTRICTID, STATEID, CITYTYPEID, TALUKID)
 Values
   (15, 'KHANAPUR ', 1, 29, 15, 7);
Insert into EG_CITY
   (CITYID, CITYNAME, DISTRICTID, STATEID, CITYTYPEID, TALUKID)
 Values
   (16, 'BAILHONGAL ', 1, 29, 16, 8);
Insert into EG_CITY
   (CITYID, CITYNAME, DISTRICTID, STATEID, CITYTYPEID, TALUKID)
 Values
   (17, 'SAUNDATTI ', 1, 29, 17, 9);
Insert into EG_CITY
   (CITYID, CITYNAME, DISTRICTID, STATEID, CITYTYPEID, TALUKID)
 Values
   (18, 'RAMDURG', 1, 29, 18, 10);
Insert into EG_CITY
   (CITYID, CITYNAME, DISTRICTID, STATEID, CITYTYPEID, TALUKID)
 Values
   (19, 'TERDAL ', 2, 29, 1, 11);
Insert into EG_CITY
   (CITYID, CITYNAME, DISTRICTID, STATEID, CITYTYPEID, TALUKID)
 Values
   (20, 'RABKAVI BANAHATTI', 2, 29, 2, 11);
Insert into EG_CITY
   (CITYID, CITYNAME, DISTRICTID, STATEID, CITYTYPEID, TALUKID)
 Values
   (21, 'JAMKHANDI', 2, 29, 3, 11);
Insert into EG_CITY
   (CITYID, CITYNAME, DISTRICTID, STATEID, CITYTYPEID, TALUKID)
 Values
   (22, 'BILAGI', 2, 29, 4, 12);
Insert into EG_CITY
   (CITYID, CITYNAME, DISTRICTID, STATEID, CITYTYPEID, TALUKID)
 Values
   (23, 'MAHALINGAPUR', 2, 29, 5, 13);
Insert into EG_CITY
   (CITYID, CITYNAME, DISTRICTID, STATEID, CITYTYPEID, TALUKID)
 Values
   (24, 'MUDHOL', 2, 29, 6, 13);
Insert into EG_CITY
   (CITYID, CITYNAME, DISTRICTID, STATEID, CITYTYPEID, TALUKID)
 Values
   (25, 'KERUR', 2, 29, 7, 14);
Insert into EG_CITY
   (CITYID, CITYNAME, DISTRICTID, STATEID, CITYTYPEID, TALUKID)
 Values
   (26, 'GULEDAGUDDA', 2, 29, 8, 14);
Insert into EG_CITY
   (CITYID, CITYNAME, DISTRICTID, STATEID, CITYTYPEID, TALUKID)
 Values
   (27, 'BADAMI', 2, 29, 9, 14);
Insert into EG_CITY
   (CITYID, CITYNAME, DISTRICTID, STATEID, CITYTYPEID, TALUKID)
 Values
   (28, 'BAGALKOT', 2, 29, 10, 15);
Insert into EG_CITY
   (CITYID, CITYNAME, DISTRICTID, STATEID, CITYTYPEID, TALUKID)
 Values
   (29, 'HUNGUND', 2, 29, 11, 16);
Insert into EG_CITY
   (CITYID, CITYNAME, DISTRICTID, STATEID, CITYTYPEID, TALUKID)
 Values
   (30, 'ILKAL ', 2, 29, 12, 16);
Insert into EG_CITY
   (CITYID, CITYNAME, DISTRICTID, STATEID, CITYTYPEID, TALUKID)
 Values
   (31, 'BIJAPUR', 3, 29, 1, 17);
Insert into EG_CITY
   (CITYID, CITYNAME, DISTRICTID, STATEID, CITYTYPEID, TALUKID)
 Values
   (32, 'INDI ', 3, 29, 2, 18);
Insert into EG_CITY
   (CITYID, CITYNAME, DISTRICTID, STATEID, CITYTYPEID, TALUKID)
 Values
   (33, 'SINDGI', 3, 29, 3, 19);
Insert into EG_CITY
   (CITYID, CITYNAME, DISTRICTID, STATEID, CITYTYPEID, TALUKID)
 Values
   (34, 'BASAVAN BAGEVADI ', 3, 29, 4, 20);
Insert into EG_CITY
   (CITYID, CITYNAME, DISTRICTID, STATEID, CITYTYPEID, TALUKID)
 Values
   (35, 'MUDDEBIHAL', 3, 29, 5, 21);
Insert into EG_CITY
   (CITYID, CITYNAME, DISTRICTID, STATEID, CITYTYPEID, TALUKID)
 Values
   (36, 'TALIKOTE', 3, 29, 6, 21);
Insert into EG_CITY
   (CITYID, CITYNAME, DISTRICTID, STATEID, CITYTYPEID, TALUKID)
 Values
   (37, 'ALAND ', 4, 29, 1, 22);
Insert into EG_CITY
   (CITYID, CITYNAME, DISTRICTID, STATEID, CITYTYPEID, TALUKID)
 Values
   (38, 'AFZALPUR ', 4, 29, 2, 23);
Insert into EG_CITY
   (CITYID, CITYNAME, DISTRICTID, STATEID, CITYTYPEID, TALUKID)
 Values
   (39, 'GULBARGA', 4, 29, 3, 24);
Insert into EG_CITY
   (CITYID, CITYNAME, DISTRICTID, STATEID, CITYTYPEID, TALUKID)
 Values
   (40, 'CHINCHOLI ', 4, 29, 4, 25);
Insert into EG_CITY
   (CITYID, CITYNAME, DISTRICTID, STATEID, CITYTYPEID, TALUKID)
 Values
   (41, 'SEDAM ', 4, 29, 5, 26);
Insert into EG_CITY
   (CITYID, CITYNAME, DISTRICTID, STATEID, CITYTYPEID, TALUKID)
 Values
   (42, 'SHAHABAD ', 4, 29, 6, 27);
Insert into EG_CITY
   (CITYID, CITYNAME, DISTRICTID, STATEID, CITYTYPEID, TALUKID)
 Values
   (43, 'CHITAPUR', 4, 29, 7, 27);
Insert into EG_CITY
   (CITYID, CITYNAME, DISTRICTID, STATEID, CITYTYPEID, TALUKID)
 Values
   (44, 'JEWARGI', 4, 29, 8, 28);
Insert into EG_CITY
   (CITYID, CITYNAME, DISTRICTID, STATEID, CITYTYPEID, TALUKID)
 Values
   (45, 'SHORAPUR ', 4, 29, 9, 29);
Insert into EG_CITY
   (CITYID, CITYNAME, DISTRICTID, STATEID, CITYTYPEID, TALUKID)
 Values
   (46, 'SHAHPUR ', 4, 29, 10, 30);
Insert into EG_CITY
   (CITYID, CITYNAME, DISTRICTID, STATEID, CITYTYPEID, TALUKID)
 Values
   (47, 'BHIMARAYANAGUDI ', 4, 29, 11, 30);
Insert into EG_CITY
   (CITYID, CITYNAME, DISTRICTID, STATEID, CITYTYPEID, TALUKID)
 Values
   (48, 'GURUMITKAL', 4, 29, 12, 31);
Insert into EG_CITY
   (CITYID, CITYNAME, DISTRICTID, STATEID, CITYTYPEID, TALUKID)
 Values
   (49, 'YADGIR', 4, 29, 13, 31);
Insert into EG_CITY
   (CITYID, CITYNAME, DISTRICTID, STATEID, CITYTYPEID, TALUKID)
 Values
   (50, 'BASAVAKALYAN ', 5, 29, 1, 32);
Insert into EG_CITY
   (CITYID, CITYNAME, DISTRICTID, STATEID, CITYTYPEID, TALUKID)
 Values
   (51, 'BHALKI', 5, 29, 2, 33);
Insert into EG_CITY
   (CITYID, CITYNAME, DISTRICTID, STATEID, CITYTYPEID, TALUKID)
 Values
   (52, 'AURAD ', 5, 29, 3, 34);
Insert into EG_CITY
   (CITYID, CITYNAME, DISTRICTID, STATEID, CITYTYPEID, TALUKID)
 Values
   (53, 'BIDAR', 5, 29, 4, 35);
Insert into EG_CITY
   (CITYID, CITYNAME, DISTRICTID, STATEID, CITYTYPEID, TALUKID)
 Values
   (54, 'HUMNABAD', 5, 29, 5, 36);
Insert into EG_CITY
   (CITYID, CITYNAME, DISTRICTID, STATEID, CITYTYPEID, TALUKID)
 Values
   (55, 'CHITAGUPPA', 5, 29, 6, 36);
Insert into EG_CITY
   (CITYID, CITYNAME, DISTRICTID, STATEID, CITYTYPEID, TALUKID)
 Values
   (56, 'MUDGAL', 6, 29, 1, 37);
Insert into EG_CITY
   (CITYID, CITYNAME, DISTRICTID, STATEID, CITYTYPEID, TALUKID)
 Values
   (57, 'LINGSUGUR', 6, 29, 2, 37);
Insert into EG_CITY
   (CITYID, CITYNAME, DISTRICTID, STATEID, CITYTYPEID, TALUKID)
 Values
   (58, 'HATTI GOLD MINES ', 6, 29, 3, 37);
Insert into EG_CITY
   (CITYID, CITYNAME, DISTRICTID, STATEID, CITYTYPEID, TALUKID)
 Values
   (59, 'DEVADURGA ', 6, 29, 4, 38);
Insert into EG_CITY
   (CITYID, CITYNAME, DISTRICTID, STATEID, CITYTYPEID, TALUKID)
 Values
   (60, 'RAICHUR ', 6, 29, 5, 39);
Insert into EG_CITY
   (CITYID, CITYNAME, DISTRICTID, STATEID, CITYTYPEID, TALUKID)
 Values
   (61, 'MANVI ', 6, 29, 6, 40);
Insert into EG_CITY
   (CITYID, CITYNAME, DISTRICTID, STATEID, CITYTYPEID, TALUKID)
 Values
   (62, 'SINDHANUR', 6, 29, 7, 41);
Insert into EG_CITY
   (CITYID, CITYNAME, DISTRICTID, STATEID, CITYTYPEID, TALUKID)
 Values
   (63, 'YELBURGA ', 7, 29, 1, 42);
Insert into EG_CITY
   (CITYID, CITYNAME, DISTRICTID, STATEID, CITYTYPEID, TALUKID)
 Values
   (64, 'KUSHTAGI', 7, 29, 2, 43);
Insert into EG_CITY
   (CITYID, CITYNAME, DISTRICTID, STATEID, CITYTYPEID, TALUKID)
 Values
   (65, 'GANGAWATI -1', 7, 29, 3, 44);
Insert into EG_CITY
   (CITYID, CITYNAME, DISTRICTID, STATEID, CITYTYPEID, TALUKID)
 Values
   (66, 'KOPPAL  ', 7, 29, 4, 45);
Insert into EG_CITY
   (CITYID, CITYNAME, DISTRICTID, STATEID, CITYTYPEID, TALUKID)
 Values
   (67, 'MUNIRABAD ', 7, 29, 5, 45);
Insert into EG_CITY
   (CITYID, CITYNAME, DISTRICTID, STATEID, CITYTYPEID, TALUKID)
 Values
   (68, 'ALNAVAR[TP]', 9, 29, 1, 46);
Insert into EG_CITY
   (CITYID, CITYNAME, DISTRICTID, STATEID, CITYTYPEID, TALUKID)
 Values
   (69, 'HUBLI-DHARWAD[CC]', 9, 29, 2, 46);
Insert into EG_CITY
   (CITYID, CITYNAME, DISTRICTID, STATEID, CITYTYPEID, TALUKID)
 Values
   (70, 'NAVALGUND[TP]', 9, 29, 3, 47);
Insert into EG_CITY
   (CITYID, CITYNAME, DISTRICTID, STATEID, CITYTYPEID, TALUKID)
 Values
   (71, 'ANNIGERI (TMC)', 9, 29, 4, 47);
Insert into EG_CITY
   (CITYID, CITYNAME, DISTRICTID, STATEID, CITYTYPEID, TALUKID)
 Values
   (72, 'KALGHATGI', 9, 29, 5, 49);
Insert into EG_CITY
   (CITYID, CITYNAME, DISTRICTID, STATEID, CITYTYPEID, TALUKID)
 Values
   (73, 'KUNDGOL ', 9, 29, 6, 50);
Insert into EG_CITY
   (CITYID, CITYNAME, DISTRICTID, STATEID, CITYTYPEID, TALUKID)
 Values
   (74, 'NARGUND', 8, 29, 1, 51);
Insert into EG_CITY
   (CITYID, CITYNAME, DISTRICTID, STATEID, CITYTYPEID, TALUKID)
 Values
   (75, 'GAJENDRAGAD', 8, 29, 2, 52);
Insert into EG_CITY
   (CITYID, CITYNAME, DISTRICTID, STATEID, CITYTYPEID, TALUKID)
 Values
   (76, 'RON', 8, 29, 3, 52);
Insert into EG_CITY
   (CITYID, CITYNAME, DISTRICTID, STATEID, CITYTYPEID, TALUKID)
 Values
   (77, 'NAREGAL', 8, 29, 4, 52);
Insert into EG_CITY
   (CITYID, CITYNAME, DISTRICTID, STATEID, CITYTYPEID, TALUKID)
 Values
   (78, 'GADAG-BETGERI', 8, 29, 5, 53);
Insert into EG_CITY
   (CITYID, CITYNAME, DISTRICTID, STATEID, CITYTYPEID, TALUKID)
 Values
   (79, 'MULGUND', 8, 29, 6, 53);
Insert into EG_CITY
   (CITYID, CITYNAME, DISTRICTID, STATEID, CITYTYPEID, TALUKID)
 Values
   (80, 'LAKSHMESHWAR ', 8, 29, 7, 54);
Insert into EG_CITY
   (CITYID, CITYNAME, DISTRICTID, STATEID, CITYTYPEID, TALUKID)
 Values
   (81, 'SHIRAHATTI ', 8, 29, 8, 54);
Insert into EG_CITY
   (CITYID, CITYNAME, DISTRICTID, STATEID, CITYTYPEID, TALUKID)
 Values
   (82, 'MUNDARAGI', 8, 29, 9, 55);
Insert into EG_CITY
   (CITYID, CITYNAME, DISTRICTID, STATEID, CITYTYPEID, TALUKID)
 Values
   (83, 'KARWAR ', 10, 29, 1, 56);
Insert into EG_CITY
   (CITYID, CITYNAME, DISTRICTID, STATEID, CITYTYPEID, TALUKID)
 Values
   (84, 'DANDELI (CMC)', 10, 29, 2, 58);
Insert into EG_CITY
   (CITYID, CITYNAME, DISTRICTID, STATEID, CITYTYPEID, TALUKID)
 Values
   (85, 'HALIYAL ', 10, 29, 3, 58);
Insert into EG_CITY
   (CITYID, CITYNAME, DISTRICTID, STATEID, CITYTYPEID, TALUKID)
 Values
   (86, 'YELLAPUR ', 10, 29, 4, 59);
Insert into EG_CITY
   (CITYID, CITYNAME, DISTRICTID, STATEID, CITYTYPEID, TALUKID)
 Values
   (87, 'MUNDAGOD', 10, 29, 5, 60);
Insert into EG_CITY
   (CITYID, CITYNAME, DISTRICTID, STATEID, CITYTYPEID, TALUKID)
 Values
   (88, 'SIRSI ', 10, 29, 6, 61);
Insert into EG_CITY
   (CITYID, CITYNAME, DISTRICTID, STATEID, CITYTYPEID, TALUKID)
 Values
   (89, 'ANKOLA', 10, 29, 7, 62);
Insert into EG_CITY
   (CITYID, CITYNAME, DISTRICTID, STATEID, CITYTYPEID, TALUKID)
 Values
   (90, 'KUMTA', 10, 29, 8, 63);
Insert into EG_CITY
   (CITYID, CITYNAME, DISTRICTID, STATEID, CITYTYPEID, TALUKID)
 Values
   (91, 'SIDDAPUR', 10, 29, 9, 64);
Insert into EG_CITY
   (CITYID, CITYNAME, DISTRICTID, STATEID, CITYTYPEID, TALUKID)
 Values
   (92, 'HONNAVAR', 10, 29, 10, 65);
Insert into EG_CITY
   (CITYID, CITYNAME, DISTRICTID, STATEID, CITYTYPEID, TALUKID)
 Values
   (93, 'BHATKAL', 10, 29, 11, 66);
Insert into EG_CITY
   (CITYID, CITYNAME, DISTRICTID, STATEID, CITYTYPEID, TALUKID)
 Values
   (94, 'SHIGGAON  ', 11, 29, 1, 67);
Insert into EG_CITY
   (CITYID, CITYNAME, DISTRICTID, STATEID, CITYTYPEID, TALUKID)
 Values
   (95, 'BANKAPURA ', 11, 29, 2, 67);
Insert into EG_CITY
   (CITYID, CITYNAME, DISTRICTID, STATEID, CITYTYPEID, TALUKID)
 Values
   (96, 'Savanur ', 11, 29, 3, 68);
Insert into EG_CITY
   (CITYID, CITYNAME, DISTRICTID, STATEID, CITYTYPEID, TALUKID)
 Values
   (97, 'HANAGAL', 11, 29, 4, 69);
Insert into EG_CITY
   (CITYID, CITYNAME, DISTRICTID, STATEID, CITYTYPEID, TALUKID)
 Values
   (98, 'HAVERI ', 11, 29, 5, 70);
Insert into EG_CITY
   (CITYID, CITYNAME, DISTRICTID, STATEID, CITYTYPEID, TALUKID)
 Values
   (99, 'BYADAGI', 11, 29, 6, 71);
Insert into EG_CITY
   (CITYID, CITYNAME, DISTRICTID, STATEID, CITYTYPEID, TALUKID)
 Values
   (100, 'Hirekerur ', 11, 29, 7, 72);
Insert into EG_CITY
   (CITYID, CITYNAME, DISTRICTID, STATEID, CITYTYPEID, TALUKID)
 Values
   (101, 'RANIBENNUR  ', 11, 29, 8, 73);
Insert into EG_CITY
   (CITYID, CITYNAME, DISTRICTID, STATEID, CITYTYPEID, TALUKID)
 Values
   (102, 'Kodiyal', 11, 29, 9, 73);
Insert into EG_CITY
   (CITYID, CITYNAME, DISTRICTID, STATEID, CITYTYPEID, TALUKID)
 Values
   (103, 'HOOVINAHADAGALI ', 12, 29, 1, 74);
Insert into EG_CITY
   (CITYID, CITYNAME, DISTRICTID, STATEID, CITYTYPEID, TALUKID)
 Values
   (104, 'HOSPET ', 12, 29, 2, 76);
Insert into EG_CITY
   (CITYID, CITYNAME, DISTRICTID, STATEID, CITYTYPEID, TALUKID)
 Values
   (105, 'KAMALAPURA ', 12, 29, 3, 76);
Insert into EG_CITY
   (CITYID, CITYNAME, DISTRICTID, STATEID, CITYTYPEID, TALUKID)
 Values
   (106, 'KAMPLI ', 12, 29, 4, 76);
Insert into EG_CITY
   (CITYID, CITYNAME, DISTRICTID, STATEID, CITYTYPEID, TALUKID)
 Values
   (107, 'SIRUGUPPA ', 12, 29, 5, 77);
Insert into EG_CITY
   (CITYID, CITYNAME, DISTRICTID, STATEID, CITYTYPEID, TALUKID)
 Values
   (108, 'TEKKALAKOTE ', 12, 29, 6, 77);
Insert into EG_CITY
   (CITYID, CITYNAME, DISTRICTID, STATEID, CITYTYPEID, TALUKID)
 Values
   (109, 'BELLARY ', 12, 29, 7, 78);
Insert into EG_CITY
   (CITYID, CITYNAME, DISTRICTID, STATEID, CITYTYPEID, TALUKID)
 Values
   (110, 'SANDUR ', 12, 29, 8, 79);
Insert into EG_CITY
   (CITYID, CITYNAME, DISTRICTID, STATEID, CITYTYPEID, TALUKID)
 Values
   (111, 'KUDLIGI ', 12, 29, 9, 80);
Insert into EG_CITY
   (CITYID, CITYNAME, DISTRICTID, STATEID, CITYTYPEID, TALUKID)
 Values
   (112, 'KOTTUR', 12, 29, 10, 80);
Insert into EG_CITY
   (CITYID, CITYNAME, DISTRICTID, STATEID, CITYTYPEID, TALUKID)
 Values
   (113, 'MOLAKALMUR', 13, 29, 1, 81);
Insert into EG_CITY
   (CITYID, CITYNAME, DISTRICTID, STATEID, CITYTYPEID, TALUKID)
 Values
   (114, 'CHALLAKERE ', 13, 29, 2, 82);
Insert into EG_CITY
   (CITYID, CITYNAME, DISTRICTID, STATEID, CITYTYPEID, TALUKID)
 Values
   (115, 'CHITRADURGA ', 13, 29, 3, 83);
Insert into EG_CITY
   (CITYID, CITYNAME, DISTRICTID, STATEID, CITYTYPEID, TALUKID)
 Values
   (116, 'HOLALKERE ', 13, 29, 4, 84);
Insert into EG_CITY
   (CITYID, CITYNAME, DISTRICTID, STATEID, CITYTYPEID, TALUKID)
 Values
   (117, 'HOSADURGA ', 13, 29, 5, 85);
Insert into EG_CITY
   (CITYID, CITYNAME, DISTRICTID, STATEID, CITYTYPEID, TALUKID)
 Values
   (118, 'HIRIYUR ', 13, 29, 6, 86);
Insert into EG_CITY
   (CITYID, CITYNAME, DISTRICTID, STATEID, CITYTYPEID, TALUKID)
 Values
   (119, 'HARIHAR', 14, 29, 1, 87);
Insert into EG_CITY
   (CITYID, CITYNAME, DISTRICTID, STATEID, CITYTYPEID, TALUKID)
 Values
   (120, 'HARAPANAHALLI', 14, 29, 2, 88);
Insert into EG_CITY
   (CITYID, CITYNAME, DISTRICTID, STATEID, CITYTYPEID, TALUKID)
 Values
   (121, 'JAGALUR', 14, 29, 3, 89);
Insert into EG_CITY
   (CITYID, CITYNAME, DISTRICTID, STATEID, CITYTYPEID, TALUKID)
 Values
   (122, 'DAVANGERE', 14, 29, 4, 90);
Insert into EG_CITY
   (CITYID, CITYNAME, DISTRICTID, STATEID, CITYTYPEID, TALUKID)
 Values
   (123, 'HONNALI', 14, 29, 5, 91);
Insert into EG_CITY
   (CITYID, CITYNAME, DISTRICTID, STATEID, CITYTYPEID, TALUKID)
 Values
   (124, 'CHANNAGIRI', 14, 29, 6, 92);
Insert into EG_CITY
   (CITYID, CITYNAME, DISTRICTID, STATEID, CITYTYPEID, TALUKID)
 Values
   (125, 'JOGKARGAL', 15, 29, 1, 93);
Insert into EG_CITY
   (CITYID, CITYNAME, DISTRICTID, STATEID, CITYTYPEID, TALUKID)
 Values
   (126, 'SAGAR', 15, 29, 2, 93);
Insert into EG_CITY
   (CITYID, CITYNAME, DISTRICTID, STATEID, CITYTYPEID, TALUKID)
 Values
   (127, 'SORAB', 15, 29, 3, 94);
Insert into EG_CITY
   (CITYID, CITYNAME, DISTRICTID, STATEID, CITYTYPEID, TALUKID)
 Values
   (128, 'SHIRALAKOPPA ', 15, 29, 4, 95);
Insert into EG_CITY
   (CITYID, CITYNAME, DISTRICTID, STATEID, CITYTYPEID, TALUKID)
 Values
   (129, 'SHIKARIPURA', 15, 29, 5, 95);
Insert into EG_CITY
   (CITYID, CITYNAME, DISTRICTID, STATEID, CITYTYPEID, TALUKID)
 Values
   (130, 'HOSANAGARA', 15, 29, 6, 96);
Insert into EG_CITY
   (CITYID, CITYNAME, DISTRICTID, STATEID, CITYTYPEID, TALUKID)
 Values
   (131, 'THEERTHAHALLI ', 15, 29, 7, 97);
Insert into EG_CITY
   (CITYID, CITYNAME, DISTRICTID, STATEID, CITYTYPEID, TALUKID)
 Values
   (132, 'SHIMOGA', 15, 29, 8, 98);
Insert into EG_CITY
   (CITYID, CITYNAME, DISTRICTID, STATEID, CITYTYPEID, TALUKID)
 Values
   (133, 'BHADRAVATHI', 15, 29, 9, 99);
Insert into EG_CITY
   (CITYID, CITYNAME, DISTRICTID, STATEID, CITYTYPEID, TALUKID)
 Values
   (134, 'KUNDAPURA ', 16, 29, 1, 100);
Insert into EG_CITY
   (CITYID, CITYNAME, DISTRICTID, STATEID, CITYTYPEID, TALUKID)
 Values
   (135, 'SALIGRAMA', 16, 29, 2, 101);
Insert into EG_CITY
   (CITYID, CITYNAME, DISTRICTID, STATEID, CITYTYPEID, TALUKID)
 Values
   (136, 'UDUPI ', 16, 29, 3, 101);
Insert into EG_CITY
   (CITYID, CITYNAME, DISTRICTID, STATEID, CITYTYPEID, TALUKID)
 Values
   (137, 'KARKALA ', 16, 29, 4, 102);
Insert into EG_CITY
   (CITYID, CITYNAME, DISTRICTID, STATEID, CITYTYPEID, TALUKID)
 Values
   (138, 'SRINGERI ', 17, 29, 1, 103);
Insert into EG_CITY
   (CITYID, CITYNAME, DISTRICTID, STATEID, CITYTYPEID, TALUKID)
 Values
   (139, 'KOPPA ', 17, 29, 2, 104);
Insert into EG_CITY
   (CITYID, CITYNAME, DISTRICTID, STATEID, CITYTYPEID, TALUKID)
 Values
   (140, 'NARASIMHARAJAPURA', 17, 29, 3, 105);
Insert into EG_CITY
   (CITYID, CITYNAME, DISTRICTID, STATEID, CITYTYPEID, TALUKID)
 Values
   (141, 'TARIKERE', 17, 29, 4, 106);
Insert into EG_CITY
   (CITYID, CITYNAME, DISTRICTID, STATEID, CITYTYPEID, TALUKID)
 Values
   (142, 'BIRUR ', 17, 29, 5, 107);
Insert into EG_CITY
   (CITYID, CITYNAME, DISTRICTID, STATEID, CITYTYPEID, TALUKID)
 Values
   (143, 'KADUR ', 17, 29, 6, 107);
Insert into EG_CITY
   (CITYID, CITYNAME, DISTRICTID, STATEID, CITYTYPEID, TALUKID)
 Values
   (144, 'CHIKMAGALUR ', 17, 29, 7, 108);
Insert into EG_CITY
   (CITYID, CITYNAME, DISTRICTID, STATEID, CITYTYPEID, TALUKID)
 Values
   (145, 'KUDREMUKH ', 17, 29, 8, 109);
Insert into EG_CITY
   (CITYID, CITYNAME, DISTRICTID, STATEID, CITYTYPEID, TALUKID)
 Values
   (146, 'MUDIGERE ', 17, 29, 9, 109);
Insert into EG_CITY
   (CITYID, CITYNAME, DISTRICTID, STATEID, CITYTYPEID, TALUKID)
 Values
   (147, 'CHIKNAYAKANAHALLI ', 18, 29, 1, 110);
Insert into EG_CITY
   (CITYID, CITYNAME, DISTRICTID, STATEID, CITYTYPEID, TALUKID)
 Values
   (148, 'SIRA ', 18, 29, 2, 111);
Insert into EG_CITY
   (CITYID, CITYNAME, DISTRICTID, STATEID, CITYTYPEID, TALUKID)
 Values
   (149, 'PAVAGADA ', 18, 29, 3, 112);
Insert into EG_CITY
   (CITYID, CITYNAME, DISTRICTID, STATEID, CITYTYPEID, TALUKID)
 Values
   (150, 'MADHUGIRI ', 18, 29, 4, 113);
Insert into EG_CITY
   (CITYID, CITYNAME, DISTRICTID, STATEID, CITYTYPEID, TALUKID)
 Values
   (151, 'KORATAGERE ', 18, 29, 5, 114);
Insert into EG_CITY
   (CITYID, CITYNAME, DISTRICTID, STATEID, CITYTYPEID, TALUKID)
 Values
   (152, 'TUMKUR ', 18, 29, 6, 115);
Insert into EG_CITY
   (CITYID, CITYNAME, DISTRICTID, STATEID, CITYTYPEID, TALUKID)
 Values
   (153, 'GUBBI ', 18, 29, 7, 116);
Insert into EG_CITY
   (CITYID, CITYNAME, DISTRICTID, STATEID, CITYTYPEID, TALUKID)
 Values
   (154, 'TIPTUR ', 18, 29, 8, 117);
Insert into EG_CITY
   (CITYID, CITYNAME, DISTRICTID, STATEID, CITYTYPEID, TALUKID)
 Values
   (155, 'TURUVEKERE ', 18, 29, 9, 118);
Insert into EG_CITY
   (CITYID, CITYNAME, DISTRICTID, STATEID, CITYTYPEID, TALUKID)
 Values
   (156, 'KUNIGAL', 18, 29, 10, 119);
Insert into EG_CITY
   (CITYID, CITYNAME, DISTRICTID, STATEID, CITYTYPEID, TALUKID)
 Values
   (157, 'GAURIBIDANUR ', 29, 29, 1, 120);
Insert into EG_CITY
   (CITYID, CITYNAME, DISTRICTID, STATEID, CITYTYPEID, TALUKID)
 Values
   (158, 'CHIKBALLAPUR ', 29, 29, 2, 121);
Insert into EG_CITY
   (CITYID, CITYNAME, DISTRICTID, STATEID, CITYTYPEID, TALUKID)
 Values
   (159, 'GUDIBANDA ', 29, 29, 3, 122);
Insert into EG_CITY
   (CITYID, CITYNAME, DISTRICTID, STATEID, CITYTYPEID, TALUKID)
 Values
   (160, 'BAGEPALLI ', 29, 29, 4, 123);
Insert into EG_CITY
   (CITYID, CITYNAME, DISTRICTID, STATEID, CITYTYPEID, TALUKID)
 Values
   (161, 'SIDLAGHATTA ', 29, 29, 5, 124);
Insert into EG_CITY
   (CITYID, CITYNAME, DISTRICTID, STATEID, CITYTYPEID, TALUKID)
 Values
   (162, 'CHINTAMANI ', 29, 29, 6, 125);
Insert into EG_CITY
   (CITYID, CITYNAME, DISTRICTID, STATEID, CITYTYPEID, TALUKID)
 Values
   (163, 'SRINIVASPUR', 19, 29, 7, 126);
Insert into EG_CITY
   (CITYID, CITYNAME, DISTRICTID, STATEID, CITYTYPEID, TALUKID)
 Values
   (164, 'KOLAR ', 19, 29, 8, 127);
Insert into EG_CITY
   (CITYID, CITYNAME, DISTRICTID, STATEID, CITYTYPEID, TALUKID)
 Values
   (165, 'MALUR ', 19, 29, 9, 128);
Insert into EG_CITY
   (CITYID, CITYNAME, DISTRICTID, STATEID, CITYTYPEID, TALUKID)
 Values
   (166, 'BANGARAPET ', 19, 29, 10, 129);
Insert into EG_CITY
   (CITYID, CITYNAME, DISTRICTID, STATEID, CITYTYPEID, TALUKID)
 Values
   (167, 'ROBERTSONPET ', 19, 29, 11, 129);
Insert into EG_CITY
   (CITYID, CITYNAME, DISTRICTID, STATEID, CITYTYPEID, TALUKID)
 Values
   (168, 'MULBAGAL ', 19, 29, 12, 130);
Insert into EG_CITY
   (CITYID, CITYNAME, DISTRICTID, STATEID, CITYTYPEID, TALUKID)
 Values
   (169, 'DASARAHALLI', 20, 29, 1, 131);
Insert into EG_CITY
   (CITYID, CITYNAME, DISTRICTID, STATEID, CITYTYPEID, TALUKID)
 Values
   (170, 'YELAHANKA', 20, 29, 2, 131);
Insert into EG_CITY
   (CITYID, CITYNAME, DISTRICTID, STATEID, CITYTYPEID, TALUKID)
 Values
   (171, 'BYATARAYANAPURA', 20, 29, 3, 131);
Insert into EG_CITY
   (CITYID, CITYNAME, DISTRICTID, STATEID, CITYTYPEID, TALUKID)
 Values
   (172, 'BANGALORE(MC)', 20, 29, 4, 131);
Insert into EG_CITY
   (CITYID, CITYNAME, DISTRICTID, STATEID, CITYTYPEID, TALUKID)
 Values
   (173, 'KENGERI', 20, 29, 5, 132);
Insert into EG_CITY
   (CITYID, CITYNAME, DISTRICTID, STATEID, CITYTYPEID, TALUKID)
 Values
   (174, 'PATTANAGERE', 20, 29, 6, 132);
Insert into EG_CITY
   (CITYID, CITYNAME, DISTRICTID, STATEID, CITYTYPEID, TALUKID)
 Values
   (175, 'BOMMANAHALLI', 20, 29, 7, 132);
Insert into EG_CITY
   (CITYID, CITYNAME, DISTRICTID, STATEID, CITYTYPEID, TALUKID)
 Values
   (176, 'KRISHNARAJAPURA', 20, 29, 8, 132);
Insert into EG_CITY
   (CITYID, CITYNAME, DISTRICTID, STATEID, CITYTYPEID, TALUKID)
 Values
   (177, 'MAHADEVAPURA', 20, 29, 9, 132);
Insert into EG_CITY
   (CITYID, CITYNAME, DISTRICTID, STATEID, CITYTYPEID, TALUKID)
 Values
   (178, 'ANEKAL ', 20, 29, 10, 133);
Insert into EG_CITY
   (CITYID, CITYNAME, DISTRICTID, STATEID, CITYTYPEID, TALUKID)
 Values
   (179, 'NELAMANGALA ', 21, 29, 1, 134);
Insert into EG_CITY
   (CITYID, CITYNAME, DISTRICTID, STATEID, CITYTYPEID, TALUKID)
 Values
   (180, 'DODBALLAPURA', 21, 29, 2, 135);
Insert into EG_CITY
   (CITYID, CITYNAME, DISTRICTID, STATEID, CITYTYPEID, TALUKID)
 Values
   (181, 'DEVANAHALLI', 21, 29, 3, 136);
Insert into EG_CITY
   (CITYID, CITYNAME, DISTRICTID, STATEID, CITYTYPEID, TALUKID)
 Values
   (182, 'VIJAYAPURA ', 21, 29, 4, 136);
Insert into EG_CITY
   (CITYID, CITYNAME, DISTRICTID, STATEID, CITYTYPEID, TALUKID)
 Values
   (183, 'HOSKOTE ', 21, 29, 5, 137);
Insert into EG_CITY
   (CITYID, CITYNAME, DISTRICTID, STATEID, CITYTYPEID, TALUKID)
 Values
   (184, 'MAGADI ', 28, 29, 6, 138);
Insert into EG_CITY
   (CITYID, CITYNAME, DISTRICTID, STATEID, CITYTYPEID, TALUKID)
 Values
   (185, 'RAMANAGARA', 28, 29, 7, 139);
Insert into EG_CITY
   (CITYID, CITYNAME, DISTRICTID, STATEID, CITYTYPEID, TALUKID)
 Values
   (186, 'CHANNAPATNA', 28, 29, 8, 140);
Insert into EG_CITY
   (CITYID, CITYNAME, DISTRICTID, STATEID, CITYTYPEID, TALUKID)
 Values
   (187, 'KANAKAPURA ', 28, 29, 9, 141);
Insert into EG_CITY
   (CITYID, CITYNAME, DISTRICTID, STATEID, CITYTYPEID, TALUKID)
 Values
   (188, 'KRISHNARAJPET ', 22, 29, 1, 142);
Insert into EG_CITY
   (CITYID, CITYNAME, DISTRICTID, STATEID, CITYTYPEID, TALUKID)
 Values
   (189, 'NAGAMANGALA ', 22, 29, 2, 143);
Insert into EG_CITY
   (CITYID, CITYNAME, DISTRICTID, STATEID, CITYTYPEID, TALUKID)
 Values
   (190, 'K.R.SAGAR', 22, 29, 3, 144);
Insert into EG_CITY
   (CITYID, CITYNAME, DISTRICTID, STATEID, CITYTYPEID, TALUKID)
 Values
   (191, 'PANDAVAPURA ', 22, 29, 4, 144);
Insert into EG_CITY
   (CITYID, CITYNAME, DISTRICTID, STATEID, CITYTYPEID, TALUKID)
 Values
   (192, 'SRIRANGAPATNA', 22, 29, 5, 145);
Insert into EG_CITY
   (CITYID, CITYNAME, DISTRICTID, STATEID, CITYTYPEID, TALUKID)
 Values
   (193, 'MANDYA', 22, 29, 6, 146);
Insert into EG_CITY
   (CITYID, CITYNAME, DISTRICTID, STATEID, CITYTYPEID, TALUKID)
 Values
   (194, 'MADDUR', 22, 29, 7, 147);
Insert into EG_CITY
   (CITYID, CITYNAME, DISTRICTID, STATEID, CITYTYPEID, TALUKID)
 Values
   (195, 'MALAVALLI', 22, 29, 8, 148);
Insert into EG_CITY
   (CITYID, CITYNAME, DISTRICTID, STATEID, CITYTYPEID, TALUKID)
 Values
   (196, 'SAKALESHPURA', 23, 29, 1, 149);
Insert into EG_CITY
   (CITYID, CITYNAME, DISTRICTID, STATEID, CITYTYPEID, TALUKID)
 Values
   (197, 'BELUR ', 23, 29, 2, 150);
Insert into EG_CITY
   (CITYID, CITYNAME, DISTRICTID, STATEID, CITYTYPEID, TALUKID)
 Values
   (198, 'ARASIKERE ', 23, 29, 3, 151);
Insert into EG_CITY
   (CITYID, CITYNAME, DISTRICTID, STATEID, CITYTYPEID, TALUKID)
 Values
   (199, 'HASSAN ', 23, 29, 4, 152);
Insert into EG_CITY
   (CITYID, CITYNAME, DISTRICTID, STATEID, CITYTYPEID, TALUKID)
 Values
   (200, 'ALUR ', 23, 29, 5, 153);
Insert into EG_CITY
   (CITYID, CITYNAME, DISTRICTID, STATEID, CITYTYPEID, TALUKID)
 Values
   (201, 'ARAKALGUD ', 23, 29, 6, 154);
Insert into EG_CITY
   (CITYID, CITYNAME, DISTRICTID, STATEID, CITYTYPEID, TALUKID)
 Values
   (202, 'HOLENARASIPURA', 23, 29, 7, 155);
Insert into EG_CITY
   (CITYID, CITYNAME, DISTRICTID, STATEID, CITYTYPEID, TALUKID)
 Values
   (203, 'CHANNARAYAPATNA ', 23, 29, 8, 156);
Insert into EG_CITY
   (CITYID, CITYNAME, DISTRICTID, STATEID, CITYTYPEID, TALUKID)
 Values
   (204, 'MULKI', 24, 29, 1, 157);
Insert into EG_CITY
   (CITYID, CITYNAME, DISTRICTID, STATEID, CITYTYPEID, TALUKID)
 Values
   (205, 'MOODABIDRI', 24, 29, 2, 157);
Insert into EG_CITY
   (CITYID, CITYNAME, DISTRICTID, STATEID, CITYTYPEID, TALUKID)
 Values
   (206, 'ULLAL', 24, 29, 3, 157);
Insert into EG_CITY
   (CITYID, CITYNAME, DISTRICTID, STATEID, CITYTYPEID, TALUKID)
 Values
   (207, 'MAGALORE', 24, 29, 4, 157);
Insert into EG_CITY
   (CITYID, CITYNAME, DISTRICTID, STATEID, CITYTYPEID, TALUKID)
 Values
   (208, 'BANTWAL', 24, 29, 5, 158);
Insert into EG_CITY
   (CITYID, CITYNAME, DISTRICTID, STATEID, CITYTYPEID, TALUKID)
 Values
   (209, 'BELTHANGADI', 24, 29, 6, 159);
Insert into EG_CITY
   (CITYID, CITYNAME, DISTRICTID, STATEID, CITYTYPEID, TALUKID)
 Values
   (210, 'PUTTUR', 24, 29, 7, 160);
Insert into EG_CITY
   (CITYID, CITYNAME, DISTRICTID, STATEID, CITYTYPEID, TALUKID)
 Values
   (211, 'SULLIA', 24, 29, 8, 161);
Insert into EG_CITY
   (CITYID, CITYNAME, DISTRICTID, STATEID, CITYTYPEID, TALUKID)
 Values
   (212, 'MADIKERI ', 25, 29, 1, 162);
Insert into EG_CITY
   (CITYID, CITYNAME, DISTRICTID, STATEID, CITYTYPEID, TALUKID)
 Values
   (213, 'SOMVARPET ', 25, 29, 2, 163);
Insert into EG_CITY
   (CITYID, CITYNAME, DISTRICTID, STATEID, CITYTYPEID, TALUKID)
 Values
   (214, 'VIRAJPET ', 25, 29, 3, 164);
Insert into EG_CITY
   (CITYID, CITYNAME, DISTRICTID, STATEID, CITYTYPEID, TALUKID)
 Values
   (215, 'PIRIYAPATNA ', 26, 29, 1, 165);
Insert into EG_CITY
   (CITYID, CITYNAME, DISTRICTID, STATEID, CITYTYPEID, TALUKID)
 Values
   (216, 'HUNSUR', 26, 29, 2, 166);
Insert into EG_CITY
   (CITYID, CITYNAME, DISTRICTID, STATEID, CITYTYPEID, TALUKID)
 Values
   (217, 'KRISHNARAJNAGAR', 26, 29, 3, 167);
Insert into EG_CITY
   (CITYID, CITYNAME, DISTRICTID, STATEID, CITYTYPEID, TALUKID)
 Values
   (218, 'MYSORE ', 26, 29, 4, 168);
Insert into EG_CITY
   (CITYID, CITYNAME, DISTRICTID, STATEID, CITYTYPEID, TALUKID)
 Values
   (219, 'HEGGADADEVANKOTE', 26, 29, 5, 169);
Insert into EG_CITY
   (CITYID, CITYNAME, DISTRICTID, STATEID, CITYTYPEID, TALUKID)
 Values
   (220, 'SARAGUR', 26, 29, 6, 169);
Insert into EG_CITY
   (CITYID, CITYNAME, DISTRICTID, STATEID, CITYTYPEID, TALUKID)
 Values
   (221, 'NANJANGUD', 26, 29, 7, 170);
Insert into EG_CITY
   (CITYID, CITYNAME, DISTRICTID, STATEID, CITYTYPEID, TALUKID)
 Values
   (222, 'BANNUR ', 26, 29, 8, 171);
Insert into EG_CITY
   (CITYID, CITYNAME, DISTRICTID, STATEID, CITYTYPEID, TALUKID)
 Values
   (223, 'T.NARASIPURA', 26, 29, 9, 171);
Insert into EG_CITY
   (CITYID, CITYNAME, DISTRICTID, STATEID, CITYTYPEID, TALUKID)
 Values
   (224, 'GUNDLUPET ', 27, 29, 1, 172);
Insert into EG_CITY
   (CITYID, CITYNAME, DISTRICTID, STATEID, CITYTYPEID, TALUKID)
 Values
   (225, 'CHAMARAJANAGAR', 27, 29, 2, 173);
Insert into EG_CITY
   (CITYID, CITYNAME, DISTRICTID, STATEID, CITYTYPEID, TALUKID)
 Values
   (226, 'YELANDUR', 27, 29, 3, 174);
Insert into EG_CITY
   (CITYID, CITYNAME, DISTRICTID, STATEID, CITYTYPEID, TALUKID)
 Values
   (227, 'KOLLEGAL ', 27, 29, 4, 175);
Insert into EG_CITY
   (CITYID, CITYNAME, DISTRICTID, STATEID, CITYTYPEID, TALUKID)
 Values
   (228, 'HANUR', 27, 29, 4, 175);
Insert into EG_CITY
   (CITYID, CITYNAME, DISTRICTID, STATEID, CITYTYPEID, TALUKID)
 Values
   (229, 'KUSHALNAGARA', 25, 29, 1, 162);
Insert into EG_CITY
   (CITYID, CITYNAME, DISTRICTID, STATEID, CITYTYPEID, TALUKID)
 Values
   (230, 'WADI', 4, 29, 7, 27);


Insert into EGBD_NAMEINCLUSION_REFNAMES
   (ID, NAME)
 Values
   (1, 'NA');
Insert into EGBD_NAMEINCLUSION_REFNAMES
   (ID, NAME)
 Values
   (2, 'na');
Insert into EGBD_NAMEINCLUSION_REFNAMES
   (ID, NAME)
 Values
   (3, 'NOT AVAILABLE');
Insert into EGBD_NAMEINCLUSION_REFNAMES
   (ID, NAME)
 Values
   (4, 'NOTAVAILABLE');
Insert into EGBD_NAMEINCLUSION_REFNAMES
   (ID, NAME)
 Values
   (5, 'not available');
Insert into EGBD_NAMEINCLUSION_REFNAMES
   (ID, NAME)
 Values
   (6, 'notavailable');
Insert into EGBD_NAMEINCLUSION_REFNAMES
   (ID, NAME)
 Values
   (7, 'N.A');
Insert into EGBD_NAMEINCLUSION_REFNAMES
   (ID, NAME)
 Values
   (8, 'N.A.');
Insert into EGBD_NAMEINCLUSION_REFNAMES
   (ID, NAME)
 Values
   (9, 'n.a');
Insert into EGBD_NAMEINCLUSION_REFNAMES
   (ID, NAME)
 Values
   (10, '?????????');
Insert into EGBD_NAMEINCLUSION_REFNAMES
   (ID, NAME)
 Values
   (11, '????????');
Insert into EGBD_NAMEINCLUSION_REFNAMES
   (ID, NAME)
 Values
   (12, '??????????????');
Insert into EGBD_NAMEINCLUSION_REFNAMES
   (ID, NAME)
 Values
   (13, '?????????');
Insert into EGBD_NAMEINCLUSION_REFNAMES
   (ID, NAME)
 Values
   (14, '????');
Insert into EGBD_NAMEINCLUSION_REFNAMES
   (ID, NAME)
 Values
   (15, '???????');
Insert into EGBD_NAMEINCLUSION_REFNAMES
   (ID, NAME)
 Values
   (16, 'N A');
Insert into EGBD_NAMEINCLUSION_REFNAMES
   (ID, NAME)
 Values
   (17, 'n a');
Insert into EGBD_NAMEINCLUSION_REFNAMES
   (ID, NAME)
 Values
   (18, 'NON AVAILABLE');
Insert into EGBD_NAMEINCLUSION_REFNAMES
   (ID, NAME)
 Values
   (19, 'non available');
Insert into EGBD_NAMEINCLUSION_REFNAMES
   (ID, NAME)
 Values
   (20, 'NONAVAILABE');
Insert into EGBD_NAMEINCLUSION_REFNAMES
   (ID, NAME)
 Values
   (21, 'nonavailable');
Insert into EGBD_NAMEINCLUSION_REFNAMES
   (ID, NAME)
 Values
   (22, 'N/A');
Insert into EGBD_NAMEINCLUSION_REFNAMES
   (ID, NAME)
 Values
   (23, 'n/a');
Insert into EGBD_NAMEINCLUSION_REFNAMES
   (ID, NAME)
 Values
   (24, 'n.a.');
Insert into EGBD_NAMEINCLUSION_REFNAMES
   (ID, NAME)
 Values
   (25, '????????');
Insert into EGBD_NAMEINCLUSION_REFNAMES
   (ID, NAME)
 Values
   (26, '????????????');
Insert into EGBD_NAMEINCLUSION_REFNAMES
   (ID, NAME)
 Values
   (27, '?????????');
Insert into EGBD_NAMEINCLUSION_REFNAMES
   (ID, NAME)
 Values
   (28, '???????????????');
Insert into EGBD_NAMEINCLUSION_REFNAMES
   (ID, NAME)
 Values
   (29, '??? ????');
Insert into EGBD_NAMEINCLUSION_REFNAMES
   (ID, NAME)
 Values
   (30, '???????');
Insert into EGBD_NAMEINCLUSION_REFNAMES
   (ID, NAME)
 Values
   (31, '???????????????');
Insert into EGBD_NAMEINCLUSION_REFNAMES
   (ID, NAME)
 Values
   (32, '???????????????');
Insert into EGBD_NAMEINCLUSION_REFNAMES
   (ID, NAME)
 Values
   (33, '???????');
Insert into EGBD_NAMEINCLUSION_REFNAMES
   (ID, NAME)
 Values
   (34, '?????????????');
Insert into EGBD_NAMEINCLUSION_REFNAMES
   (ID, NAME)
 Values
   (35, '???????????????');
Insert into EGBD_NAMEINCLUSION_REFNAMES
   (ID, NAME)
 Values
   (36, '???????????');
Insert into EGBD_NAMEINCLUSION_REFNAMES
   (ID, NAME)
 Values
   (37, '????????????');
Insert into EGBD_NAMEINCLUSION_REFNAMES
   (ID, NAME)
 Values
   (38, '??????????????');
Insert into EGBD_NAMEINCLUSION_REFNAMES
   (ID, NAME)
 Values
   (39, '???? ??????');
Insert into EGBD_NAMEINCLUSION_REFNAMES
   (ID, NAME)
 Values
   (40, '???? ??????????');
Insert into EGBD_NAMEINCLUSION_REFNAMES
   (ID, NAME)
 Values
   (41, '???? ?????????');



#DOWN
