-----------------START-------------------
INSERT INTO eg_user (id, title, salutation, dob, locale, username, password, pwdexpirydate, mobilenumber, altcontactnumber, emailid, createddate, lastmodifieddate, createdby, lastmodifiedby, active, name, gender, pan, aadhaarnumber, type, version, guardian, guardianrelation) VALUES (64, NULL, NULL, NULL, 'en_IN', 'gayathri', '$2a$10$uheIOutTnD33x7CDqac1zOL8DMiuz7mWplToPgcf7oxAI9OzRKxmK', '2099-01-01 00:00:00', NULL, NULL, NULL, '2010-01-01 00:00:00', '2015-01-01 00:00:00', 1, 1, true, 'gayathri', NULL, NULL, NULL, 'EMPLOYEE', 0, NULL, NULL);
INSERT INTO eg_user (id, title, salutation, dob, locale, username, password, pwdexpirydate, mobilenumber, altcontactnumber, emailid, createddate, lastmodifieddate, createdby, lastmodifiedby, active, name, gender, pan, aadhaarnumber, type, version, guardian, guardianrelation) VALUES (65, NULL, NULL, NULL, 'en_IN', 'manas', '$2a$10$uheIOutTnD33x7CDqac1zOL8DMiuz7mWplToPgcf7oxAI9OzRKxmK', '2099-01-01 00:00:00', NULL, NULL, NULL, '2010-01-01 00:00:00', '2015-01-01 00:00:00', 1, 1, true, 'manas', NULL, NULL, NULL, 'EMPLOYEE', 0, NULL, NULL);
INSERT INTO eg_user (id, title, salutation, dob, locale, username, password, pwdexpirydate, mobilenumber, altcontactnumber, emailid, createddate, lastmodifieddate, createdby, lastmodifiedby, active, name, gender, pan, aadhaarnumber, type, version, guardian, guardianrelation) VALUES (18, NULL, 'MR.', NULL, 'en_IN', 'narasappa', '$2a$10$uheIOutTnD33x7CDqac1zOL8DMiuz7mWplToPgcf7oxAI9OzRKxmK', '2099-01-01 00:00:00', NULL, NULL, NULL, '2010-01-01 00:00:00', '2015-01-01 00:00:00', 1, 1, true, 'narasappa', NULL, NULL, NULL, 'EMPLOYEE', 0, NULL, NULL);
INSERT INTO eg_user (id, title, salutation, dob, locale, username, password, pwdexpirydate, mobilenumber, altcontactnumber, emailid, createddate, lastmodifieddate, createdby, lastmodifiedby, active, name, gender, pan, aadhaarnumber, type, version, guardian, guardianrelation) VALUES (3, NULL, 'MR.', NULL, 'en_IN', 'krishna', '$2a$10$uheIOutTnD33x7CDqac1zOL8DMiuz7mWplToPgcf7oxAI9OzRKxmK', '2099-01-01 00:00:00', NULL, NULL, NULL, '2010-01-01 00:00:00', '2015-01-01 00:00:00', 1, 1, true, 'krishna', NULL, NULL, NULL, 'EMPLOYEE', 0, NULL, NULL);
INSERT INTO eg_user (id, title, salutation, dob, locale, username, password, pwdexpirydate, mobilenumber, altcontactnumber, emailid, createddate, lastmodifieddate, createdby, lastmodifiedby, active, name, gender, pan, aadhaarnumber, type, version, guardian, guardianrelation) VALUES (4, NULL, NULL, NULL, 'en_IN', 'elzan', '$2a$10$uheIOutTnD33x7CDqac1zOL8DMiuz7mWplToPgcf7oxAI9OzRKxmK', '2099-01-01 00:00:00', NULL, NULL, NULL, '2010-01-01 00:00:00', '2015-01-01 00:00:00', 1, 1, true, 'elzan', NULL, NULL, NULL, 'EMPLOYEE', 0, NULL, NULL);
INSERT INTO eg_user (id, title, salutation, dob, locale, username, password, pwdexpirydate, mobilenumber, altcontactnumber, emailid, createddate, lastmodifieddate, createdby, lastmodifiedby, active, name, gender, pan, aadhaarnumber, type, version, guardian, guardianrelation) VALUES (5, NULL, 'MR.', NULL, 'en_IN', 'girish', '$2a$10$uheIOutTnD33x7CDqac1zOL8DMiuz7mWplToPgcf7oxAI9OzRKxmK', '2099-01-01 00:00:00', NULL, NULL, NULL, '2010-01-01 00:00:00', '2015-01-01 00:00:00', 1, 1, true, 'girish', NULL, NULL, NULL, 'EMPLOYEE', 0, NULL, NULL);
INSERT INTO eg_user (id, title, salutation, dob, locale, username, password, pwdexpirydate, mobilenumber, altcontactnumber, emailid, createddate, lastmodifieddate, createdby, lastmodifiedby, active, name, gender, pan, aadhaarnumber, type, version, guardian, guardianrelation) VALUES (6, NULL, 'MR.', NULL, 'en_IN', 'iffath', '$2a$10$uheIOutTnD33x7CDqac1zOL8DMiuz7mWplToPgcf7oxAI9OzRKxmK', '2099-01-01 00:00:00', NULL, NULL, NULL, '2010-01-01 00:00:00', '2015-01-01 00:00:00', 1, 1, true, 'iffath', NULL, NULL, NULL, 'EMPLOYEE', 0, NULL, NULL);
INSERT INTO eg_user (id, title, salutation, dob, locale, username, password, pwdexpirydate, mobilenumber, altcontactnumber, emailid, createddate, lastmodifieddate, createdby, lastmodifiedby, active, name, gender, pan, aadhaarnumber, type, version, guardian, guardianrelation) VALUES (7, NULL, 'MR.', NULL, 'en_IN', 'nirbhay', '$2a$10$uheIOutTnD33x7CDqac1zOL8DMiuz7mWplToPgcf7oxAI9OzRKxmK', '2099-01-01 00:00:00', NULL, NULL, NULL, '2010-01-01 00:00:00', '2015-01-01 00:00:00', 1, 1, true, 'nirbhay', NULL, NULL, NULL, 'EMPLOYEE', 0, NULL, NULL);
INSERT INTO eg_user (id, title, salutation, dob, locale, username, password, pwdexpirydate, mobilenumber, altcontactnumber, emailid, createddate, lastmodifieddate, createdby, lastmodifiedby, active, name, gender, pan, aadhaarnumber, type, version, guardian, guardianrelation) VALUES (8, NULL, 'MR.', NULL, 'en_IN', 'prk', '$2a$10$uheIOutTnD33x7CDqac1zOL8DMiuz7mWplToPgcf7oxAI9OzRKxmK', '2099-01-01 00:00:00', NULL, NULL, NULL, '2010-01-01 00:00:00', '2015-01-01 00:00:00', 1, 1, true, 'prk', NULL, NULL, NULL, 'EMPLOYEE', 0, NULL, NULL);
INSERT INTO eg_user (id, title, salutation, dob, locale, username, password, pwdexpirydate, mobilenumber, altcontactnumber, emailid, createddate, lastmodifieddate, createdby, lastmodifiedby, active, name, gender, pan, aadhaarnumber, type, version, guardian, guardianrelation) VALUES (9, NULL, 'MR.', NULL, 'en_IN', 'pradeep', '$2a$10$uheIOutTnD33x7CDqac1zOL8DMiuz7mWplToPgcf7oxAI9OzRKxmK', '2099-01-01 00:00:00', NULL, NULL, NULL, '2010-01-01 00:00:00', '2015-01-01 00:00:00', 1, 1, true, 'pradeep', NULL, NULL, NULL, 'EMPLOYEE', 0, NULL, NULL);
INSERT INTO eg_user (id, title, salutation, dob, locale, username, password, pwdexpirydate, mobilenumber, altcontactnumber, emailid, createddate, lastmodifieddate, createdby, lastmodifiedby, active, name, gender, pan, aadhaarnumber, type, version, guardian, guardianrelation) VALUES (10, NULL, NULL, NULL, 'en_IN', 'rajashree', '$2a$10$uheIOutTnD33x7CDqac1zOL8DMiuz7mWplToPgcf7oxAI9OzRKxmK', '2099-01-01 00:00:00', NULL, NULL, NULL, '2010-01-01 00:00:00', '2015-01-01 00:00:00', 1, 1, true, 'rajashree', NULL, NULL, NULL, 'EMPLOYEE', 0, NULL, NULL);
INSERT INTO eg_user (id, title, salutation, dob, locale, username, password, pwdexpirydate, mobilenumber, altcontactnumber, emailid, createddate, lastmodifieddate, createdby, lastmodifiedby, active, name, gender, pan, aadhaarnumber, type, version, guardian, guardianrelation) VALUES (11, NULL, NULL, NULL, 'en_IN', 'ramakrishna', '$2a$10$uheIOutTnD33x7CDqac1zOL8DMiuz7mWplToPgcf7oxAI9OzRKxmK', '2099-01-01 00:00:00', NULL, NULL, NULL, '2010-01-01 00:00:00', '2015-01-01 00:00:00', 1, 1, true, 'ramakrishna', NULL, NULL, NULL, 'EMPLOYEE', 0, NULL, NULL);
INSERT INTO eg_user (id, title, salutation, dob, locale, username, password, pwdexpirydate, mobilenumber, altcontactnumber, emailid, createddate, lastmodifieddate, createdby, lastmodifiedby, active, name, gender, pan, aadhaarnumber, type, version, guardian, guardianrelation) VALUES (12, NULL, NULL, NULL, 'en_IN', 'manikanta', '$2a$10$uheIOutTnD33x7CDqac1zOL8DMiuz7mWplToPgcf7oxAI9OzRKxmK', '2099-01-01 00:00:00', NULL, NULL, NULL, '2010-01-01 00:00:00', '2015-01-01 00:00:00', 1, 1, true, 'manikanta', NULL, NULL, NULL, 'EMPLOYEE', 0, NULL, NULL);
INSERT INTO eg_user (id, title, salutation, dob, locale, username, password, pwdexpirydate, mobilenumber, altcontactnumber, emailid, createddate, lastmodifieddate, createdby, lastmodifiedby, active, name, gender, pan, aadhaarnumber, type, version, guardian, guardianrelation) VALUES (13, NULL, NULL, NULL, 'en_IN', 'rishi', '$2a$10$uheIOutTnD33x7CDqac1zOL8DMiuz7mWplToPgcf7oxAI9OzRKxmK', '2099-01-01 00:00:00', NULL, NULL, NULL, '2010-01-01 00:00:00', '2015-01-01 00:00:00', 1, 1, true, 'rishi', NULL, NULL, NULL, 'EMPLOYEE', 0, NULL, NULL);
INSERT INTO eg_user (id, title, salutation, dob, locale, username, password, pwdexpirydate, mobilenumber, altcontactnumber, emailid, createddate, lastmodifieddate, createdby, lastmodifiedby, active, name, gender, pan, aadhaarnumber, type, version, guardian, guardianrelation) VALUES (14, NULL, NULL, NULL, 'en_IN', 'sathish', '$2a$10$uheIOutTnD33x7CDqac1zOL8DMiuz7mWplToPgcf7oxAI9OzRKxmK', '2099-01-01 00:00:00', NULL, NULL, NULL, '2010-01-01 00:00:00', '2015-01-01 00:00:00', 1, 1, true, 'sathish', NULL, NULL, NULL, 'EMPLOYEE', 0, NULL, NULL);
INSERT INTO eg_user (id, title, salutation, dob, locale, username, password, pwdexpirydate, mobilenumber, altcontactnumber, emailid, createddate, lastmodifieddate, createdby, lastmodifiedby, active, name, gender, pan, aadhaarnumber, type, version, guardian, guardianrelation) VALUES (21, NULL, 'MR.', NULL, 'en_IN', 'mohanraj', '$2a$10$uheIOutTnD33x7CDqac1zOL8DMiuz7mWplToPgcf7oxAI9OzRKxmK', '2099-01-01 00:00:00', NULL, NULL, NULL, '2010-01-01 00:00:00', '2015-01-01 00:00:00', 1, 1, true, 'mohanraj', NULL, NULL, NULL, 'EMPLOYEE', 0, NULL, NULL);
INSERT INTO eg_user (id, title, salutation, dob, locale, username, password, pwdexpirydate, mobilenumber, altcontactnumber, emailid, createddate, lastmodifieddate, createdby, lastmodifiedby, active, name, gender, pan, aadhaarnumber, type, version, guardian, guardianrelation) VALUES (22, NULL, 'MR.', NULL, 'en_IN', 'sankar', '$2a$10$uheIOutTnD33x7CDqac1zOL8DMiuz7mWplToPgcf7oxAI9OzRKxmK', '2099-01-01 00:00:00', NULL, NULL, NULL, '2010-01-01 00:00:00', '2015-01-01 00:00:00', 1, 1, true, 'sankar', NULL, NULL, NULL, 'EMPLOYEE', 0, NULL, NULL);
INSERT INTO eg_user (id, title, salutation, dob, locale, username, password, pwdexpirydate, mobilenumber, altcontactnumber, emailid, createddate, lastmodifieddate, createdby, lastmodifiedby, active, name, gender, pan, aadhaarnumber, type, version, guardian, guardianrelation) VALUES (23, NULL, 'MR.', NULL, 'en_IN', 'vaibhav', '$2a$10$uheIOutTnD33x7CDqac1zOL8DMiuz7mWplToPgcf7oxAI9OzRKxmK', '2099-01-01 00:00:00', NULL, NULL, NULL, '2010-01-01 00:00:00', '2015-01-01 00:00:00', 1, 1, true, 'vaibhav', NULL, NULL, NULL, 'EMPLOYEE', 0, NULL, NULL);
INSERT INTO eg_user (id, title, salutation, dob, locale, username, password, pwdexpirydate, mobilenumber, altcontactnumber, emailid, createddate, lastmodifieddate, createdby, lastmodifiedby, active, name, gender, pan, aadhaarnumber, type, version, guardian, guardianrelation) VALUES (24, NULL, 'MR.', NULL, 'en_IN', 'rajkumar', '$2a$10$uheIOutTnD33x7CDqac1zOL8DMiuz7mWplToPgcf7oxAI9OzRKxmK', '2099-01-01 00:00:00', NULL, NULL, NULL, '2010-01-01 00:00:00', '2015-01-01 00:00:00', 1, 1, true, 'rajkumar', NULL, NULL, NULL, 'EMPLOYEE', 0, NULL, NULL);
INSERT INTO eg_user (id, title, salutation, dob, locale, username, password, pwdexpirydate, mobilenumber, altcontactnumber, emailid, createddate, lastmodifieddate, createdby, lastmodifiedby, active, name, gender, pan, aadhaarnumber, type, version, guardian, guardianrelation) VALUES (25, NULL, 'MR.', NULL, 'en_IN', 'jayashree', '$2a$10$uheIOutTnD33x7CDqac1zOL8DMiuz7mWplToPgcf7oxAI9OzRKxmK', '2099-01-01 00:00:00', NULL, NULL, NULL, '2010-01-01 00:00:00', '2015-01-01 00:00:00', 1, 1, true, 'jayashree', NULL, NULL, NULL, 'EMPLOYEE', 0, NULL, NULL);
INSERT INTO eg_user (id, title, salutation, dob, locale, username, password, pwdexpirydate, mobilenumber, altcontactnumber, emailid, createddate, lastmodifieddate, createdby, lastmodifiedby, active, name, gender, pan, aadhaarnumber, type, version, guardian, guardianrelation) VALUES (26, NULL, 'MR.', NULL, 'en_IN', 'subhash', '$2a$10$uheIOutTnD33x7CDqac1zOL8DMiuz7mWplToPgcf7oxAI9OzRKxmK', '2099-01-01 00:00:00', NULL, NULL, NULL, '2010-01-01 00:00:00', '2015-01-01 00:00:00', 1, 1, true, 'subhash', NULL, NULL, NULL, 'EMPLOYEE', 0, NULL, NULL);
INSERT INTO eg_user (id, title, salutation, dob, locale, username, password, pwdexpirydate, mobilenumber, altcontactnumber, emailid, createddate, lastmodifieddate, createdby, lastmodifiedby, active, name, gender, pan, aadhaarnumber, type, version, guardian, guardianrelation) VALUES (27, NULL, NULL, NULL, 'en_IN', 'nayeemalla', '$2a$10$uheIOutTnD33x7CDqac1zOL8DMiuz7mWplToPgcf7oxAI9OzRKxmK', '2099-01-01 00:00:00', NULL, NULL, NULL, '2010-01-01 00:00:00', '2015-01-01 00:00:00', 1, 1, true, 'nayeemalla', NULL, NULL, NULL, 'EMPLOYEE', 0, NULL, NULL);
INSERT INTO eg_user (id, title, salutation, dob, locale, username, password, pwdexpirydate, mobilenumber, altcontactnumber, emailid, createddate, lastmodifieddate, createdby, lastmodifiedby, active, name, gender, pan, aadhaarnumber, type, version, guardian, guardianrelation) VALUES (28, NULL, NULL, NULL, 'en_IN', 'deepa', '$2a$10$uheIOutTnD33x7CDqac1zOL8DMiuz7mWplToPgcf7oxAI9OzRKxmK', '2099-01-01 00:00:00', NULL, NULL, NULL, '2010-01-01 00:00:00', '2015-01-01 00:00:00', 1, 1, true, 'deepa', NULL, NULL, NULL, 'EMPLOYEE', 0, NULL, NULL);
INSERT INTO eg_user (id, title, salutation, dob, locale, username, password, pwdexpirydate, mobilenumber, altcontactnumber, emailid, createddate, lastmodifieddate, createdby, lastmodifiedby, active, name, gender, pan, aadhaarnumber, type, version, guardian, guardianrelation) VALUES (29, NULL, NULL, NULL, 'en_IN', 'suresh', '$2a$10$uheIOutTnD33x7CDqac1zOL8DMiuz7mWplToPgcf7oxAI9OzRKxmK', '2099-01-01 00:00:00', NULL, NULL, NULL, '2010-01-01 00:00:00', '2015-01-01 00:00:00', 1, 1, true, 'suresh', NULL, NULL, NULL, 'EMPLOYEE', 0, NULL, NULL);
INSERT INTO eg_user (id, title, salutation, dob, locale, username, password, pwdexpirydate, mobilenumber, altcontactnumber, emailid, createddate, lastmodifieddate, createdby, lastmodifiedby, active, name, gender, pan, aadhaarnumber, type, version, guardian, guardianrelation) VALUES (30, NULL, NULL, NULL, 'en_IN', 'malathi', '$2a$10$uheIOutTnD33x7CDqac1zOL8DMiuz7mWplToPgcf7oxAI9OzRKxmK', '2099-01-01 00:00:00', NULL, NULL, NULL, '2010-01-01 00:00:00', '2015-01-01 00:00:00', 1, 1, true, 'malathi', NULL, NULL, NULL, 'EMPLOYEE', 0, NULL, NULL);
INSERT INTO eg_user (id, title, salutation, dob, locale, username, password, pwdexpirydate, mobilenumber, altcontactnumber, emailid, createddate, lastmodifieddate, createdby, lastmodifiedby, active, name, gender, pan, aadhaarnumber, type, version, guardian, guardianrelation) VALUES (40, NULL, NULL, NULL, 'en_IN', 'surya', '$2a$10$uheIOutTnD33x7CDqac1zOL8DMiuz7mWplToPgcf7oxAI9OzRKxmK', '2099-01-01 00:00:00', NULL, NULL, NULL, '2010-01-01 00:00:00', '2015-01-01 00:00:00', 1, 1, true, 'surya ', NULL, NULL, NULL, 'EMPLOYEE', 0, NULL, NULL);
INSERT INTO eg_user (id, title, salutation, dob, locale, username, password, pwdexpirydate, mobilenumber, altcontactnumber, emailid, createddate, lastmodifieddate, createdby, lastmodifiedby, active, name, gender, pan, aadhaarnumber, type, version, guardian, guardianrelation) VALUES (15, NULL, NULL, NULL, 'en_IN', 'satish', '$2a$10$uheIOutTnD33x7CDqac1zOL8DMiuz7mWplToPgcf7oxAI9OzRKxmK', '2099-01-01 00:00:00', NULL, NULL, NULL, '2010-01-01 00:00:00', '2015-01-01 00:00:00', 1, 1, true, 'satish', NULL, NULL, NULL, 'EMPLOYEE', 0, NULL, NULL);
INSERT INTO eg_user (id, title, salutation, dob, locale, username, password, pwdexpirydate, mobilenumber, altcontactnumber, emailid, createddate, lastmodifieddate, createdby, lastmodifiedby, active, name, gender, pan, aadhaarnumber, type, version, guardian, guardianrelation) VALUES (16, NULL, NULL, NULL, 'en_IN', 'satyam', '$2a$10$uheIOutTnD33x7CDqac1zOL8DMiuz7mWplToPgcf7oxAI9OzRKxmK', '2099-01-01 00:00:00', NULL, NULL, NULL, '2010-01-01 00:00:00', '2015-01-01 00:00:00', 1, 1, true, 'satyam', NULL, NULL, NULL, 'EMPLOYEE', 0, NULL, NULL);
INSERT INTO eg_user (id, title, salutation, dob, locale, username, password, pwdexpirydate, mobilenumber, altcontactnumber, emailid, createddate, lastmodifieddate, createdby, lastmodifiedby, active, name, gender, pan, aadhaarnumber, type, version, guardian, guardianrelation) VALUES (17, NULL, NULL, NULL, 'en_IN', 'shahid', '$2a$10$uheIOutTnD33x7CDqac1zOL8DMiuz7mWplToPgcf7oxAI9OzRKxmK', '2099-01-01 00:00:00', NULL, NULL, NULL, '2010-01-01 00:00:00', '2015-01-01 00:00:00', 1, 1, true, 'shahid', NULL, NULL, NULL, 'EMPLOYEE', 0, NULL, NULL);
INSERT INTO eg_user (id, title, salutation, dob, locale, username, password, pwdexpirydate, mobilenumber, altcontactnumber, emailid, createddate, lastmodifieddate, createdby, lastmodifiedby, active, name, gender, pan, aadhaarnumber, type, version, guardian, guardianrelation) VALUES (19, NULL, NULL, NULL, 'en_IN', 'sathyandra', '$2a$10$uheIOutTnD33x7CDqac1zOL8DMiuz7mWplToPgcf7oxAI9OzRKxmK', '2099-01-01 00:00:00', NULL, NULL, NULL, '2010-01-01 00:00:00', '2015-01-01 00:00:00', 1, 1, true, 'sathyandra', NULL, NULL, NULL, 'EMPLOYEE', 0, NULL, NULL);
INSERT INTO eg_user (id, title, salutation, dob, locale, username, password, pwdexpirydate, mobilenumber, altcontactnumber, emailid, createddate, lastmodifieddate, createdby, lastmodifiedby, active, name, gender, pan, aadhaarnumber, type, version, guardian, guardianrelation) VALUES (31, NULL, NULL, NULL, 'en_IN', 'syed', '$2a$10$uheIOutTnD33x7CDqac1zOL8DMiuz7mWplToPgcf7oxAI9OzRKxmK', '2099-01-01 00:00:00', NULL, NULL, NULL, '2010-01-01 00:00:00', '2015-01-01 00:00:00', 1, 1, true, 'syed', NULL, NULL, NULL, 'EMPLOYEE', 0, NULL, NULL);
INSERT INTO eg_user (id, title, salutation, dob, locale, username, password, pwdexpirydate, mobilenumber, altcontactnumber, emailid, createddate, lastmodifieddate, createdby, lastmodifiedby, active, name, gender, pan, aadhaarnumber, type, version, guardian, guardianrelation) VALUES (32, NULL, NULL, NULL, 'en_IN', 'seema', '$2a$10$uheIOutTnD33x7CDqac1zOL8DMiuz7mWplToPgcf7oxAI9OzRKxmK', '2099-01-01 00:00:00', NULL, NULL, NULL, '2010-01-01 00:00:00', '2015-01-01 00:00:00', 1, 1, true, 'seema', NULL, NULL, NULL, 'EMPLOYEE', 0, NULL, NULL);
INSERT INTO eg_user (id, title, salutation, dob, locale, username, password, pwdexpirydate, mobilenumber, altcontactnumber, emailid, createddate, lastmodifieddate, createdby, lastmodifiedby, active, name, gender, pan, aadhaarnumber, type, version, guardian, guardianrelation) VALUES (33, NULL, NULL, NULL, 'en_IN', 'roopa', '$2a$10$uheIOutTnD33x7CDqac1zOL8DMiuz7mWplToPgcf7oxAI9OzRKxmK', '2099-01-01 00:00:00', NULL, NULL, NULL, '2010-01-01 00:00:00', '2015-01-01 00:00:00', 1, 1, true, 'roopa', NULL, NULL, NULL, 'EMPLOYEE', 0, NULL, NULL);
INSERT INTO eg_user (id, title, salutation, dob, locale, username, password, pwdexpirydate, mobilenumber, altcontactnumber, emailid, createddate, lastmodifieddate, createdby, lastmodifiedby, active, name, gender, pan, aadhaarnumber, type, version, guardian, guardianrelation) VALUES (34, NULL, NULL, NULL, 'en_IN', 'parvati', '$2a$10$uheIOutTnD33x7CDqac1zOL8DMiuz7mWplToPgcf7oxAI9OzRKxmK', '2099-01-01 00:00:00', NULL, NULL, NULL, '2010-01-01 00:00:00', '2015-01-01 00:00:00', 1, 1, true, 'parvati', NULL, NULL, NULL, 'EMPLOYEE', 0, NULL, NULL);
INSERT INTO eg_user (id, title, salutation, dob, locale, username, password, pwdexpirydate, mobilenumber, altcontactnumber, emailid, createddate, lastmodifieddate, createdby, lastmodifiedby, active, name, gender, pan, aadhaarnumber, type, version, guardian, guardianrelation) VALUES (35, NULL, NULL, NULL, 'en_IN', 'manasa', '$2a$10$uheIOutTnD33x7CDqac1zOL8DMiuz7mWplToPgcf7oxAI9OzRKxmK', '2099-01-01 00:00:00', NULL, NULL, NULL, '2010-01-01 00:00:00', '2015-01-01 00:00:00', 1, 1, true, 'manasa', NULL, NULL, NULL, 'EMPLOYEE', 0, NULL, NULL);
INSERT INTO eg_user (id, title, salutation, dob, locale, username, password, pwdexpirydate, mobilenumber, altcontactnumber, emailid, createddate, lastmodifieddate, createdby, lastmodifiedby, active, name, gender, pan, aadhaarnumber, type, version, guardian, guardianrelation) VALUES (36, NULL, NULL, NULL, 'en_IN', 'makaraju', '$2a$10$uheIOutTnD33x7CDqac1zOL8DMiuz7mWplToPgcf7oxAI9OzRKxmK', '2099-01-01 00:00:00', NULL, NULL, NULL, '2010-01-01 00:00:00', '2015-01-01 00:00:00', 1, 1, true, 'makaraju', NULL, NULL, NULL, 'EMPLOYEE', 0, NULL, NULL);
INSERT INTO eg_user (id, title, salutation, dob, locale, username, password, pwdexpirydate, mobilenumber, altcontactnumber, emailid, createddate, lastmodifieddate, createdby, lastmodifiedby, active, name, gender, pan, aadhaarnumber, type, version, guardian, guardianrelation) VALUES (20, NULL, 'MR.', NULL, 'en_IN', 'arun', '$2a$10$uheIOutTnD33x7CDqac1zOL8DMiuz7mWplToPgcf7oxAI9OzRKxmK', '2099-01-01 00:00:00', NULL, NULL, NULL, '2010-01-01 00:00:00', '2015-01-01 00:00:00', 1, 1, true, 'arun', NULL, NULL, NULL, 'EMPLOYEE', 0, NULL, NULL);
INSERT INTO eg_user (id, title, salutation, dob, locale, username, password, pwdexpirydate, mobilenumber, altcontactnumber, emailid, createddate, lastmodifieddate, createdby, lastmodifiedby, active, name, gender, pan, aadhaarnumber, type, version, guardian, guardianrelation) VALUES (37, NULL, NULL, NULL, 'en_IN', 'venkataramana', '$2a$10$uheIOutTnD33x7CDqac1zOL8DMiuz7mWplToPgcf7oxAI9OzRKxmK', '2099-01-01 00:00:00', NULL, NULL, NULL, '2010-01-01 00:00:00', '2015-01-01 00:00:00', 1, 1, true, 'venkataramana', NULL, NULL, NULL, 'EMPLOYEE', 0, NULL, NULL);
INSERT INTO eg_user (id, title, salutation, dob, locale, username, password, pwdexpirydate, mobilenumber, altcontactnumber, emailid, createddate, lastmodifieddate, createdby, lastmodifiedby, active, name, gender, pan, aadhaarnumber, type, version, guardian, guardianrelation) VALUES (38, NULL, NULL, NULL, 'en_IN', 'mahesh', '$2a$10$uheIOutTnD33x7CDqac1zOL8DMiuz7mWplToPgcf7oxAI9OzRKxmK', '2099-01-01 00:00:00', NULL, NULL, NULL, '2010-01-01 00:00:00', '2015-01-01 00:00:00', 1, 1, true, 'mahesh', NULL, NULL, NULL, 'EMPLOYEE', 0, NULL, NULL);
INSERT INTO eg_user (id, title, salutation, dob, locale, username, password, pwdexpirydate, mobilenumber, altcontactnumber, emailid, createddate, lastmodifieddate, createdby, lastmodifiedby, active, name, gender, pan, aadhaarnumber, type, version, guardian, guardianrelation) VALUES (39, NULL, NULL, NULL, 'en_IN', 'chandrashekar', '$2a$10$uheIOutTnD33x7CDqac1zOL8DMiuz7mWplToPgcf7oxAI9OzRKxmK', '2099-01-01 00:00:00', NULL, NULL, NULL, '2010-01-01 00:00:00', '2015-01-01 00:00:00', 1, 1, true, 'chandrashekar', NULL, NULL, NULL, 'EMPLOYEE', 0, NULL, NULL);
INSERT INTO eg_user (id, title, salutation, dob, locale, username, password, pwdexpirydate, mobilenumber, altcontactnumber, emailid, createddate, lastmodifieddate, createdby, lastmodifiedby, active, name, gender, pan, aadhaarnumber, type, version, guardian, guardianrelation) VALUES (41, NULL, NULL, NULL, 'en_IN', 'gireesh', '$2a$10$uheIOutTnD33x7CDqac1zOL8DMiuz7mWplToPgcf7oxAI9OzRKxmK', '2099-01-01 00:00:00', NULL, NULL, NULL, '2010-01-01 00:00:00', '2015-01-01 00:00:00', 1, 1, true, 'gireesh', NULL, NULL, NULL, 'EMPLOYEE', 0, NULL, NULL);
INSERT INTO eg_user (id, title, salutation, dob, locale, username, password, pwdexpirydate, mobilenumber, altcontactnumber, emailid, createddate, lastmodifieddate, createdby, lastmodifiedby, active, name, gender, pan, aadhaarnumber, type, version, guardian, guardianrelation) VALUES (42, NULL, NULL, NULL, 'en_IN', 'jitha', '$2a$10$uheIOutTnD33x7CDqac1zOL8DMiuz7mWplToPgcf7oxAI9OzRKxmK', '2099-01-01 00:00:00', NULL, NULL, NULL, '2010-01-01 00:00:00', '2015-01-01 00:00:00', 1, 1, true, 'jitha', NULL, NULL, NULL, 'EMPLOYEE', 0, NULL, NULL);
INSERT INTO eg_user (id, title, salutation, dob, locale, username, password, pwdexpirydate, mobilenumber, altcontactnumber, emailid, createddate, lastmodifieddate, createdby, lastmodifiedby, active, name, gender, pan, aadhaarnumber, type, version, guardian, guardianrelation) VALUES (43, NULL, NULL, NULL, 'en_IN', 'vijay', '$2a$10$uheIOutTnD33x7CDqac1zOL8DMiuz7mWplToPgcf7oxAI9OzRKxmK', '2099-01-01 00:00:00', NULL, NULL, NULL, '2010-01-01 00:00:00', '2015-01-01 00:00:00', 1, 1, true, 'vijay', NULL, NULL, NULL, 'EMPLOYEE', 0, NULL, NULL);
INSERT INTO eg_user (id, title, salutation, dob, locale, username, password, pwdexpirydate, mobilenumber, altcontactnumber, emailid, createddate, lastmodifieddate, createdby, lastmodifiedby, active, name, gender, pan, aadhaarnumber, type, version, guardian, guardianrelation) VALUES (44, NULL, NULL, NULL, 'en_IN', 'evlyn', '$2a$10$uheIOutTnD33x7CDqac1zOL8DMiuz7mWplToPgcf7oxAI9OzRKxmK', '2099-01-01 00:00:00', NULL, NULL, NULL, '2010-01-01 00:00:00', '2015-01-01 00:00:00', 1, 1, true, 'evlyn', NULL, NULL, NULL, 'EMPLOYEE', 0, NULL, NULL);
INSERT INTO eg_user (id, title, salutation, dob, locale, username, password, pwdexpirydate, mobilenumber, altcontactnumber, emailid, createddate, lastmodifieddate, createdby, lastmodifiedby, active, name, gender, pan, aadhaarnumber, type, version, guardian, guardianrelation) VALUES (45, NULL, NULL, NULL, 'en_IN', 'pramod', '$2a$10$uheIOutTnD33x7CDqac1zOL8DMiuz7mWplToPgcf7oxAI9OzRKxmK', '2099-01-01 00:00:00', NULL, NULL, NULL, '2010-01-01 00:00:00', '2015-01-01 00:00:00', 1, 1, true, 'pramod', NULL, NULL, NULL, 'EMPLOYEE', 0, NULL, NULL);
INSERT INTO eg_user (id, title, salutation, dob, locale, username, password, pwdexpirydate, mobilenumber, altcontactnumber, emailid, createddate, lastmodifieddate, createdby, lastmodifiedby, active, name, gender, pan, aadhaarnumber, type, version, guardian, guardianrelation) VALUES (46, NULL, NULL, NULL, 'en_IN', 'vasanth', '$2a$10$uheIOutTnD33x7CDqac1zOL8DMiuz7mWplToPgcf7oxAI9OzRKxmK', '2099-01-01 00:00:00', NULL, NULL, NULL, '2010-01-01 00:00:00', '2015-01-01 00:00:00', 1, 1, true, 'vasanth', NULL, NULL, NULL, 'EMPLOYEE', 0, NULL, NULL);
INSERT INTO eg_user (id, title, salutation, dob, locale, username, password, pwdexpirydate, mobilenumber, altcontactnumber, emailid, createddate, lastmodifieddate, createdby, lastmodifiedby, active, name, gender, pan, aadhaarnumber, type, version, guardian, guardianrelation) VALUES (47, NULL, NULL, NULL, 'en_IN', 'julian', '$2a$10$uheIOutTnD33x7CDqac1zOL8DMiuz7mWplToPgcf7oxAI9OzRKxmK', '2099-01-01 00:00:00', NULL, NULL, NULL, '2010-01-01 00:00:00', '2015-01-01 00:00:00', 1, 1, true, 'julian', NULL, NULL, NULL, 'EMPLOYEE', 0, NULL, NULL);
INSERT INTO eg_user (id, title, salutation, dob, locale, username, password, pwdexpirydate, mobilenumber, altcontactnumber, emailid, createddate, lastmodifieddate, createdby, lastmodifiedby, active, name, gender, pan, aadhaarnumber, type, version, guardian, guardianrelation) VALUES (48, NULL, NULL, NULL, 'en_IN', 'gauthami', '$2a$10$uheIOutTnD33x7CDqac1zOL8DMiuz7mWplToPgcf7oxAI9OzRKxmK', '2099-01-01 00:00:00', NULL, NULL, NULL, '2010-01-01 00:00:00', '2015-01-01 00:00:00', 1, 1, true, 'gauthami', NULL, NULL, NULL, 'EMPLOYEE', 0, NULL, NULL);
INSERT INTO eg_user (id, title, salutation, dob, locale, username, password, pwdexpirydate, mobilenumber, altcontactnumber, emailid, createddate, lastmodifieddate, createdby, lastmodifiedby, active, name, gender, pan, aadhaarnumber, type, version, guardian, guardianrelation) VALUES (49, NULL, NULL, NULL, 'en_IN', 'chetan', '$2a$10$uheIOutTnD33x7CDqac1zOL8DMiuz7mWplToPgcf7oxAI9OzRKxmK', '2099-01-01 00:00:00', NULL, NULL, NULL, '2010-01-01 00:00:00', '2015-01-01 00:00:00', 1, 1, true, 'chetan', NULL, NULL, NULL, 'EMPLOYEE', 0, NULL, NULL);
INSERT INTO eg_user (id, title, salutation, dob, locale, username, password, pwdexpirydate, mobilenumber, altcontactnumber, emailid, createddate, lastmodifieddate, createdby, lastmodifiedby, active, name, gender, pan, aadhaarnumber, type, version, guardian, guardianrelation) VALUES (50, NULL, NULL, NULL, 'en_IN', 'vikas', '$2a$10$uheIOutTnD33x7CDqac1zOL8DMiuz7mWplToPgcf7oxAI9OzRKxmK', '2099-01-01 00:00:00', NULL, NULL, NULL, '2010-01-01 00:00:00', '2015-01-01 00:00:00', 1, 1, true, 'vikas', NULL, NULL, NULL, 'EMPLOYEE', 0, NULL, NULL);
INSERT INTO eg_user (id, title, salutation, dob, locale, username, password, pwdexpirydate, mobilenumber, altcontactnumber, emailid, createddate, lastmodifieddate, createdby, lastmodifiedby, active, name, gender, pan, aadhaarnumber, type, version, guardian, guardianrelation) VALUES (51, NULL, NULL, NULL, 'en_IN', 'akash', '$2a$10$uheIOutTnD33x7CDqac1zOL8DMiuz7mWplToPgcf7oxAI9OzRKxmK', '2099-01-01 00:00:00', NULL, NULL, NULL, '2010-01-01 00:00:00', '2015-01-01 00:00:00', 1, 1, true, 'akash', NULL, NULL, NULL, 'EMPLOYEE', 0, NULL, NULL);
INSERT INTO eg_user (id, title, salutation, dob, locale, username, password, pwdexpirydate, mobilenumber, altcontactnumber, emailid, createddate, lastmodifieddate, createdby, lastmodifiedby, active, name, gender, pan, aadhaarnumber, type, version, guardian, guardianrelation) VALUES (52, NULL, NULL, NULL, 'en_IN', 'shamili', '$2a$10$uheIOutTnD33x7CDqac1zOL8DMiuz7mWplToPgcf7oxAI9OzRKxmK', '2099-01-01 00:00:00', NULL, NULL, NULL, '2010-01-01 00:00:00', '2015-01-01 00:00:00', 1, 1, true, 'shamili', NULL, NULL, NULL, 'EMPLOYEE', 0, NULL, NULL);
INSERT INTO eg_user (id, title, salutation, dob, locale, username, password, pwdexpirydate, mobilenumber, altcontactnumber, emailid, createddate, lastmodifieddate, createdby, lastmodifiedby, active, name, gender, pan, aadhaarnumber, type, version, guardian, guardianrelation) VALUES (53, NULL, NULL, NULL, 'en_IN', 'mussavir', '$2a$10$uheIOutTnD33x7CDqac1zOL8DMiuz7mWplToPgcf7oxAI9OzRKxmK', '2099-01-01 00:00:00', NULL, NULL, NULL, '2010-01-01 00:00:00', '2015-01-01 00:00:00', 1, 1, true, 'mussavir', NULL, NULL, NULL, 'EMPLOYEE', 0, NULL, NULL);
INSERT INTO eg_user (id, title, salutation, dob, locale, username, password, pwdexpirydate, mobilenumber, altcontactnumber, emailid, createddate, lastmodifieddate, createdby, lastmodifiedby, active, name, gender, pan, aadhaarnumber, type, version, guardian, guardianrelation) VALUES (54, NULL, NULL, NULL, 'en_IN', 'phanindra', '$2a$10$uheIOutTnD33x7CDqac1zOL8DMiuz7mWplToPgcf7oxAI9OzRKxmK', '2099-01-01 00:00:00', NULL, NULL, NULL, '2010-01-01 00:00:00', '2015-01-01 00:00:00', 1, 1, true, 'phanindra', NULL, NULL, NULL, 'EMPLOYEE', 0, NULL, NULL);
INSERT INTO eg_user (id, title, salutation, dob, locale, username, password, pwdexpirydate, mobilenumber, altcontactnumber, emailid, createddate, lastmodifieddate, createdby, lastmodifiedby, active, name, gender, pan, aadhaarnumber, type, version, guardian, guardianrelation) VALUES (55, NULL, NULL, NULL, 'en_IN', 'neetu', '$2a$10$uheIOutTnD33x7CDqac1zOL8DMiuz7mWplToPgcf7oxAI9OzRKxmK', '2099-01-01 00:00:00', NULL, NULL, NULL, '2010-01-01 00:00:00', '2015-01-01 00:00:00', 1, 1, true, 'neetu', NULL, NULL, NULL, 'EMPLOYEE', 0, NULL, NULL);
INSERT INTO eg_user (id, title, salutation, dob, locale, username, password, pwdexpirydate, mobilenumber, altcontactnumber, emailid, createddate, lastmodifieddate, createdby, lastmodifiedby, active, name, gender, pan, aadhaarnumber, type, version, guardian, guardianrelation) VALUES (56, NULL, NULL, NULL, 'en_IN', 'tilak', '$2a$10$uheIOutTnD33x7CDqac1zOL8DMiuz7mWplToPgcf7oxAI9OzRKxmK', '2099-01-01 00:00:00', NULL, NULL, NULL, '2010-01-01 00:00:00', '2015-01-01 00:00:00', 1, 1, true, 'tilak', NULL, NULL, NULL, 'EMPLOYEE', 0, NULL, NULL);
INSERT INTO eg_user (id, title, salutation, dob, locale, username, password, pwdexpirydate, mobilenumber, altcontactnumber, emailid, createddate, lastmodifieddate, createdby, lastmodifiedby, active, name, gender, pan, aadhaarnumber, type, version, guardian, guardianrelation) VALUES (57, NULL, NULL, NULL, 'en_IN', 'prabhu', '$2a$10$uheIOutTnD33x7CDqac1zOL8DMiuz7mWplToPgcf7oxAI9OzRKxmK', '2099-01-01 00:00:00', NULL, NULL, NULL, '2010-01-01 00:00:00', '2015-01-01 00:00:00', 1, 1, true, 'prabhu', NULL, NULL, NULL, 'EMPLOYEE', 0, NULL, NULL);
INSERT INTO eg_user (id, title, salutation, dob, locale, username, password, pwdexpirydate, mobilenumber, altcontactnumber, emailid, createddate, lastmodifieddate, createdby, lastmodifiedby, active, name, gender, pan, aadhaarnumber, type, version, guardian, guardianrelation) VALUES (58, NULL, NULL, NULL, 'en_IN', 'suhail', '$2a$10$uheIOutTnD33x7CDqac1zOL8DMiuz7mWplToPgcf7oxAI9OzRKxmK', '2099-01-01 00:00:00', NULL, NULL, NULL, '2010-01-01 00:00:00', '2015-01-01 00:00:00', 1, 1, true, 'suhail', NULL, NULL, NULL, 'EMPLOYEE', 0, NULL, NULL);
INSERT INTO eg_user (id, title, salutation, dob, locale, username, password, pwdexpirydate, mobilenumber, altcontactnumber, emailid, createddate, lastmodifieddate, createdby, lastmodifiedby, active, name, gender, pan, aadhaarnumber, type, version, guardian, guardianrelation) VALUES (59, NULL, NULL, NULL, 'en_IN', 'venkatesh', '$2a$10$uheIOutTnD33x7CDqac1zOL8DMiuz7mWplToPgcf7oxAI9OzRKxmK', '2099-01-01 00:00:00', NULL, NULL, NULL, '2010-01-01 00:00:00', '2015-01-01 00:00:00', 1, 1, true, 'venkatesh', NULL, NULL, NULL, 'EMPLOYEE', 0, NULL, NULL);
INSERT INTO eg_user (id, title, salutation, dob, locale, username, password, pwdexpirydate, mobilenumber, altcontactnumber, emailid, createddate, lastmodifieddate, createdby, lastmodifiedby, active, name, gender, pan, aadhaarnumber, type, version, guardian, guardianrelation) VALUES (60, NULL, NULL, NULL, 'en_IN', 'ramandeep ', '$2a$10$uheIOutTnD33x7CDqac1zOL8DMiuz7mWplToPgcf7oxAI9OzRKxmK', '2099-01-01 00:00:00', NULL, NULL, NULL, '2010-01-01 00:00:00', '2015-01-01 00:00:00', 1, 1, true, 'ramandeep ', NULL, NULL, NULL, 'EMPLOYEE', 0, NULL, NULL);
INSERT INTO eg_user (id, title, salutation, dob, locale, username, password, pwdexpirydate, mobilenumber, altcontactnumber, emailid, createddate, lastmodifieddate, createdby, lastmodifiedby, active, name, gender, pan, aadhaarnumber, type, version, guardian, guardianrelation) VALUES (61, NULL, NULL, NULL, 'en_IN', 'sumit', '$2a$10$uheIOutTnD33x7CDqac1zOL8DMiuz7mWplToPgcf7oxAI9OzRKxmK', '2099-01-01 00:00:00', NULL, NULL, NULL, '2010-01-01 00:00:00', '2015-01-01 00:00:00', 1, 1, true, 'sumit', NULL, NULL, NULL, 'EMPLOYEE', 0, NULL, NULL);
INSERT INTO eg_user (id, title, salutation, dob, locale, username, password, pwdexpirydate, mobilenumber, altcontactnumber, emailid, createddate, lastmodifieddate, createdby, lastmodifiedby, active, name, gender, pan, aadhaarnumber, type, version, guardian, guardianrelation) VALUES (62, NULL, NULL, NULL, 'en_IN', 'ravi', '$2a$10$uheIOutTnD33x7CDqac1zOL8DMiuz7mWplToPgcf7oxAI9OzRKxmK', '2099-01-01 00:00:00', NULL, NULL, NULL, '2010-01-01 00:00:00', '2015-01-01 00:00:00', 1, 1, true, 'ravi', NULL, NULL, NULL, 'EMPLOYEE', 0, NULL, NULL);
INSERT INTO eg_user (id, title, salutation, dob, locale, username, password, pwdexpirydate, mobilenumber, altcontactnumber, emailid, createddate, lastmodifieddate, createdby, lastmodifiedby, active, name, gender, pan, aadhaarnumber, type, version, guardian, guardianrelation) VALUES (63, NULL, NULL, NULL, 'en_IN', 'dharmendra', '$2a$10$uheIOutTnD33x7CDqac1zOL8DMiuz7mWplToPgcf7oxAI9OzRKxmK', '2099-01-01 00:00:00', NULL, NULL, NULL, '2010-01-01 00:00:00', '2015-01-01 00:00:00', 1, 1, true, 'dharmendra', NULL, NULL, NULL, 'EMPLOYEE', 0, NULL, NULL);
------------------END---------------------

------------------START--------
INSERT INTO egeis_employeetype (id, name, version, lastmodifieddate, createddate, createdby, lastmodifiedby, chartofaccounts) VALUES (1, 'Permanent', 0, '2015-08-28 00:00:00', '2015-08-28 00:00:00', 1, 1, NULL);
SELECT pg_catalog.setval('seq_egeis_employeetype', 2, true);
-------------------END----------------
---------------START-----------------
INSERT INTO egeis_employee (id, code, dateofappointment, dateofretirement, employeestatus, employeetype, version) VALUES (18, 'E006', NULL, NULL, 'EMPLOYED', 1, 0);
INSERT INTO egeis_employee (id, code, dateofappointment, dateofretirement, employeestatus, employeetype, version) VALUES (3, 'E007', NULL, NULL, 'EMPLOYED', 1, 0);
INSERT INTO egeis_employee (id, code, dateofappointment, dateofretirement, employeestatus, employeetype, version) VALUES (4, 'E008', NULL, NULL, 'EMPLOYED', 1, 0);
INSERT INTO egeis_employee (id, code, dateofappointment, dateofretirement, employeestatus, employeetype, version) VALUES (5, 'E017', NULL, NULL, 'EMPLOYED', 1, 0);
INSERT INTO egeis_employee (id, code, dateofappointment, dateofretirement, employeestatus, employeetype, version) VALUES (6, 'E018', NULL, NULL, 'EMPLOYED', 1, 0);
INSERT INTO egeis_employee (id, code, dateofappointment, dateofretirement, employeestatus, employeetype, version) VALUES (7, 'E019', NULL, NULL, 'EMPLOYED', 1, 0);
INSERT INTO egeis_employee (id, code, dateofappointment, dateofretirement, employeestatus, employeetype, version) VALUES (8, 'E020', NULL, NULL, 'EMPLOYED', 1, 0);
INSERT INTO egeis_employee (id, code, dateofappointment, dateofretirement, employeestatus, employeetype, version) VALUES (9, 'E021', NULL, NULL, 'EMPLOYED', 1, 0);
INSERT INTO egeis_employee (id, code, dateofappointment, dateofretirement, employeestatus, employeetype, version) VALUES (10, 'E022', NULL, NULL, 'EMPLOYED', 1, 0);
INSERT INTO egeis_employee (id, code, dateofappointment, dateofretirement, employeestatus, employeetype, version) VALUES (11, 'E023', NULL, NULL, 'EMPLOYED', 1, 0);
INSERT INTO egeis_employee (id, code, dateofappointment, dateofretirement, employeestatus, employeetype, version) VALUES (12, 'E024', NULL, NULL, 'EMPLOYED', 1, 0);
INSERT INTO egeis_employee (id, code, dateofappointment, dateofretirement, employeestatus, employeetype, version) VALUES (13, 'E025', NULL, NULL, 'EMPLOYED', 1, 0);
INSERT INTO egeis_employee (id, code, dateofappointment, dateofretirement, employeestatus, employeetype, version) VALUES (14, 'E026', NULL, NULL, 'EMPLOYED', 1, 0);
INSERT INTO egeis_employee (id, code, dateofappointment, dateofretirement, employeestatus, employeetype, version) VALUES (15, 'E027', NULL, NULL, 'EMPLOYED', 1, 0);
INSERT INTO egeis_employee (id, code, dateofappointment, dateofretirement, employeestatus, employeetype, version) VALUES (16, 'E028', NULL, NULL, 'EMPLOYED', 1, 0);
INSERT INTO egeis_employee (id, code, dateofappointment, dateofretirement, employeestatus, employeetype, version) VALUES (17, 'E029', NULL, NULL, 'EMPLOYED', 1, 0);
INSERT INTO egeis_employee (id, code, dateofappointment, dateofretirement, employeestatus, employeetype, version) VALUES (19, 'E031', NULL, NULL, 'EMPLOYED', 1, 0);
INSERT INTO egeis_employee (id, code, dateofappointment, dateofretirement, employeestatus, employeetype, version) VALUES (20, 'E032', NULL, NULL, 'EMPLOYED', 1, 0);
INSERT INTO egeis_employee (id, code, dateofappointment, dateofretirement, employeestatus, employeetype, version) VALUES (21, 'E033', NULL, NULL, 'EMPLOYED', 1, 0);
INSERT INTO egeis_employee (id, code, dateofappointment, dateofretirement, employeestatus, employeetype, version) VALUES (22, 'E034', NULL, NULL, 'EMPLOYED', 1, 0);
INSERT INTO egeis_employee (id, code, dateofappointment, dateofretirement, employeestatus, employeetype, version) VALUES (23, 'E036', NULL, NULL, 'EMPLOYED', 1, 0);
INSERT INTO egeis_employee (id, code, dateofappointment, dateofretirement, employeestatus, employeetype, version) VALUES (24, 'E037', NULL, NULL, 'EMPLOYED', 1, 0);
INSERT INTO egeis_employee (id, code, dateofappointment, dateofretirement, employeestatus, employeetype, version) VALUES (25, 'E001', NULL, NULL, 'EMPLOYED', 1, 0);
INSERT INTO egeis_employee (id, code, dateofappointment, dateofretirement, employeestatus, employeetype, version) VALUES (26, 'E005', NULL, NULL, 'EMPLOYED', 1, 0);
INSERT INTO egeis_employee (id, code, dateofappointment, dateofretirement, employeestatus, employeetype, version) VALUES (27, 'E002', NULL, NULL, 'EMPLOYED', 1, 0);
INSERT INTO egeis_employee (id, code, dateofappointment, dateofretirement, employeestatus, employeetype, version) VALUES (28, 'E003', NULL, NULL, 'EMPLOYED', 1, 0);
INSERT INTO egeis_employee (id, code, dateofappointment, dateofretirement, employeestatus, employeetype, version) VALUES (29, 'E004', NULL, NULL, 'EMPLOYED', 1, 0);
INSERT INTO egeis_employee (id, code, dateofappointment, dateofretirement, employeestatus, employeetype, version) VALUES (30, 'E009', NULL, NULL, 'EMPLOYED', 1, 0);
INSERT INTO egeis_employee (id, code, dateofappointment, dateofretirement, employeestatus, employeetype, version) VALUES (31, 'E010', NULL, NULL, 'EMPLOYED', 1, 0);
INSERT INTO egeis_employee (id, code, dateofappointment, dateofretirement, employeestatus, employeetype, version) VALUES (32, 'E011', NULL, NULL, 'EMPLOYED', 1, 0);
INSERT INTO egeis_employee (id, code, dateofappointment, dateofretirement, employeestatus, employeetype, version) VALUES (33, 'E012', NULL, NULL, 'EMPLOYED', 1, 0);
INSERT INTO egeis_employee (id, code, dateofappointment, dateofretirement, employeestatus, employeetype, version) VALUES (34, 'E013', NULL, NULL, 'EMPLOYED', 1, 0);
INSERT INTO egeis_employee (id, code, dateofappointment, dateofretirement, employeestatus, employeetype, version) VALUES (35, 'E014', NULL, NULL, 'EMPLOYED', 1, 0);
INSERT INTO egeis_employee (id, code, dateofappointment, dateofretirement, employeestatus, employeetype, version) VALUES (36, 'E015', NULL, NULL, 'EMPLOYED', 1, 0);
INSERT INTO egeis_employee (id, code, dateofappointment, dateofretirement, employeestatus, employeetype, version) VALUES (37, 'E039', NULL, NULL, 'EMPLOYED', 1, 0);
INSERT INTO egeis_employee (id, code, dateofappointment, dateofretirement, employeestatus, employeetype, version) VALUES (38, 'E040', NULL, NULL, 'EMPLOYED', 1, 0);
INSERT INTO egeis_employee (id, code, dateofappointment, dateofretirement, employeestatus, employeetype, version) VALUES (39, 'E041', NULL, NULL, 'EMPLOYED', 1, 0);
INSERT INTO egeis_employee (id, code, dateofappointment, dateofretirement, employeestatus, employeetype, version) VALUES (40, 'E042', NULL, NULL, 'EMPLOYED', 1, 0);
INSERT INTO egeis_employee (id, code, dateofappointment, dateofretirement, employeestatus, employeetype, version) VALUES (41, 'E043', NULL, NULL, 'EMPLOYED', 1, 0);
INSERT INTO egeis_employee (id, code, dateofappointment, dateofretirement, employeestatus, employeetype, version) VALUES (42, 'E044', NULL, NULL, 'EMPLOYED', 1, 0);
INSERT INTO egeis_employee (id, code, dateofappointment, dateofretirement, employeestatus, employeetype, version) VALUES (43, 'E045', NULL, NULL, 'EMPLOYED', 1, 0);
INSERT INTO egeis_employee (id, code, dateofappointment, dateofretirement, employeestatus, employeetype, version) VALUES (44, 'E046', NULL, NULL, 'EMPLOYED', 1, 0);
INSERT INTO egeis_employee (id, code, dateofappointment, dateofretirement, employeestatus, employeetype, version) VALUES (45, 'E047', NULL, NULL, 'EMPLOYED', 1, 0);
INSERT INTO egeis_employee (id, code, dateofappointment, dateofretirement, employeestatus, employeetype, version) VALUES (46, 'E048', NULL, NULL, 'EMPLOYED', 1, 0);
INSERT INTO egeis_employee (id, code, dateofappointment, dateofretirement, employeestatus, employeetype, version) VALUES (47, 'E049', NULL, NULL, 'EMPLOYED', 1, 0);
INSERT INTO egeis_employee (id, code, dateofappointment, dateofretirement, employeestatus, employeetype, version) VALUES (48, 'E050', NULL, NULL, 'EMPLOYED', 1, 0);
INSERT INTO egeis_employee (id, code, dateofappointment, dateofretirement, employeestatus, employeetype, version) VALUES (49, 'E051', NULL, NULL, 'EMPLOYED', 1, 0);
INSERT INTO egeis_employee (id, code, dateofappointment, dateofretirement, employeestatus, employeetype, version) VALUES (50, 'E052', NULL, NULL, 'EMPLOYED', 1, 0);
INSERT INTO egeis_employee (id, code, dateofappointment, dateofretirement, employeestatus, employeetype, version) VALUES (51, 'E053', NULL, NULL, 'EMPLOYED', 1, 0);
INSERT INTO egeis_employee (id, code, dateofappointment, dateofretirement, employeestatus, employeetype, version) VALUES (52, 'E054', NULL, NULL, 'EMPLOYED', 1, 0);
INSERT INTO egeis_employee (id, code, dateofappointment, dateofretirement, employeestatus, employeetype, version) VALUES (53, 'E055', NULL, NULL, 'EMPLOYED', 1, 0);
INSERT INTO egeis_employee (id, code, dateofappointment, dateofretirement, employeestatus, employeetype, version) VALUES (55, 'E056', NULL, NULL, 'EMPLOYED', 1, 0);
INSERT INTO egeis_employee (id, code, dateofappointment, dateofretirement, employeestatus, employeetype, version) VALUES (56, 'E057', NULL, NULL, 'EMPLOYED', 1, 0);
INSERT INTO egeis_employee (id, code, dateofappointment, dateofretirement, employeestatus, employeetype, version) VALUES (57, 'E058', NULL, NULL, 'EMPLOYED', 1, 0);
INSERT INTO egeis_employee (id, code, dateofappointment, dateofretirement, employeestatus, employeetype, version) VALUES (58, 'E059', NULL, NULL, 'EMPLOYED', 1, 0);
INSERT INTO egeis_employee (id, code, dateofappointment, dateofretirement, employeestatus, employeetype, version) VALUES (59, 'E060', NULL, NULL, 'EMPLOYED', 1, 0);
INSERT INTO egeis_employee (id, code, dateofappointment, dateofretirement, employeestatus, employeetype, version) VALUES (60, 'E061', NULL, NULL, 'EMPLOYED', 1, 0);
INSERT INTO egeis_employee (id, code, dateofappointment, dateofretirement, employeestatus, employeetype, version) VALUES (61, 'E062', NULL, NULL, 'EMPLOYED', 1, 0);
INSERT INTO egeis_employee (id, code, dateofappointment, dateofretirement, employeestatus, employeetype, version) VALUES (62, 'E063', NULL, NULL, 'EMPLOYED', 1, 0);
INSERT INTO egeis_employee (id, code, dateofappointment, dateofretirement, employeestatus, employeetype, version) VALUES (63, 'E064', NULL, NULL, 'EMPLOYED', 1, 0);
INSERT INTO egeis_employee (id, code, dateofappointment, dateofretirement, employeestatus, employeetype, version) VALUES (64, 'E065', NULL, NULL, 'EMPLOYED', 1, 0);
INSERT INTO egeis_employee (id, code, dateofappointment, dateofretirement, employeestatus, employeetype, version) VALUES (65, 'E066', NULL, NULL, 'EMPLOYED', 1, 0);
INSERT INTO egeis_employee (id, code, dateofappointment, dateofretirement, employeestatus, employeetype, version) VALUES (54, 'E067', NULL, NULL, 'EMPLOYED', 1, 0);
INSERT INTO egeis_employee (id, code, dateofappointment, dateofretirement, employeestatus, employeetype, version) VALUES (68, 'E099', NULL, NULL, 'EMPLOYED', 1, 0);
INSERT INTO egeis_employee (id, code, dateofappointment, dateofretirement, employeestatus, employeetype, version) VALUES (1, 'E000', NULL, NULL, 'EMPLOYED', 1, 0);


-------------------END---------------

-----------------START--------------------
INSERT INTO eg_userrole (roleid, userid) VALUES (4, 18);

INSERT INTO eg_userrole (roleid, userid) VALUES (7, 1);
INSERT INTO eg_userrole (roleid, userid) VALUES (7, 18);
INSERT INTO eg_userrole (roleid, userid) VALUES (4, 1);

INSERT INTO eg_userrole (roleid, userid) VALUES (5, 40);
INSERT INTO eg_userrole (roleid, userid) VALUES (5, 47);
INSERT INTO eg_userrole (roleid, userid) VALUES (16, 35);
INSERT INTO eg_userrole (roleid, userid) VALUES (16, 26);
INSERT INTO eg_userrole (roleid, userid) VALUES (16, 27);
INSERT INTO eg_userrole (roleid, userid) VALUES (16, 30);
INSERT INTO eg_userrole (roleid, userid) VALUES (16, 34);
INSERT INTO eg_userrole (roleid, userid) VALUES (16, 38);

INSERT INTO eg_userrole (roleid, userid) VALUES (5, 16);

INSERT INTO eg_userrole (roleid, userid) VALUES (15, 18);
INSERT INTO eg_userrole (roleid, userid) VALUES (15, 16);
INSERT INTO eg_userrole (roleid, userid) VALUES (15, 26);
INSERT INTO eg_userrole (roleid, userid) VALUES (15, 27);
INSERT INTO eg_userrole (roleid, userid) VALUES (15, 30);
INSERT INTO eg_userrole (roleid, userid) VALUES (15, 34);
INSERT INTO eg_userrole (roleid, userid) VALUES (15, 35);
INSERT INTO eg_userrole (roleid, userid) VALUES (15, 38);
INSERT INTO eg_userrole (roleid, userid) VALUES (15, 40);
INSERT INTO eg_userrole (roleid, userid) VALUES (15, 47);
INSERT INTO eg_userrole (roleid, userid) VALUES (15, 1);
 
 

------------------END---------------------

-----------------START--------------------
INSERT INTO accountdetailkey (id, groupid, glcodeid, detailtypeid, detailname, detailkey) VALUES (nextval('seq_accountdetailkey'), 1, NULL, 1, 'employee_id', 2);
INSERT INTO accountdetailkey (id, groupid, glcodeid, detailtypeid, detailname, detailkey) VALUES (nextval('seq_accountdetailkey'), 1, NULL, 1, 'employee_id', 3);
INSERT INTO accountdetailkey (id, groupid, glcodeid, detailtypeid, detailname, detailkey) VALUES (nextval('seq_accountdetailkey'), 1, NULL, 1, 'employee_id', 4);
INSERT INTO accountdetailkey (id, groupid, glcodeid, detailtypeid, detailname, detailkey) VALUES (nextval('seq_accountdetailkey'), 1, NULL, 1, 'employee_id', 5);
INSERT INTO accountdetailkey (id, groupid, glcodeid, detailtypeid, detailname, detailkey) VALUES (nextval('seq_accountdetailkey'), 1, NULL, 1, 'employee_id', 6);
INSERT INTO accountdetailkey (id, groupid, glcodeid, detailtypeid, detailname, detailkey) VALUES (nextval('seq_accountdetailkey'), 1, NULL, 1, 'employee_id', 7);
INSERT INTO accountdetailkey (id, groupid, glcodeid, detailtypeid, detailname, detailkey) VALUES (nextval('seq_accountdetailkey'), 1, NULL, 1, 'employee_id', 8);
INSERT INTO accountdetailkey (id, groupid, glcodeid, detailtypeid, detailname, detailkey) VALUES (nextval('seq_accountdetailkey'), 1, NULL, 1, 'employee_id', 9);
INSERT INTO accountdetailkey (id, groupid, glcodeid, detailtypeid, detailname, detailkey) VALUES (nextval('seq_accountdetailkey'), 1, NULL, 1, 'employee_id', 10);
INSERT INTO accountdetailkey (id, groupid, glcodeid, detailtypeid, detailname, detailkey) VALUES (nextval('seq_accountdetailkey'), 1, NULL, 1, 'employee_id', 11);
INSERT INTO accountdetailkey (id, groupid, glcodeid, detailtypeid, detailname, detailkey) VALUES (nextval('seq_accountdetailkey'), 1, NULL, 1, 'employee_id', 12);
INSERT INTO accountdetailkey (id, groupid, glcodeid, detailtypeid, detailname, detailkey) VALUES (nextval('seq_accountdetailkey'), 1, NULL, 1, 'employee_id', 13);
INSERT INTO accountdetailkey (id, groupid, glcodeid, detailtypeid, detailname, detailkey) VALUES (nextval('seq_accountdetailkey'), 1, NULL, 1, 'employee_id', 14);
INSERT INTO accountdetailkey (id, groupid, glcodeid, detailtypeid, detailname, detailkey) VALUES (nextval('seq_accountdetailkey'), 1, NULL, 1, 'employee_id', 15);
INSERT INTO accountdetailkey (id, groupid, glcodeid, detailtypeid, detailname, detailkey) VALUES (nextval('seq_accountdetailkey'), 1, NULL, 1, 'employee_id', 16);
INSERT INTO accountdetailkey (id, groupid, glcodeid, detailtypeid, detailname, detailkey) VALUES (nextval('seq_accountdetailkey'), 1, NULL, 1, 'employee_id', 17);
INSERT INTO accountdetailkey (id, groupid, glcodeid, detailtypeid, detailname, detailkey) VALUES (nextval('seq_accountdetailkey'), 1, NULL, 1, 'employee_id', 18);
INSERT INTO accountdetailkey (id, groupid, glcodeid, detailtypeid, detailname, detailkey) VALUES (nextval('seq_accountdetailkey'), 1, NULL, 1, 'employee_id', 19);
INSERT INTO accountdetailkey (id, groupid, glcodeid, detailtypeid, detailname, detailkey) VALUES (nextval('seq_accountdetailkey'), 1, NULL, 1, 'employee_id', 20);
INSERT INTO accountdetailkey (id, groupid, glcodeid, detailtypeid, detailname, detailkey) VALUES (nextval('seq_accountdetailkey'), 1, NULL, 1, 'employee_id', 21);
INSERT INTO accountdetailkey (id, groupid, glcodeid, detailtypeid, detailname, detailkey) VALUES (nextval('seq_accountdetailkey'), 1, NULL, 1, 'employee_id', 22);
INSERT INTO accountdetailkey (id, groupid, glcodeid, detailtypeid, detailname, detailkey) VALUES (nextval('seq_accountdetailkey'), 1, NULL, 1, 'employee_id', 23);
INSERT INTO accountdetailkey (id, groupid, glcodeid, detailtypeid, detailname, detailkey) VALUES (nextval('seq_accountdetailkey'), 1, NULL, 1, 'employee_id', 24);
INSERT INTO accountdetailkey (id, groupid, glcodeid, detailtypeid, detailname, detailkey) VALUES (nextval('seq_accountdetailkey'), 1, NULL, 1, 'employee_id', 25);
INSERT INTO accountdetailkey (id, groupid, glcodeid, detailtypeid, detailname, detailkey) VALUES (nextval('seq_accountdetailkey'), 1, NULL, 1, 'employee_id', 26);
INSERT INTO accountdetailkey (id, groupid, glcodeid, detailtypeid, detailname, detailkey) VALUES (nextval('seq_accountdetailkey'), 1, NULL, 1, 'employee_id', 27);
INSERT INTO accountdetailkey (id, groupid, glcodeid, detailtypeid, detailname, detailkey) VALUES (nextval('seq_accountdetailkey'), 1, NULL, 1, 'employee_id', 28);
INSERT INTO accountdetailkey (id, groupid, glcodeid, detailtypeid, detailname, detailkey) VALUES (nextval('seq_accountdetailkey'), 1, NULL, 1, 'employee_id', 29);
INSERT INTO accountdetailkey (id, groupid, glcodeid, detailtypeid, detailname, detailkey) VALUES (nextval('seq_accountdetailkey'), 1, NULL, 1, 'employee_id', 30);
INSERT INTO accountdetailkey (id, groupid, glcodeid, detailtypeid, detailname, detailkey) VALUES (nextval('seq_accountdetailkey'), 1, NULL, 1, 'employee_id', 31);
INSERT INTO accountdetailkey (id, groupid, glcodeid, detailtypeid, detailname, detailkey) VALUES (nextval('seq_accountdetailkey'), 1, NULL, 1, 'employee_id', 32);
INSERT INTO accountdetailkey (id, groupid, glcodeid, detailtypeid, detailname, detailkey) VALUES (nextval('seq_accountdetailkey'), 1, NULL, 1, 'employee_id', 33);
INSERT INTO accountdetailkey (id, groupid, glcodeid, detailtypeid, detailname, detailkey) VALUES (nextval('seq_accountdetailkey'), 1, NULL, 1, 'employee_id', 34);
INSERT INTO accountdetailkey (id, groupid, glcodeid, detailtypeid, detailname, detailkey) VALUES (nextval('seq_accountdetailkey'), 1, NULL, 1, 'employee_id', 35);
INSERT INTO accountdetailkey (id, groupid, glcodeid, detailtypeid, detailname, detailkey) VALUES (nextval('seq_accountdetailkey'), 1, NULL, 1, 'employee_id', 36);
INSERT INTO accountdetailkey (id, groupid, glcodeid, detailtypeid, detailname, detailkey) VALUES (nextval('seq_accountdetailkey'), 1, NULL, 1, 'employee_id', 37);
INSERT INTO accountdetailkey (id, groupid, glcodeid, detailtypeid, detailname, detailkey) VALUES (nextval('seq_accountdetailkey'), 1, NULL, 1, 'employee_id', 38);
INSERT INTO accountdetailkey (id, groupid, glcodeid, detailtypeid, detailname, detailkey) VALUES (nextval('seq_accountdetailkey'), 1, NULL, 1, 'employee_id', 39);
INSERT INTO accountdetailkey (id, groupid, glcodeid, detailtypeid, detailname, detailkey) VALUES (nextval('seq_accountdetailkey'), 1, NULL, 1, 'employee_id', 40);
INSERT INTO accountdetailkey (id, groupid, glcodeid, detailtypeid, detailname, detailkey) VALUES (nextval('seq_accountdetailkey'), 1, NULL, 1, 'employee_id', 41);
INSERT INTO accountdetailkey (id, groupid, glcodeid, detailtypeid, detailname, detailkey) VALUES (nextval('seq_accountdetailkey'), 1, NULL, 1, 'employee_id', 42);
INSERT INTO accountdetailkey (id, groupid, glcodeid, detailtypeid, detailname, detailkey) VALUES (nextval('seq_accountdetailkey'), 1, NULL, 1, 'employee_id', 43);
INSERT INTO accountdetailkey (id, groupid, glcodeid, detailtypeid, detailname, detailkey) VALUES (nextval('seq_accountdetailkey'), 1, NULL, 1, 'employee_id', 44);
INSERT INTO accountdetailkey (id, groupid, glcodeid, detailtypeid, detailname, detailkey) VALUES (nextval('seq_accountdetailkey'), 1, NULL, 1, 'employee_id', 45);
INSERT INTO accountdetailkey (id, groupid, glcodeid, detailtypeid, detailname, detailkey) VALUES (nextval('seq_accountdetailkey'), 1, NULL, 1, 'employee_id', 46);
INSERT INTO accountdetailkey (id, groupid, glcodeid, detailtypeid, detailname, detailkey) VALUES (nextval('seq_accountdetailkey'), 1, NULL, 1, 'employee_id', 47);
INSERT INTO accountdetailkey (id, groupid, glcodeid, detailtypeid, detailname, detailkey) VALUES (nextval('seq_accountdetailkey'), 1, NULL, 1, 'employee_id', 48);
INSERT INTO accountdetailkey (id, groupid, glcodeid, detailtypeid, detailname, detailkey) VALUES (nextval('seq_accountdetailkey'), 1, NULL, 1, 'employee_id', 49);
INSERT INTO accountdetailkey (id, groupid, glcodeid, detailtypeid, detailname, detailkey) VALUES (nextval('seq_accountdetailkey'), 1, NULL, 1, 'employee_id', 50);
INSERT INTO accountdetailkey (id, groupid, glcodeid, detailtypeid, detailname, detailkey) VALUES (nextval('seq_accountdetailkey'), 1, NULL, 1, 'employee_id', 51);
INSERT INTO accountdetailkey (id, groupid, glcodeid, detailtypeid, detailname, detailkey) VALUES (nextval('seq_accountdetailkey'), 1, NULL, 1, 'employee_id', 52);
INSERT INTO accountdetailkey (id, groupid, glcodeid, detailtypeid, detailname, detailkey) VALUES (nextval('seq_accountdetailkey'), 1, NULL, 1, 'employee_id', 53);
INSERT INTO accountdetailkey (id, groupid, glcodeid, detailtypeid, detailname, detailkey) VALUES (nextval('seq_accountdetailkey'), 1, NULL, 1, 'employee_id', 55);
INSERT INTO accountdetailkey (id, groupid, glcodeid, detailtypeid, detailname, detailkey) VALUES (nextval('seq_accountdetailkey'), 1, NULL, 1, 'employee_id', 56);
INSERT INTO accountdetailkey (id, groupid, glcodeid, detailtypeid, detailname, detailkey) VALUES (nextval('seq_accountdetailkey'), 1, NULL, 1, 'employee_id', 57);
INSERT INTO accountdetailkey (id, groupid, glcodeid, detailtypeid, detailname, detailkey) VALUES (nextval('seq_accountdetailkey'), 1, NULL, 1, 'employee_id', 58);
INSERT INTO accountdetailkey (id, groupid, glcodeid, detailtypeid, detailname, detailkey) VALUES (nextval('seq_accountdetailkey'), 1, NULL, 1, 'employee_id', 59);
INSERT INTO accountdetailkey (id, groupid, glcodeid, detailtypeid, detailname, detailkey) VALUES (nextval('seq_accountdetailkey'), 1, NULL, 1, 'employee_id', 60);
INSERT INTO accountdetailkey (id, groupid, glcodeid, detailtypeid, detailname, detailkey) VALUES (nextval('seq_accountdetailkey'), 1, NULL, 1, 'employee_id', 61);
INSERT INTO accountdetailkey (id, groupid, glcodeid, detailtypeid, detailname, detailkey) VALUES (nextval('seq_accountdetailkey'), 1, NULL, 1, 'employee_id', 62);
INSERT INTO accountdetailkey (id, groupid, glcodeid, detailtypeid, detailname, detailkey) VALUES (nextval('seq_accountdetailkey'), 1, NULL, 1, 'employee_id', 63);
INSERT INTO accountdetailkey (id, groupid, glcodeid, detailtypeid, detailname, detailkey) VALUES (nextval('seq_accountdetailkey'), 1, NULL, 1, 'employee_id', 64);
INSERT INTO accountdetailkey (id, groupid, glcodeid, detailtypeid, detailname, detailkey) VALUES (nextval('seq_accountdetailkey'), 1, NULL, 1, 'employee_id', 65);
INSERT INTO accountdetailkey (id, groupid, glcodeid, detailtypeid, detailname, detailkey) VALUES (nextval('seq_accountdetailkey'), 1, NULL, 1, 'employee_id', 54);
INSERT INTO accountdetailkey (id, groupid, glcodeid, detailtypeid, detailname, detailkey) VALUES (nextval('seq_accountdetailkey'), 1, NULL, 1, 'employee_id', 68);
INSERT INTO accountdetailkey (id, groupid, glcodeid, detailtypeid, detailname, detailkey) VALUES (nextval('seq_accountdetailkey'), 1, NULL, 1, 'employee_id', 1);
    
------------------END---------------------

-----------START------------
INSERT INTO egeis_grade_mstr (grade_id, grade_value, start_date, end_date, age, order_no) VALUES (1, 'A', '0001-04-01 00:00:00 BC', '0001-04-01 00:00:00 BC', 60, NULL);
INSERT INTO egeis_grade_mstr (grade_id, grade_value, start_date, end_date, age, order_no) VALUES (2, 'B', '0001-04-01 00:00:00 BC', '0001-04-01 00:00:00 BC', 60, NULL);
INSERT INTO egeis_grade_mstr (grade_id, grade_value, start_date, end_date, age, order_no) VALUES (3, 'C', '0001-04-01 00:00:00 BC', '0001-04-01 00:00:00 BC', 60, NULL);
INSERT INTO egeis_grade_mstr (grade_id, grade_value, start_date, end_date, age, order_no) VALUES (4, 'D', '0001-04-01 00:00:00 BC', '0001-04-01 00:00:00 BC', 60, NULL);
SELECT pg_catalog.setval('egpims_grade_mstr_seq', 5, false);
--------END-------

----------START-------------
INSERT INTO egeis_assignment (id, fund, function, designation, functionary, department, "position", grade, lastmodifiedby, lastmodifieddate, createddate, createdby, fromdate, todate, version, employee, isprimary) VALUES (3, 1, NULL, 13, NULL, 18, 3, 1, 1, '2015-01-01 00:00:00', '2015-01-01 00:00:00', 1, '2015-04-01', '2020-03-31', 0, 36, true);
INSERT INTO egeis_assignment (id, fund, function, designation, functionary, department, "position", grade, lastmodifiedby, lastmodifieddate, createddate, createdby, fromdate, todate, version, employee, isprimary) VALUES (1, NULL, NULL, 46, NULL, 20, 1, 1, 1, '2015-01-01 00:00:00', '2015-01-01 00:00:00', 1, '2015-04-01', '2020-03-31', 0, 64, true);
INSERT INTO egeis_assignment (id, fund, function, designation, functionary, department, "position", grade, lastmodifiedby, lastmodifieddate, createddate, createdby, fromdate, todate, version, employee, isprimary) VALUES (5, 1, NULL, 29, NULL, 20, 6, 1, 1, '2015-08-28 00:00:00', '2015-08-28 00:00:00', 1, '2015-04-01', '2020-03-31', NULL, 65, true);
INSERT INTO egeis_assignment (id, fund, function, designation, functionary, department, "position", grade, lastmodifiedby, lastmodifieddate, createddate, createdby, fromdate, todate, version, employee, isprimary) VALUES (2, 1, NULL, 29, NULL, 20, 2, 1, 1, '2015-01-01 00:00:00', '2015-01-01 00:00:00', 1, '2015-04-01', '2020-03-31', 0, 2, true);
INSERT INTO egeis_assignment (id, fund, function, designation, functionary, department, "position", grade, lastmodifiedby, lastmodifieddate, createddate, createdby, fromdate, todate, version, employee, isprimary) VALUES (6, 1, NULL, 25, NULL, 24, 7, 1, 1, '2015-08-28 10:43:54.366149', '2015-08-28 10:43:54.366149', 1, '2015-04-01', '2020-03-31', 1, 34, true);
INSERT INTO egeis_assignment (id, fund, function, designation, functionary, department, "position", grade, lastmodifiedby, lastmodifieddate, createddate, createdby, fromdate, todate, version, employee, isprimary) VALUES (7, 1, NULL, 25, NULL, 24, 8, 1, 1, '2015-08-28 10:43:54.366149', '2015-08-28 10:43:54.366149', 1, '2015-04-01', '2020-03-31', 1, 35, true);
INSERT INTO egeis_assignment (id, fund, function, designation, functionary, department, "position", grade, lastmodifiedby, lastmodifieddate, createddate, createdby, fromdate, todate, version, employee, isprimary) VALUES (9, 1, NULL, 25, NULL, 24, 10, 1, 1, '2015-08-28 10:43:54.366149', '2015-08-28 10:43:54.366149', 1, '2015-04-01', '2020-03-31', 1, 26, true);
INSERT INTO egeis_assignment (id, fund, function, designation, functionary, department, "position", grade, lastmodifiedby, lastmodifieddate, createddate, createdby, fromdate, todate, version, employee, isprimary) VALUES (10, 1, NULL, 25, NULL, 24, 11, 1, 1, '2015-08-28 10:43:54.366149', '2015-08-28 10:43:54.366149', 1, '2015-04-01', '2020-03-31', 1, 30, true);
INSERT INTO egeis_assignment (id, fund, function, designation, functionary, department, "position", grade, lastmodifiedby, lastmodifieddate, createddate, createdby, fromdate, todate, version, employee, isprimary) VALUES (11, 1, NULL, 69, NULL, 24, 12, 1, 1, '2015-08-28 10:43:54.366149', '2015-08-28 10:43:54.366149', 1, '2015-04-01', '2020-03-31', 1, 11, true);
INSERT INTO egeis_assignment (id, fund, function, designation, functionary, department, "position", grade, lastmodifiedby, lastmodifieddate, createddate, createdby, fromdate, todate, version, employee, isprimary) VALUES (12, 1, NULL, 69, NULL, 24, 13, 1, 1, '2015-08-28 10:43:54.366149', '2015-08-28 10:43:54.366149', 1, '2015-04-01', '2020-03-31', 1, 12, true);
INSERT INTO egeis_assignment (id, fund, function, designation, functionary, department, "position", grade, lastmodifiedby, lastmodifieddate, createddate, createdby, fromdate, todate, version, employee, isprimary) VALUES (13, 1, NULL, 58, NULL, 24, 14, 1, 1, '2015-08-28 10:43:54.366149', '2015-08-28 10:43:54.366149', 1, '2015-04-01', '2020-03-31', 1, 16, true);
INSERT INTO egeis_assignment (id, fund, function, designation, functionary, department, "position", grade, lastmodifiedby, lastmodifieddate, createddate, createdby, fromdate, todate, version, employee, isprimary) VALUES (15, 1, NULL, 70, NULL, 24, 17, 1, 1, '2015-08-28 10:45:27.820844', '2015-08-28 10:45:27.820844', 1, '2015-04-01', '2020-03-31', 1, 39, true);
INSERT INTO egeis_assignment (id, fund, function, designation, functionary, department, "position", grade, lastmodifiedby, lastmodifieddate, createddate, createdby, fromdate, todate, version, employee, isprimary) VALUES (16, 1, NULL, 71, NULL, 24, 19, 1, 1, '2015-08-28 10:45:30.245116', '2015-08-28 10:45:30.245116', 1, '2015-04-01', '2020-03-31', 1, 41, true);
INSERT INTO egeis_assignment (id, fund, function, designation, functionary, department, "position", grade, lastmodifiedby, lastmodifieddate, createddate, createdby, fromdate, todate, version, employee, isprimary) VALUES (14, 1, NULL, 72, NULL, 24, 21, 1, 1, '2015-08-28 10:45:27.820844', '2015-08-28 10:45:27.820844', 1, '2015-04-01', '2020-03-31', 1, 38, true);
INSERT INTO egeis_assignment (id, fund, function, designation, functionary, department, "position", grade, lastmodifiedby, lastmodifieddate, createddate, createdby, fromdate, todate, version, employee, isprimary) VALUES (8, 1, NULL, 29, NULL, 24, 9, 1, 1, '2015-08-28 10:43:54.366149', '2015-08-28 10:43:54.366149', 1, '2015-04-01', '2020-03-31', 1, 27, true);
INSERT INTO egeis_assignment (id, fund, function, designation, functionary, department, "position", grade, lastmodifiedby, lastmodifieddate, createddate, createdby, fromdate, todate, version, employee, isprimary) VALUES (4, 1, NULL, 42, NULL, 16, 5, 1, 1, '2015-01-01 00:00:00', '2015-01-01 00:00:00', 1, '2015-04-01', '2020-03-31', 0, 46, true);
INSERT INTO egeis_assignment (id, fund, function, designation, functionary, department, "position", grade, lastmodifiedby, lastmodifieddate, createddate, createdby, fromdate, todate, version, employee, isprimary) VALUES (17, 1, NULL, 53, NULL, 24, 23, 1, 1, '2015-09-07 09:25:58.725906', '2015-09-07 09:25:58.725906', 1, '2015-04-01', '2020-03-31', 1, 61, true);
SELECT pg_catalog.setval('seq_egeis_assignment', 18, true);
-----------END---------------

---------START----------
INSERT INTO egeis_jurisdiction (id, employee, boundarytype, createddate, lastmodifieddate, createdby, lastmodifiedby, version, boundary) VALUES (2, 18, 3, '2015-08-28 00:00:00', '2015-08-28 00:00:00', 1, 1, NULL, 2);
INSERT INTO egeis_jurisdiction (id, employee, boundarytype, createddate, lastmodifieddate, createdby, lastmodifiedby, version, boundary) VALUES (3, 3, 3, '2015-08-28 00:00:00', '2015-08-28 00:00:00', 1, 1, NULL, 2);
INSERT INTO egeis_jurisdiction (id, employee, boundarytype, createddate, lastmodifieddate, createdby, lastmodifiedby, version, boundary) VALUES (4, 4, 3, '2015-08-28 00:00:00', '2015-08-28 00:00:00', 1, 1, NULL, 2);
INSERT INTO egeis_jurisdiction (id, employee, boundarytype, createddate, lastmodifieddate, createdby, lastmodifiedby, version, boundary) VALUES (5, 5, 3, '2015-08-28 00:00:00', '2015-08-28 00:00:00', 1, 1, NULL, 2);
INSERT INTO egeis_jurisdiction (id, employee, boundarytype, createddate, lastmodifieddate, createdby, lastmodifiedby, version, boundary) VALUES (6, 6, 3, '2015-08-28 00:00:00', '2015-08-28 00:00:00', 1, 1, NULL, 2);
INSERT INTO egeis_jurisdiction (id, employee, boundarytype, createddate, lastmodifieddate, createdby, lastmodifiedby, version, boundary) VALUES (7, 7, 3, '2015-08-28 00:00:00', '2015-08-28 00:00:00', 1, 1, NULL, 2);
INSERT INTO egeis_jurisdiction (id, employee, boundarytype, createddate, lastmodifieddate, createdby, lastmodifiedby, version, boundary) VALUES (8, 8, 3, '2015-08-28 00:00:00', '2015-08-28 00:00:00', 1, 1, NULL, 2);
INSERT INTO egeis_jurisdiction (id, employee, boundarytype, createddate, lastmodifieddate, createdby, lastmodifiedby, version, boundary) VALUES (9, 9, 3, '2015-08-28 00:00:00', '2015-08-28 00:00:00', 1, 1, NULL, 2);
INSERT INTO egeis_jurisdiction (id, employee, boundarytype, createddate, lastmodifieddate, createdby, lastmodifiedby, version, boundary) VALUES (10, 10, 3, '2015-08-28 00:00:00', '2015-08-28 00:00:00', 1, 1, NULL, 2);
INSERT INTO egeis_jurisdiction (id, employee, boundarytype, createddate, lastmodifieddate, createdby, lastmodifiedby, version, boundary) VALUES (11, 11, 3, '2015-08-28 00:00:00', '2015-08-28 00:00:00', 1, 1, NULL, 2);
INSERT INTO egeis_jurisdiction (id, employee, boundarytype, createddate, lastmodifieddate, createdby, lastmodifiedby, version, boundary) VALUES (12, 12, 3, '2015-08-28 00:00:00', '2015-08-28 00:00:00', 1, 1, NULL, 2);
INSERT INTO egeis_jurisdiction (id, employee, boundarytype, createddate, lastmodifieddate, createdby, lastmodifiedby, version, boundary) VALUES (13, 13, 3, '2015-08-28 00:00:00', '2015-08-28 00:00:00', 1, 1, NULL, 2);
INSERT INTO egeis_jurisdiction (id, employee, boundarytype, createddate, lastmodifieddate, createdby, lastmodifiedby, version, boundary) VALUES (14, 14, 3, '2015-08-28 00:00:00', '2015-08-28 00:00:00', 1, 1, NULL, 2);
INSERT INTO egeis_jurisdiction (id, employee, boundarytype, createddate, lastmodifieddate, createdby, lastmodifiedby, version, boundary) VALUES (15, 15, 3, '2015-08-28 00:00:00', '2015-08-28 00:00:00', 1, 1, NULL, 2);
INSERT INTO egeis_jurisdiction (id, employee, boundarytype, createddate, lastmodifieddate, createdby, lastmodifiedby, version, boundary) VALUES (16, 16, 3, '2015-08-28 00:00:00', '2015-08-28 00:00:00', 1, 1, NULL, 2);
INSERT INTO egeis_jurisdiction (id, employee, boundarytype, createddate, lastmodifieddate, createdby, lastmodifiedby, version, boundary) VALUES (17, 17, 3, '2015-08-28 00:00:00', '2015-08-28 00:00:00', 1, 1, NULL, 2);
INSERT INTO egeis_jurisdiction (id, employee, boundarytype, createddate, lastmodifieddate, createdby, lastmodifiedby, version, boundary) VALUES (19, 19, 3, '2015-08-28 00:00:00', '2015-08-28 00:00:00', 1, 1, NULL, 2);
INSERT INTO egeis_jurisdiction (id, employee, boundarytype, createddate, lastmodifieddate, createdby, lastmodifiedby, version, boundary) VALUES (20, 20, 3, '2015-08-28 00:00:00', '2015-08-28 00:00:00', 1, 1, NULL, 2);
INSERT INTO egeis_jurisdiction (id, employee, boundarytype, createddate, lastmodifieddate, createdby, lastmodifiedby, version, boundary) VALUES (21, 21, 3, '2015-08-28 00:00:00', '2015-08-28 00:00:00', 1, 1, NULL, 2);
INSERT INTO egeis_jurisdiction (id, employee, boundarytype, createddate, lastmodifieddate, createdby, lastmodifiedby, version, boundary) VALUES (22, 22, 3, '2015-08-28 00:00:00', '2015-08-28 00:00:00', 1, 1, NULL, 2);
INSERT INTO egeis_jurisdiction (id, employee, boundarytype, createddate, lastmodifieddate, createdby, lastmodifiedby, version, boundary) VALUES (23, 23, 3, '2015-08-28 00:00:00', '2015-08-28 00:00:00', 1, 1, NULL, 2);
INSERT INTO egeis_jurisdiction (id, employee, boundarytype, createddate, lastmodifieddate, createdby, lastmodifiedby, version, boundary) VALUES (24, 24, 3, '2015-08-28 00:00:00', '2015-08-28 00:00:00', 1, 1, NULL, 2);
INSERT INTO egeis_jurisdiction (id, employee, boundarytype, createddate, lastmodifieddate, createdby, lastmodifiedby, version, boundary) VALUES (25, 25, 3, '2015-08-28 00:00:00', '2015-08-28 00:00:00', 1, 1, NULL, 2);
INSERT INTO egeis_jurisdiction (id, employee, boundarytype, createddate, lastmodifieddate, createdby, lastmodifiedby, version, boundary) VALUES (26, 26, 3, '2015-08-28 00:00:00', '2015-08-28 00:00:00', 1, 1, NULL, 2);
INSERT INTO egeis_jurisdiction (id, employee, boundarytype, createddate, lastmodifieddate, createdby, lastmodifiedby, version, boundary) VALUES (27, 27, 3, '2015-08-28 00:00:00', '2015-08-28 00:00:00', 1, 1, NULL, 2);
INSERT INTO egeis_jurisdiction (id, employee, boundarytype, createddate, lastmodifieddate, createdby, lastmodifiedby, version, boundary) VALUES (28, 28, 3, '2015-08-28 00:00:00', '2015-08-28 00:00:00', 1, 1, NULL, 2);
INSERT INTO egeis_jurisdiction (id, employee, boundarytype, createddate, lastmodifieddate, createdby, lastmodifiedby, version, boundary) VALUES (29, 29, 3, '2015-08-28 00:00:00', '2015-08-28 00:00:00', 1, 1, NULL, 2);
INSERT INTO egeis_jurisdiction (id, employee, boundarytype, createddate, lastmodifieddate, createdby, lastmodifiedby, version, boundary) VALUES (30, 30, 3, '2015-08-28 00:00:00', '2015-08-28 00:00:00', 1, 1, NULL, 2);
INSERT INTO egeis_jurisdiction (id, employee, boundarytype, createddate, lastmodifieddate, createdby, lastmodifiedby, version, boundary) VALUES (31, 31, 3, '2015-08-28 00:00:00', '2015-08-28 00:00:00', 1, 1, NULL, 2);
INSERT INTO egeis_jurisdiction (id, employee, boundarytype, createddate, lastmodifieddate, createdby, lastmodifiedby, version, boundary) VALUES (32, 32, 3, '2015-08-28 00:00:00', '2015-08-28 00:00:00', 1, 1, NULL, 2);
INSERT INTO egeis_jurisdiction (id, employee, boundarytype, createddate, lastmodifieddate, createdby, lastmodifiedby, version, boundary) VALUES (33, 33, 3, '2015-08-28 00:00:00', '2015-08-28 00:00:00', 1, 1, NULL, 2);
INSERT INTO egeis_jurisdiction (id, employee, boundarytype, createddate, lastmodifieddate, createdby, lastmodifiedby, version, boundary) VALUES (34, 34, 3, '2015-08-28 00:00:00', '2015-08-28 00:00:00', 1, 1, NULL, 2);
INSERT INTO egeis_jurisdiction (id, employee, boundarytype, createddate, lastmodifieddate, createdby, lastmodifiedby, version, boundary) VALUES (35, 35, 3, '2015-08-28 00:00:00', '2015-08-28 00:00:00', 1, 1, NULL, 2);
INSERT INTO egeis_jurisdiction (id, employee, boundarytype, createddate, lastmodifieddate, createdby, lastmodifiedby, version, boundary) VALUES (36, 36, 3, '2015-08-28 00:00:00', '2015-08-28 00:00:00', 1, 1, NULL, 2);
INSERT INTO egeis_jurisdiction (id, employee, boundarytype, createddate, lastmodifieddate, createdby, lastmodifiedby, version, boundary) VALUES (37, 37, 3, '2015-08-28 00:00:00', '2015-08-28 00:00:00', 1, 1, NULL, 2);
INSERT INTO egeis_jurisdiction (id, employee, boundarytype, createddate, lastmodifieddate, createdby, lastmodifiedby, version, boundary) VALUES (38, 38, 3, '2015-08-28 00:00:00', '2015-08-28 00:00:00', 1, 1, NULL, 2);
INSERT INTO egeis_jurisdiction (id, employee, boundarytype, createddate, lastmodifieddate, createdby, lastmodifiedby, version, boundary) VALUES (39, 39, 3, '2015-08-28 00:00:00', '2015-08-28 00:00:00', 1, 1, NULL, 2);
INSERT INTO egeis_jurisdiction (id, employee, boundarytype, createddate, lastmodifieddate, createdby, lastmodifiedby, version, boundary) VALUES (40, 40, 3, '2015-08-28 00:00:00', '2015-08-28 00:00:00', 1, 1, NULL, 2);
INSERT INTO egeis_jurisdiction (id, employee, boundarytype, createddate, lastmodifieddate, createdby, lastmodifiedby, version, boundary) VALUES (41, 41, 3, '2015-08-28 00:00:00', '2015-08-28 00:00:00', 1, 1, NULL, 2);
INSERT INTO egeis_jurisdiction (id, employee, boundarytype, createddate, lastmodifieddate, createdby, lastmodifiedby, version, boundary) VALUES (42, 42, 3, '2015-08-28 00:00:00', '2015-08-28 00:00:00', 1, 1, NULL, 2);
INSERT INTO egeis_jurisdiction (id, employee, boundarytype, createddate, lastmodifieddate, createdby, lastmodifiedby, version, boundary) VALUES (43, 43, 3, '2015-08-28 00:00:00', '2015-08-28 00:00:00', 1, 1, NULL, 2);
INSERT INTO egeis_jurisdiction (id, employee, boundarytype, createddate, lastmodifieddate, createdby, lastmodifiedby, version, boundary) VALUES (44, 44, 3, '2015-08-28 00:00:00', '2015-08-28 00:00:00', 1, 1, NULL, 2);
INSERT INTO egeis_jurisdiction (id, employee, boundarytype, createddate, lastmodifieddate, createdby, lastmodifiedby, version, boundary) VALUES (45, 45, 3, '2015-08-28 00:00:00', '2015-08-28 00:00:00', 1, 1, NULL, 2);
INSERT INTO egeis_jurisdiction (id, employee, boundarytype, createddate, lastmodifieddate, createdby, lastmodifiedby, version, boundary) VALUES (46, 46, 3, '2015-08-28 00:00:00', '2015-08-28 00:00:00', 1, 1, NULL, 2);
INSERT INTO egeis_jurisdiction (id, employee, boundarytype, createddate, lastmodifieddate, createdby, lastmodifiedby, version, boundary) VALUES (47, 47, 3, '2015-08-28 00:00:00', '2015-08-28 00:00:00', 1, 1, NULL, 2);
INSERT INTO egeis_jurisdiction (id, employee, boundarytype, createddate, lastmodifieddate, createdby, lastmodifiedby, version, boundary) VALUES (48, 48, 3, '2015-08-28 00:00:00', '2015-08-28 00:00:00', 1, 1, NULL, 2);
INSERT INTO egeis_jurisdiction (id, employee, boundarytype, createddate, lastmodifieddate, createdby, lastmodifiedby, version, boundary) VALUES (49, 49, 3, '2015-08-28 00:00:00', '2015-08-28 00:00:00', 1, 1, NULL, 2);
INSERT INTO egeis_jurisdiction (id, employee, boundarytype, createddate, lastmodifieddate, createdby, lastmodifiedby, version, boundary) VALUES (50, 50, 3, '2015-08-28 00:00:00', '2015-08-28 00:00:00', 1, 1, NULL, 2);
INSERT INTO egeis_jurisdiction (id, employee, boundarytype, createddate, lastmodifieddate, createdby, lastmodifiedby, version, boundary) VALUES (51, 51, 3, '2015-08-28 00:00:00', '2015-08-28 00:00:00', 1, 1, NULL, 2);
INSERT INTO egeis_jurisdiction (id, employee, boundarytype, createddate, lastmodifieddate, createdby, lastmodifiedby, version, boundary) VALUES (52, 52, 3, '2015-08-28 00:00:00', '2015-08-28 00:00:00', 1, 1, NULL, 2);
INSERT INTO egeis_jurisdiction (id, employee, boundarytype, createddate, lastmodifieddate, createdby, lastmodifiedby, version, boundary) VALUES (53, 53, 3, '2015-08-28 00:00:00', '2015-08-28 00:00:00', 1, 1, NULL, 2);
INSERT INTO egeis_jurisdiction (id, employee, boundarytype, createddate, lastmodifieddate, createdby, lastmodifiedby, version, boundary) VALUES (54, 55, 3, '2015-08-28 00:00:00', '2015-08-28 00:00:00', 1, 1, NULL, 2);
INSERT INTO egeis_jurisdiction (id, employee, boundarytype, createddate, lastmodifieddate, createdby, lastmodifiedby, version, boundary) VALUES (55, 56, 3, '2015-08-28 00:00:00', '2015-08-28 00:00:00', 1, 1, NULL, 2);
INSERT INTO egeis_jurisdiction (id, employee, boundarytype, createddate, lastmodifieddate, createdby, lastmodifiedby, version, boundary) VALUES (56, 57, 3, '2015-08-28 00:00:00', '2015-08-28 00:00:00', 1, 1, NULL, 2);
INSERT INTO egeis_jurisdiction (id, employee, boundarytype, createddate, lastmodifieddate, createdby, lastmodifiedby, version, boundary) VALUES (57, 58, 3, '2015-08-28 00:00:00', '2015-08-28 00:00:00', 1, 1, NULL, 2);
INSERT INTO egeis_jurisdiction (id, employee, boundarytype, createddate, lastmodifieddate, createdby, lastmodifiedby, version, boundary) VALUES (58, 59, 3, '2015-08-28 00:00:00', '2015-08-28 00:00:00', 1, 1, NULL, 2);
INSERT INTO egeis_jurisdiction (id, employee, boundarytype, createddate, lastmodifieddate, createdby, lastmodifiedby, version, boundary) VALUES (59, 60, 3, '2015-08-28 00:00:00', '2015-08-28 00:00:00', 1, 1, NULL, 2);
INSERT INTO egeis_jurisdiction (id, employee, boundarytype, createddate, lastmodifieddate, createdby, lastmodifiedby, version, boundary) VALUES (60, 61, 3, '2015-08-28 00:00:00', '2015-08-28 00:00:00', 1, 1, NULL, 2);
INSERT INTO egeis_jurisdiction (id, employee, boundarytype, createddate, lastmodifieddate, createdby, lastmodifiedby, version, boundary) VALUES (61, 62, 3, '2015-08-28 00:00:00', '2015-08-28 00:00:00', 1, 1, NULL, 2);
INSERT INTO egeis_jurisdiction (id, employee, boundarytype, createddate, lastmodifieddate, createdby, lastmodifiedby, version, boundary) VALUES (62, 63, 3, '2015-08-28 00:00:00', '2015-08-28 00:00:00', 1, 1, NULL, 2);
INSERT INTO egeis_jurisdiction (id, employee, boundarytype, createddate, lastmodifieddate, createdby, lastmodifiedby, version, boundary) VALUES (63, 64, 3, '2015-08-28 00:00:00', '2015-08-28 00:00:00', 1, 1, NULL, 2);
INSERT INTO egeis_jurisdiction (id, employee, boundarytype, createddate, lastmodifieddate, createdby, lastmodifiedby, version, boundary) VALUES (64, 65, 3, '2015-08-28 00:00:00', '2015-08-28 00:00:00', 1, 1, NULL, 2);
INSERT INTO egeis_jurisdiction (id, employee, boundarytype, createddate, lastmodifieddate, createdby, lastmodifiedby, version, boundary) VALUES (65, 54, 3, '2015-08-28 00:00:00', '2015-08-28 00:00:00', 1, 1, NULL, 2);
INSERT INTO egeis_jurisdiction (id, employee, boundarytype, createddate, lastmodifieddate, createdby, lastmodifiedby, version, boundary) VALUES (66, 68, 3, '2015-08-28 00:00:00', '2015-08-28 00:00:00', 1, 1, NULL, 2);
INSERT INTO egeis_jurisdiction (id, employee, boundarytype, createddate, lastmodifieddate, createdby, lastmodifiedby, version, boundary) VALUES (68, 18, 3, '2015-08-28 00:00:00', '2015-08-28 00:00:00', 1, 1, NULL, 3);
INSERT INTO egeis_jurisdiction (id, employee, boundarytype, createddate, lastmodifieddate, createdby, lastmodifiedby, version, boundary) VALUES (69, 3, 3, '2015-08-28 00:00:00', '2015-08-28 00:00:00', 1, 1, NULL, 3);
INSERT INTO egeis_jurisdiction (id, employee, boundarytype, createddate, lastmodifieddate, createdby, lastmodifiedby, version, boundary) VALUES (70, 4, 3, '2015-08-28 00:00:00', '2015-08-28 00:00:00', 1, 1, NULL, 3);
INSERT INTO egeis_jurisdiction (id, employee, boundarytype, createddate, lastmodifieddate, createdby, lastmodifiedby, version, boundary) VALUES (71, 5, 3, '2015-08-28 00:00:00', '2015-08-28 00:00:00', 1, 1, NULL, 3);
INSERT INTO egeis_jurisdiction (id, employee, boundarytype, createddate, lastmodifieddate, createdby, lastmodifiedby, version, boundary) VALUES (72, 6, 3, '2015-08-28 00:00:00', '2015-08-28 00:00:00', 1, 1, NULL, 3);
INSERT INTO egeis_jurisdiction (id, employee, boundarytype, createddate, lastmodifieddate, createdby, lastmodifiedby, version, boundary) VALUES (73, 7, 3, '2015-08-28 00:00:00', '2015-08-28 00:00:00', 1, 1, NULL, 3);
INSERT INTO egeis_jurisdiction (id, employee, boundarytype, createddate, lastmodifieddate, createdby, lastmodifiedby, version, boundary) VALUES (74, 8, 3, '2015-08-28 00:00:00', '2015-08-28 00:00:00', 1, 1, NULL, 3);
INSERT INTO egeis_jurisdiction (id, employee, boundarytype, createddate, lastmodifieddate, createdby, lastmodifiedby, version, boundary) VALUES (75, 9, 3, '2015-08-28 00:00:00', '2015-08-28 00:00:00', 1, 1, NULL, 3);
INSERT INTO egeis_jurisdiction (id, employee, boundarytype, createddate, lastmodifieddate, createdby, lastmodifiedby, version, boundary) VALUES (76, 10, 3, '2015-08-28 00:00:00', '2015-08-28 00:00:00', 1, 1, NULL, 3);
INSERT INTO egeis_jurisdiction (id, employee, boundarytype, createddate, lastmodifieddate, createdby, lastmodifiedby, version, boundary) VALUES (77, 11, 3, '2015-08-28 00:00:00', '2015-08-28 00:00:00', 1, 1, NULL, 3);
INSERT INTO egeis_jurisdiction (id, employee, boundarytype, createddate, lastmodifieddate, createdby, lastmodifiedby, version, boundary) VALUES (78, 12, 3, '2015-08-28 00:00:00', '2015-08-28 00:00:00', 1, 1, NULL, 3);
INSERT INTO egeis_jurisdiction (id, employee, boundarytype, createddate, lastmodifieddate, createdby, lastmodifiedby, version, boundary) VALUES (79, 13, 3, '2015-08-28 00:00:00', '2015-08-28 00:00:00', 1, 1, NULL, 3);
INSERT INTO egeis_jurisdiction (id, employee, boundarytype, createddate, lastmodifieddate, createdby, lastmodifiedby, version, boundary) VALUES (80, 14, 3, '2015-08-28 00:00:00', '2015-08-28 00:00:00', 1, 1, NULL, 3);
INSERT INTO egeis_jurisdiction (id, employee, boundarytype, createddate, lastmodifieddate, createdby, lastmodifiedby, version, boundary) VALUES (81, 15, 3, '2015-08-28 00:00:00', '2015-08-28 00:00:00', 1, 1, NULL, 3);
INSERT INTO egeis_jurisdiction (id, employee, boundarytype, createddate, lastmodifieddate, createdby, lastmodifiedby, version, boundary) VALUES (82, 16, 3, '2015-08-28 00:00:00', '2015-08-28 00:00:00', 1, 1, NULL, 3);
INSERT INTO egeis_jurisdiction (id, employee, boundarytype, createddate, lastmodifieddate, createdby, lastmodifiedby, version, boundary) VALUES (83, 17, 3, '2015-08-28 00:00:00', '2015-08-28 00:00:00', 1, 1, NULL, 3);
INSERT INTO egeis_jurisdiction (id, employee, boundarytype, createddate, lastmodifieddate, createdby, lastmodifiedby, version, boundary) VALUES (85, 19, 3, '2015-08-28 00:00:00', '2015-08-28 00:00:00', 1, 1, NULL, 3);
INSERT INTO egeis_jurisdiction (id, employee, boundarytype, createddate, lastmodifieddate, createdby, lastmodifiedby, version, boundary) VALUES (86, 20, 3, '2015-08-28 00:00:00', '2015-08-28 00:00:00', 1, 1, NULL, 3);
INSERT INTO egeis_jurisdiction (id, employee, boundarytype, createddate, lastmodifieddate, createdby, lastmodifiedby, version, boundary) VALUES (87, 21, 3, '2015-08-28 00:00:00', '2015-08-28 00:00:00', 1, 1, NULL, 3);
INSERT INTO egeis_jurisdiction (id, employee, boundarytype, createddate, lastmodifieddate, createdby, lastmodifiedby, version, boundary) VALUES (88, 22, 3, '2015-08-28 00:00:00', '2015-08-28 00:00:00', 1, 1, NULL, 3);
INSERT INTO egeis_jurisdiction (id, employee, boundarytype, createddate, lastmodifieddate, createdby, lastmodifiedby, version, boundary) VALUES (89, 23, 3, '2015-08-28 00:00:00', '2015-08-28 00:00:00', 1, 1, NULL, 3);
INSERT INTO egeis_jurisdiction (id, employee, boundarytype, createddate, lastmodifieddate, createdby, lastmodifiedby, version, boundary) VALUES (90, 24, 3, '2015-08-28 00:00:00', '2015-08-28 00:00:00', 1, 1, NULL, 3);
INSERT INTO egeis_jurisdiction (id, employee, boundarytype, createddate, lastmodifieddate, createdby, lastmodifiedby, version, boundary) VALUES (91, 25, 3, '2015-08-28 00:00:00', '2015-08-28 00:00:00', 1, 1, NULL, 3);
INSERT INTO egeis_jurisdiction (id, employee, boundarytype, createddate, lastmodifieddate, createdby, lastmodifiedby, version, boundary) VALUES (92, 26, 3, '2015-08-28 00:00:00', '2015-08-28 00:00:00', 1, 1, NULL, 3);
INSERT INTO egeis_jurisdiction (id, employee, boundarytype, createddate, lastmodifieddate, createdby, lastmodifiedby, version, boundary) VALUES (93, 27, 3, '2015-08-28 00:00:00', '2015-08-28 00:00:00', 1, 1, NULL, 3);
INSERT INTO egeis_jurisdiction (id, employee, boundarytype, createddate, lastmodifieddate, createdby, lastmodifiedby, version, boundary) VALUES (94, 28, 3, '2015-08-28 00:00:00', '2015-08-28 00:00:00', 1, 1, NULL, 3);
INSERT INTO egeis_jurisdiction (id, employee, boundarytype, createddate, lastmodifieddate, createdby, lastmodifiedby, version, boundary) VALUES (95, 29, 3, '2015-08-28 00:00:00', '2015-08-28 00:00:00', 1, 1, NULL, 3);
INSERT INTO egeis_jurisdiction (id, employee, boundarytype, createddate, lastmodifieddate, createdby, lastmodifiedby, version, boundary) VALUES (96, 30, 3, '2015-08-28 00:00:00', '2015-08-28 00:00:00', 1, 1, NULL, 3);
INSERT INTO egeis_jurisdiction (id, employee, boundarytype, createddate, lastmodifieddate, createdby, lastmodifiedby, version, boundary) VALUES (97, 31, 3, '2015-08-28 00:00:00', '2015-08-28 00:00:00', 1, 1, NULL, 3);
INSERT INTO egeis_jurisdiction (id, employee, boundarytype, createddate, lastmodifieddate, createdby, lastmodifiedby, version, boundary) VALUES (98, 32, 3, '2015-08-28 00:00:00', '2015-08-28 00:00:00', 1, 1, NULL, 3);
INSERT INTO egeis_jurisdiction (id, employee, boundarytype, createddate, lastmodifieddate, createdby, lastmodifiedby, version, boundary) VALUES (99, 33, 3, '2015-08-28 00:00:00', '2015-08-28 00:00:00', 1, 1, NULL, 3);
INSERT INTO egeis_jurisdiction (id, employee, boundarytype, createddate, lastmodifieddate, createdby, lastmodifiedby, version, boundary) VALUES (100, 34, 3, '2015-08-28 00:00:00', '2015-08-28 00:00:00', 1, 1, NULL, 3);
INSERT INTO egeis_jurisdiction (id, employee, boundarytype, createddate, lastmodifieddate, createdby, lastmodifiedby, version, boundary) VALUES (101, 35, 3, '2015-08-28 00:00:00', '2015-08-28 00:00:00', 1, 1, NULL, 3);
INSERT INTO egeis_jurisdiction (id, employee, boundarytype, createddate, lastmodifieddate, createdby, lastmodifiedby, version, boundary) VALUES (102, 36, 3, '2015-08-28 00:00:00', '2015-08-28 00:00:00', 1, 1, NULL, 3);
INSERT INTO egeis_jurisdiction (id, employee, boundarytype, createddate, lastmodifieddate, createdby, lastmodifiedby, version, boundary) VALUES (103, 37, 3, '2015-08-28 00:00:00', '2015-08-28 00:00:00', 1, 1, NULL, 3);
INSERT INTO egeis_jurisdiction (id, employee, boundarytype, createddate, lastmodifieddate, createdby, lastmodifiedby, version, boundary) VALUES (104, 38, 3, '2015-08-28 00:00:00', '2015-08-28 00:00:00', 1, 1, NULL, 3);
INSERT INTO egeis_jurisdiction (id, employee, boundarytype, createddate, lastmodifieddate, createdby, lastmodifiedby, version, boundary) VALUES (105, 39, 3, '2015-08-28 00:00:00', '2015-08-28 00:00:00', 1, 1, NULL, 3);
INSERT INTO egeis_jurisdiction (id, employee, boundarytype, createddate, lastmodifieddate, createdby, lastmodifiedby, version, boundary) VALUES (106, 40, 3, '2015-08-28 00:00:00', '2015-08-28 00:00:00', 1, 1, NULL, 3);
INSERT INTO egeis_jurisdiction (id, employee, boundarytype, createddate, lastmodifieddate, createdby, lastmodifiedby, version, boundary) VALUES (107, 41, 3, '2015-08-28 00:00:00', '2015-08-28 00:00:00', 1, 1, NULL, 3);
INSERT INTO egeis_jurisdiction (id, employee, boundarytype, createddate, lastmodifieddate, createdby, lastmodifiedby, version, boundary) VALUES (108, 42, 3, '2015-08-28 00:00:00', '2015-08-28 00:00:00', 1, 1, NULL, 3);
INSERT INTO egeis_jurisdiction (id, employee, boundarytype, createddate, lastmodifieddate, createdby, lastmodifiedby, version, boundary) VALUES (109, 43, 3, '2015-08-28 00:00:00', '2015-08-28 00:00:00', 1, 1, NULL, 3);
INSERT INTO egeis_jurisdiction (id, employee, boundarytype, createddate, lastmodifieddate, createdby, lastmodifiedby, version, boundary) VALUES (110, 44, 3, '2015-08-28 00:00:00', '2015-08-28 00:00:00', 1, 1, NULL, 3);
INSERT INTO egeis_jurisdiction (id, employee, boundarytype, createddate, lastmodifieddate, createdby, lastmodifiedby, version, boundary) VALUES (111, 45, 3, '2015-08-28 00:00:00', '2015-08-28 00:00:00', 1, 1, NULL, 3);
INSERT INTO egeis_jurisdiction (id, employee, boundarytype, createddate, lastmodifieddate, createdby, lastmodifiedby, version, boundary) VALUES (112, 46, 3, '2015-08-28 00:00:00', '2015-08-28 00:00:00', 1, 1, NULL, 3);
INSERT INTO egeis_jurisdiction (id, employee, boundarytype, createddate, lastmodifieddate, createdby, lastmodifiedby, version, boundary) VALUES (113, 47, 3, '2015-08-28 00:00:00', '2015-08-28 00:00:00', 1, 1, NULL, 3);
INSERT INTO egeis_jurisdiction (id, employee, boundarytype, createddate, lastmodifieddate, createdby, lastmodifiedby, version, boundary) VALUES (114, 48, 3, '2015-08-28 00:00:00', '2015-08-28 00:00:00', 1, 1, NULL, 3);
INSERT INTO egeis_jurisdiction (id, employee, boundarytype, createddate, lastmodifieddate, createdby, lastmodifiedby, version, boundary) VALUES (115, 49, 3, '2015-08-28 00:00:00', '2015-08-28 00:00:00', 1, 1, NULL, 3);
INSERT INTO egeis_jurisdiction (id, employee, boundarytype, createddate, lastmodifieddate, createdby, lastmodifiedby, version, boundary) VALUES (116, 50, 3, '2015-08-28 00:00:00', '2015-08-28 00:00:00', 1, 1, NULL, 3);
INSERT INTO egeis_jurisdiction (id, employee, boundarytype, createddate, lastmodifieddate, createdby, lastmodifiedby, version, boundary) VALUES (117, 51, 3, '2015-08-28 00:00:00', '2015-08-28 00:00:00', 1, 1, NULL, 3);
INSERT INTO egeis_jurisdiction (id, employee, boundarytype, createddate, lastmodifieddate, createdby, lastmodifiedby, version, boundary) VALUES (118, 52, 3, '2015-08-28 00:00:00', '2015-08-28 00:00:00', 1, 1, NULL, 3);
INSERT INTO egeis_jurisdiction (id, employee, boundarytype, createddate, lastmodifieddate, createdby, lastmodifiedby, version, boundary) VALUES (119, 53, 3, '2015-08-28 00:00:00', '2015-08-28 00:00:00', 1, 1, NULL, 3);
INSERT INTO egeis_jurisdiction (id, employee, boundarytype, createddate, lastmodifieddate, createdby, lastmodifiedby, version, boundary) VALUES (120, 55, 3, '2015-08-28 00:00:00', '2015-08-28 00:00:00', 1, 1, NULL, 3);
INSERT INTO egeis_jurisdiction (id, employee, boundarytype, createddate, lastmodifieddate, createdby, lastmodifiedby, version, boundary) VALUES (121, 56, 3, '2015-08-28 00:00:00', '2015-08-28 00:00:00', 1, 1, NULL, 3);
INSERT INTO egeis_jurisdiction (id, employee, boundarytype, createddate, lastmodifieddate, createdby, lastmodifiedby, version, boundary) VALUES (122, 57, 3, '2015-08-28 00:00:00', '2015-08-28 00:00:00', 1, 1, NULL, 3);
INSERT INTO egeis_jurisdiction (id, employee, boundarytype, createddate, lastmodifieddate, createdby, lastmodifiedby, version, boundary) VALUES (123, 58, 3, '2015-08-28 00:00:00', '2015-08-28 00:00:00', 1, 1, NULL, 3);
INSERT INTO egeis_jurisdiction (id, employee, boundarytype, createddate, lastmodifieddate, createdby, lastmodifiedby, version, boundary) VALUES (124, 59, 3, '2015-08-28 00:00:00', '2015-08-28 00:00:00', 1, 1, NULL, 3);
INSERT INTO egeis_jurisdiction (id, employee, boundarytype, createddate, lastmodifieddate, createdby, lastmodifiedby, version, boundary) VALUES (125, 60, 3, '2015-08-28 00:00:00', '2015-08-28 00:00:00', 1, 1, NULL, 3);
INSERT INTO egeis_jurisdiction (id, employee, boundarytype, createddate, lastmodifieddate, createdby, lastmodifiedby, version, boundary) VALUES (126, 61, 3, '2015-08-28 00:00:00', '2015-08-28 00:00:00', 1, 1, NULL, 3);
INSERT INTO egeis_jurisdiction (id, employee, boundarytype, createddate, lastmodifieddate, createdby, lastmodifiedby, version, boundary) VALUES (127, 62, 3, '2015-08-28 00:00:00', '2015-08-28 00:00:00', 1, 1, NULL, 3);
INSERT INTO egeis_jurisdiction (id, employee, boundarytype, createddate, lastmodifieddate, createdby, lastmodifiedby, version, boundary) VALUES (128, 63, 3, '2015-08-28 00:00:00', '2015-08-28 00:00:00', 1, 1, NULL, 3);
INSERT INTO egeis_jurisdiction (id, employee, boundarytype, createddate, lastmodifieddate, createdby, lastmodifiedby, version, boundary) VALUES (129, 64, 3, '2015-08-28 00:00:00', '2015-08-28 00:00:00', 1, 1, NULL, 3);
INSERT INTO egeis_jurisdiction (id, employee, boundarytype, createddate, lastmodifieddate, createdby, lastmodifiedby, version, boundary) VALUES (130, 65, 3, '2015-08-28 00:00:00', '2015-08-28 00:00:00', 1, 1, NULL, 3);
INSERT INTO egeis_jurisdiction (id, employee, boundarytype, createddate, lastmodifieddate, createdby, lastmodifiedby, version, boundary) VALUES (131, 54, 3, '2015-08-28 00:00:00', '2015-08-28 00:00:00', 1, 1, NULL, 3);
INSERT INTO egeis_jurisdiction (id, employee, boundarytype, createddate, lastmodifieddate, createdby, lastmodifiedby, version, boundary) VALUES (132, 68, 3, '2015-08-28 00:00:00', '2015-08-28 00:00:00', 1, 1, NULL, 3);
INSERT INTO egeis_jurisdiction (id, employee, boundarytype, createddate, lastmodifieddate, createdby, lastmodifiedby, version, boundary) VALUES (134, 18, 3, '2015-08-28 00:00:00', '2015-08-28 00:00:00', 1, 1, NULL, 4);
INSERT INTO egeis_jurisdiction (id, employee, boundarytype, createddate, lastmodifieddate, createdby, lastmodifiedby, version, boundary) VALUES (135, 3, 3, '2015-08-28 00:00:00', '2015-08-28 00:00:00', 1, 1, NULL, 4);
INSERT INTO egeis_jurisdiction (id, employee, boundarytype, createddate, lastmodifieddate, createdby, lastmodifiedby, version, boundary) VALUES (136, 4, 3, '2015-08-28 00:00:00', '2015-08-28 00:00:00', 1, 1, NULL, 4);
INSERT INTO egeis_jurisdiction (id, employee, boundarytype, createddate, lastmodifieddate, createdby, lastmodifiedby, version, boundary) VALUES (137, 5, 3, '2015-08-28 00:00:00', '2015-08-28 00:00:00', 1, 1, NULL, 4);
INSERT INTO egeis_jurisdiction (id, employee, boundarytype, createddate, lastmodifieddate, createdby, lastmodifiedby, version, boundary) VALUES (138, 6, 3, '2015-08-28 00:00:00', '2015-08-28 00:00:00', 1, 1, NULL, 4);
INSERT INTO egeis_jurisdiction (id, employee, boundarytype, createddate, lastmodifieddate, createdby, lastmodifiedby, version, boundary) VALUES (139, 7, 3, '2015-08-28 00:00:00', '2015-08-28 00:00:00', 1, 1, NULL, 4);
INSERT INTO egeis_jurisdiction (id, employee, boundarytype, createddate, lastmodifieddate, createdby, lastmodifiedby, version, boundary) VALUES (140, 8, 3, '2015-08-28 00:00:00', '2015-08-28 00:00:00', 1, 1, NULL, 4);
INSERT INTO egeis_jurisdiction (id, employee, boundarytype, createddate, lastmodifieddate, createdby, lastmodifiedby, version, boundary) VALUES (141, 9, 3, '2015-08-28 00:00:00', '2015-08-28 00:00:00', 1, 1, NULL, 4);
INSERT INTO egeis_jurisdiction (id, employee, boundarytype, createddate, lastmodifieddate, createdby, lastmodifiedby, version, boundary) VALUES (142, 10, 3, '2015-08-28 00:00:00', '2015-08-28 00:00:00', 1, 1, NULL, 4);
INSERT INTO egeis_jurisdiction (id, employee, boundarytype, createddate, lastmodifieddate, createdby, lastmodifiedby, version, boundary) VALUES (143, 11, 3, '2015-08-28 00:00:00', '2015-08-28 00:00:00', 1, 1, NULL, 4);
INSERT INTO egeis_jurisdiction (id, employee, boundarytype, createddate, lastmodifieddate, createdby, lastmodifiedby, version, boundary) VALUES (144, 12, 3, '2015-08-28 00:00:00', '2015-08-28 00:00:00', 1, 1, NULL, 4);
INSERT INTO egeis_jurisdiction (id, employee, boundarytype, createddate, lastmodifieddate, createdby, lastmodifiedby, version, boundary) VALUES (145, 13, 3, '2015-08-28 00:00:00', '2015-08-28 00:00:00', 1, 1, NULL, 4);
INSERT INTO egeis_jurisdiction (id, employee, boundarytype, createddate, lastmodifieddate, createdby, lastmodifiedby, version, boundary) VALUES (146, 14, 3, '2015-08-28 00:00:00', '2015-08-28 00:00:00', 1, 1, NULL, 4);
INSERT INTO egeis_jurisdiction (id, employee, boundarytype, createddate, lastmodifieddate, createdby, lastmodifiedby, version, boundary) VALUES (147, 15, 3, '2015-08-28 00:00:00', '2015-08-28 00:00:00', 1, 1, NULL, 4);
INSERT INTO egeis_jurisdiction (id, employee, boundarytype, createddate, lastmodifieddate, createdby, lastmodifiedby, version, boundary) VALUES (148, 16, 3, '2015-08-28 00:00:00', '2015-08-28 00:00:00', 1, 1, NULL, 4);
INSERT INTO egeis_jurisdiction (id, employee, boundarytype, createddate, lastmodifieddate, createdby, lastmodifiedby, version, boundary) VALUES (149, 17, 3, '2015-08-28 00:00:00', '2015-08-28 00:00:00', 1, 1, NULL, 4);
INSERT INTO egeis_jurisdiction (id, employee, boundarytype, createddate, lastmodifieddate, createdby, lastmodifiedby, version, boundary) VALUES (151, 19, 3, '2015-08-28 00:00:00', '2015-08-28 00:00:00', 1, 1, NULL, 4);
INSERT INTO egeis_jurisdiction (id, employee, boundarytype, createddate, lastmodifieddate, createdby, lastmodifiedby, version, boundary) VALUES (152, 20, 3, '2015-08-28 00:00:00', '2015-08-28 00:00:00', 1, 1, NULL, 4);
INSERT INTO egeis_jurisdiction (id, employee, boundarytype, createddate, lastmodifieddate, createdby, lastmodifiedby, version, boundary) VALUES (153, 21, 3, '2015-08-28 00:00:00', '2015-08-28 00:00:00', 1, 1, NULL, 4);
INSERT INTO egeis_jurisdiction (id, employee, boundarytype, createddate, lastmodifieddate, createdby, lastmodifiedby, version, boundary) VALUES (154, 22, 3, '2015-08-28 00:00:00', '2015-08-28 00:00:00', 1, 1, NULL, 4);
INSERT INTO egeis_jurisdiction (id, employee, boundarytype, createddate, lastmodifieddate, createdby, lastmodifiedby, version, boundary) VALUES (155, 23, 3, '2015-08-28 00:00:00', '2015-08-28 00:00:00', 1, 1, NULL, 4);
INSERT INTO egeis_jurisdiction (id, employee, boundarytype, createddate, lastmodifieddate, createdby, lastmodifiedby, version, boundary) VALUES (156, 24, 3, '2015-08-28 00:00:00', '2015-08-28 00:00:00', 1, 1, NULL, 4);
INSERT INTO egeis_jurisdiction (id, employee, boundarytype, createddate, lastmodifieddate, createdby, lastmodifiedby, version, boundary) VALUES (157, 25, 3, '2015-08-28 00:00:00', '2015-08-28 00:00:00', 1, 1, NULL, 4);
INSERT INTO egeis_jurisdiction (id, employee, boundarytype, createddate, lastmodifieddate, createdby, lastmodifiedby, version, boundary) VALUES (158, 26, 3, '2015-08-28 00:00:00', '2015-08-28 00:00:00', 1, 1, NULL, 4);
INSERT INTO egeis_jurisdiction (id, employee, boundarytype, createddate, lastmodifieddate, createdby, lastmodifiedby, version, boundary) VALUES (159, 27, 3, '2015-08-28 00:00:00', '2015-08-28 00:00:00', 1, 1, NULL, 4);
INSERT INTO egeis_jurisdiction (id, employee, boundarytype, createddate, lastmodifieddate, createdby, lastmodifiedby, version, boundary) VALUES (160, 28, 3, '2015-08-28 00:00:00', '2015-08-28 00:00:00', 1, 1, NULL, 4);
INSERT INTO egeis_jurisdiction (id, employee, boundarytype, createddate, lastmodifieddate, createdby, lastmodifiedby, version, boundary) VALUES (161, 29, 3, '2015-08-28 00:00:00', '2015-08-28 00:00:00', 1, 1, NULL, 4);
INSERT INTO egeis_jurisdiction (id, employee, boundarytype, createddate, lastmodifieddate, createdby, lastmodifiedby, version, boundary) VALUES (162, 30, 3, '2015-08-28 00:00:00', '2015-08-28 00:00:00', 1, 1, NULL, 4);
INSERT INTO egeis_jurisdiction (id, employee, boundarytype, createddate, lastmodifieddate, createdby, lastmodifiedby, version, boundary) VALUES (163, 31, 3, '2015-08-28 00:00:00', '2015-08-28 00:00:00', 1, 1, NULL, 4);
INSERT INTO egeis_jurisdiction (id, employee, boundarytype, createddate, lastmodifieddate, createdby, lastmodifiedby, version, boundary) VALUES (164, 32, 3, '2015-08-28 00:00:00', '2015-08-28 00:00:00', 1, 1, NULL, 4);
INSERT INTO egeis_jurisdiction (id, employee, boundarytype, createddate, lastmodifieddate, createdby, lastmodifiedby, version, boundary) VALUES (165, 33, 3, '2015-08-28 00:00:00', '2015-08-28 00:00:00', 1, 1, NULL, 4);
INSERT INTO egeis_jurisdiction (id, employee, boundarytype, createddate, lastmodifieddate, createdby, lastmodifiedby, version, boundary) VALUES (166, 34, 3, '2015-08-28 00:00:00', '2015-08-28 00:00:00', 1, 1, NULL, 4);
INSERT INTO egeis_jurisdiction (id, employee, boundarytype, createddate, lastmodifieddate, createdby, lastmodifiedby, version, boundary) VALUES (167, 35, 3, '2015-08-28 00:00:00', '2015-08-28 00:00:00', 1, 1, NULL, 4);
INSERT INTO egeis_jurisdiction (id, employee, boundarytype, createddate, lastmodifieddate, createdby, lastmodifiedby, version, boundary) VALUES (168, 36, 3, '2015-08-28 00:00:00', '2015-08-28 00:00:00', 1, 1, NULL, 4);
INSERT INTO egeis_jurisdiction (id, employee, boundarytype, createddate, lastmodifieddate, createdby, lastmodifiedby, version, boundary) VALUES (169, 37, 3, '2015-08-28 00:00:00', '2015-08-28 00:00:00', 1, 1, NULL, 4);
INSERT INTO egeis_jurisdiction (id, employee, boundarytype, createddate, lastmodifieddate, createdby, lastmodifiedby, version, boundary) VALUES (170, 38, 3, '2015-08-28 00:00:00', '2015-08-28 00:00:00', 1, 1, NULL, 4);
INSERT INTO egeis_jurisdiction (id, employee, boundarytype, createddate, lastmodifieddate, createdby, lastmodifiedby, version, boundary) VALUES (171, 39, 3, '2015-08-28 00:00:00', '2015-08-28 00:00:00', 1, 1, NULL, 4);
INSERT INTO egeis_jurisdiction (id, employee, boundarytype, createddate, lastmodifieddate, createdby, lastmodifiedby, version, boundary) VALUES (172, 40, 3, '2015-08-28 00:00:00', '2015-08-28 00:00:00', 1, 1, NULL, 4);
INSERT INTO egeis_jurisdiction (id, employee, boundarytype, createddate, lastmodifieddate, createdby, lastmodifiedby, version, boundary) VALUES (173, 41, 3, '2015-08-28 00:00:00', '2015-08-28 00:00:00', 1, 1, NULL, 4);
INSERT INTO egeis_jurisdiction (id, employee, boundarytype, createddate, lastmodifieddate, createdby, lastmodifiedby, version, boundary) VALUES (174, 42, 3, '2015-08-28 00:00:00', '2015-08-28 00:00:00', 1, 1, NULL, 4);
INSERT INTO egeis_jurisdiction (id, employee, boundarytype, createddate, lastmodifieddate, createdby, lastmodifiedby, version, boundary) VALUES (175, 43, 3, '2015-08-28 00:00:00', '2015-08-28 00:00:00', 1, 1, NULL, 4);
INSERT INTO egeis_jurisdiction (id, employee, boundarytype, createddate, lastmodifieddate, createdby, lastmodifiedby, version, boundary) VALUES (176, 44, 3, '2015-08-28 00:00:00', '2015-08-28 00:00:00', 1, 1, NULL, 4);
INSERT INTO egeis_jurisdiction (id, employee, boundarytype, createddate, lastmodifieddate, createdby, lastmodifiedby, version, boundary) VALUES (177, 45, 3, '2015-08-28 00:00:00', '2015-08-28 00:00:00', 1, 1, NULL, 4);
INSERT INTO egeis_jurisdiction (id, employee, boundarytype, createddate, lastmodifieddate, createdby, lastmodifiedby, version, boundary) VALUES (178, 46, 3, '2015-08-28 00:00:00', '2015-08-28 00:00:00', 1, 1, NULL, 4);
INSERT INTO egeis_jurisdiction (id, employee, boundarytype, createddate, lastmodifieddate, createdby, lastmodifiedby, version, boundary) VALUES (179, 47, 3, '2015-08-28 00:00:00', '2015-08-28 00:00:00', 1, 1, NULL, 4);
INSERT INTO egeis_jurisdiction (id, employee, boundarytype, createddate, lastmodifieddate, createdby, lastmodifiedby, version, boundary) VALUES (180, 48, 3, '2015-08-28 00:00:00', '2015-08-28 00:00:00', 1, 1, NULL, 4);
INSERT INTO egeis_jurisdiction (id, employee, boundarytype, createddate, lastmodifieddate, createdby, lastmodifiedby, version, boundary) VALUES (181, 49, 3, '2015-08-28 00:00:00', '2015-08-28 00:00:00', 1, 1, NULL, 4);
INSERT INTO egeis_jurisdiction (id, employee, boundarytype, createddate, lastmodifieddate, createdby, lastmodifiedby, version, boundary) VALUES (182, 50, 3, '2015-08-28 00:00:00', '2015-08-28 00:00:00', 1, 1, NULL, 4);
INSERT INTO egeis_jurisdiction (id, employee, boundarytype, createddate, lastmodifieddate, createdby, lastmodifiedby, version, boundary) VALUES (183, 51, 3, '2015-08-28 00:00:00', '2015-08-28 00:00:00', 1, 1, NULL, 4);
INSERT INTO egeis_jurisdiction (id, employee, boundarytype, createddate, lastmodifieddate, createdby, lastmodifiedby, version, boundary) VALUES (184, 52, 3, '2015-08-28 00:00:00', '2015-08-28 00:00:00', 1, 1, NULL, 4);
INSERT INTO egeis_jurisdiction (id, employee, boundarytype, createddate, lastmodifieddate, createdby, lastmodifiedby, version, boundary) VALUES (185, 53, 3, '2015-08-28 00:00:00', '2015-08-28 00:00:00', 1, 1, NULL, 4);
INSERT INTO egeis_jurisdiction (id, employee, boundarytype, createddate, lastmodifieddate, createdby, lastmodifiedby, version, boundary) VALUES (186, 55, 3, '2015-08-28 00:00:00', '2015-08-28 00:00:00', 1, 1, NULL, 4);
INSERT INTO egeis_jurisdiction (id, employee, boundarytype, createddate, lastmodifieddate, createdby, lastmodifiedby, version, boundary) VALUES (187, 56, 3, '2015-08-28 00:00:00', '2015-08-28 00:00:00', 1, 1, NULL, 4);
INSERT INTO egeis_jurisdiction (id, employee, boundarytype, createddate, lastmodifieddate, createdby, lastmodifiedby, version, boundary) VALUES (188, 57, 3, '2015-08-28 00:00:00', '2015-08-28 00:00:00', 1, 1, NULL, 4);
INSERT INTO egeis_jurisdiction (id, employee, boundarytype, createddate, lastmodifieddate, createdby, lastmodifiedby, version, boundary) VALUES (189, 58, 3, '2015-08-28 00:00:00', '2015-08-28 00:00:00', 1, 1, NULL, 4);
INSERT INTO egeis_jurisdiction (id, employee, boundarytype, createddate, lastmodifieddate, createdby, lastmodifiedby, version, boundary) VALUES (190, 59, 3, '2015-08-28 00:00:00', '2015-08-28 00:00:00', 1, 1, NULL, 4);
INSERT INTO egeis_jurisdiction (id, employee, boundarytype, createddate, lastmodifieddate, createdby, lastmodifiedby, version, boundary) VALUES (191, 60, 3, '2015-08-28 00:00:00', '2015-08-28 00:00:00', 1, 1, NULL, 4);
INSERT INTO egeis_jurisdiction (id, employee, boundarytype, createddate, lastmodifieddate, createdby, lastmodifiedby, version, boundary) VALUES (192, 61, 3, '2015-08-28 00:00:00', '2015-08-28 00:00:00', 1, 1, NULL, 4);
INSERT INTO egeis_jurisdiction (id, employee, boundarytype, createddate, lastmodifieddate, createdby, lastmodifiedby, version, boundary) VALUES (193, 62, 3, '2015-08-28 00:00:00', '2015-08-28 00:00:00', 1, 1, NULL, 4);
INSERT INTO egeis_jurisdiction (id, employee, boundarytype, createddate, lastmodifieddate, createdby, lastmodifiedby, version, boundary) VALUES (194, 63, 3, '2015-08-28 00:00:00', '2015-08-28 00:00:00', 1, 1, NULL, 4);
INSERT INTO egeis_jurisdiction (id, employee, boundarytype, createddate, lastmodifieddate, createdby, lastmodifiedby, version, boundary) VALUES (195, 64, 3, '2015-08-28 00:00:00', '2015-08-28 00:00:00', 1, 1, NULL, 4);
INSERT INTO egeis_jurisdiction (id, employee, boundarytype, createddate, lastmodifieddate, createdby, lastmodifiedby, version, boundary) VALUES (196, 65, 3, '2015-08-28 00:00:00', '2015-08-28 00:00:00', 1, 1, NULL, 4);
INSERT INTO egeis_jurisdiction (id, employee, boundarytype, createddate, lastmodifieddate, createdby, lastmodifiedby, version, boundary) VALUES (197, 54, 3, '2015-08-28 00:00:00', '2015-08-28 00:00:00', 1, 1, NULL, 4);
INSERT INTO egeis_jurisdiction (id, employee, boundarytype, createddate, lastmodifieddate, createdby, lastmodifiedby, version, boundary) VALUES (198, 68, 3, '2015-08-28 00:00:00', '2015-08-28 00:00:00', 1, 1, NULL, 4);
INSERT INTO egeis_jurisdiction (id, employee, boundarytype, createddate, lastmodifieddate, createdby, lastmodifiedby, version, boundary) VALUES (200, 18, 3, '2015-08-28 00:00:00', '2015-08-28 00:00:00', 1, 1, NULL, 5);
INSERT INTO egeis_jurisdiction (id, employee, boundarytype, createddate, lastmodifieddate, createdby, lastmodifiedby, version, boundary) VALUES (201, 3, 3, '2015-08-28 00:00:00', '2015-08-28 00:00:00', 1, 1, NULL, 5);
INSERT INTO egeis_jurisdiction (id, employee, boundarytype, createddate, lastmodifieddate, createdby, lastmodifiedby, version, boundary) VALUES (202, 4, 3, '2015-08-28 00:00:00', '2015-08-28 00:00:00', 1, 1, NULL, 5);
INSERT INTO egeis_jurisdiction (id, employee, boundarytype, createddate, lastmodifieddate, createdby, lastmodifiedby, version, boundary) VALUES (203, 5, 3, '2015-08-28 00:00:00', '2015-08-28 00:00:00', 1, 1, NULL, 5);
INSERT INTO egeis_jurisdiction (id, employee, boundarytype, createddate, lastmodifieddate, createdby, lastmodifiedby, version, boundary) VALUES (204, 6, 3, '2015-08-28 00:00:00', '2015-08-28 00:00:00', 1, 1, NULL, 5);
INSERT INTO egeis_jurisdiction (id, employee, boundarytype, createddate, lastmodifieddate, createdby, lastmodifiedby, version, boundary) VALUES (205, 7, 3, '2015-08-28 00:00:00', '2015-08-28 00:00:00', 1, 1, NULL, 5);
INSERT INTO egeis_jurisdiction (id, employee, boundarytype, createddate, lastmodifieddate, createdby, lastmodifiedby, version, boundary) VALUES (206, 8, 3, '2015-08-28 00:00:00', '2015-08-28 00:00:00', 1, 1, NULL, 5);
INSERT INTO egeis_jurisdiction (id, employee, boundarytype, createddate, lastmodifieddate, createdby, lastmodifiedby, version, boundary) VALUES (207, 9, 3, '2015-08-28 00:00:00', '2015-08-28 00:00:00', 1, 1, NULL, 5);
INSERT INTO egeis_jurisdiction (id, employee, boundarytype, createddate, lastmodifieddate, createdby, lastmodifiedby, version, boundary) VALUES (208, 10, 3, '2015-08-28 00:00:00', '2015-08-28 00:00:00', 1, 1, NULL, 5);
INSERT INTO egeis_jurisdiction (id, employee, boundarytype, createddate, lastmodifieddate, createdby, lastmodifiedby, version, boundary) VALUES (209, 11, 3, '2015-08-28 00:00:00', '2015-08-28 00:00:00', 1, 1, NULL, 5);
INSERT INTO egeis_jurisdiction (id, employee, boundarytype, createddate, lastmodifieddate, createdby, lastmodifiedby, version, boundary) VALUES (210, 12, 3, '2015-08-28 00:00:00', '2015-08-28 00:00:00', 1, 1, NULL, 5);
INSERT INTO egeis_jurisdiction (id, employee, boundarytype, createddate, lastmodifieddate, createdby, lastmodifiedby, version, boundary) VALUES (211, 13, 3, '2015-08-28 00:00:00', '2015-08-28 00:00:00', 1, 1, NULL, 5);
INSERT INTO egeis_jurisdiction (id, employee, boundarytype, createddate, lastmodifieddate, createdby, lastmodifiedby, version, boundary) VALUES (212, 14, 3, '2015-08-28 00:00:00', '2015-08-28 00:00:00', 1, 1, NULL, 5);
INSERT INTO egeis_jurisdiction (id, employee, boundarytype, createddate, lastmodifieddate, createdby, lastmodifiedby, version, boundary) VALUES (213, 15, 3, '2015-08-28 00:00:00', '2015-08-28 00:00:00', 1, 1, NULL, 5);
INSERT INTO egeis_jurisdiction (id, employee, boundarytype, createddate, lastmodifieddate, createdby, lastmodifiedby, version, boundary) VALUES (214, 16, 3, '2015-08-28 00:00:00', '2015-08-28 00:00:00', 1, 1, NULL, 5);
INSERT INTO egeis_jurisdiction (id, employee, boundarytype, createddate, lastmodifieddate, createdby, lastmodifiedby, version, boundary) VALUES (215, 17, 3, '2015-08-28 00:00:00', '2015-08-28 00:00:00', 1, 1, NULL, 5);
INSERT INTO egeis_jurisdiction (id, employee, boundarytype, createddate, lastmodifieddate, createdby, lastmodifiedby, version, boundary) VALUES (217, 19, 3, '2015-08-28 00:00:00', '2015-08-28 00:00:00', 1, 1, NULL, 5);
INSERT INTO egeis_jurisdiction (id, employee, boundarytype, createddate, lastmodifieddate, createdby, lastmodifiedby, version, boundary) VALUES (218, 20, 3, '2015-08-28 00:00:00', '2015-08-28 00:00:00', 1, 1, NULL, 5);
INSERT INTO egeis_jurisdiction (id, employee, boundarytype, createddate, lastmodifieddate, createdby, lastmodifiedby, version, boundary) VALUES (219, 21, 3, '2015-08-28 00:00:00', '2015-08-28 00:00:00', 1, 1, NULL, 5);
INSERT INTO egeis_jurisdiction (id, employee, boundarytype, createddate, lastmodifieddate, createdby, lastmodifiedby, version, boundary) VALUES (220, 22, 3, '2015-08-28 00:00:00', '2015-08-28 00:00:00', 1, 1, NULL, 5);
INSERT INTO egeis_jurisdiction (id, employee, boundarytype, createddate, lastmodifieddate, createdby, lastmodifiedby, version, boundary) VALUES (221, 23, 3, '2015-08-28 00:00:00', '2015-08-28 00:00:00', 1, 1, NULL, 5);
INSERT INTO egeis_jurisdiction (id, employee, boundarytype, createddate, lastmodifieddate, createdby, lastmodifiedby, version, boundary) VALUES (222, 24, 3, '2015-08-28 00:00:00', '2015-08-28 00:00:00', 1, 1, NULL, 5);
INSERT INTO egeis_jurisdiction (id, employee, boundarytype, createddate, lastmodifieddate, createdby, lastmodifiedby, version, boundary) VALUES (223, 25, 3, '2015-08-28 00:00:00', '2015-08-28 00:00:00', 1, 1, NULL, 5);
INSERT INTO egeis_jurisdiction (id, employee, boundarytype, createddate, lastmodifieddate, createdby, lastmodifiedby, version, boundary) VALUES (224, 26, 3, '2015-08-28 00:00:00', '2015-08-28 00:00:00', 1, 1, NULL, 5);
INSERT INTO egeis_jurisdiction (id, employee, boundarytype, createddate, lastmodifieddate, createdby, lastmodifiedby, version, boundary) VALUES (225, 27, 3, '2015-08-28 00:00:00', '2015-08-28 00:00:00', 1, 1, NULL, 5);
INSERT INTO egeis_jurisdiction (id, employee, boundarytype, createddate, lastmodifieddate, createdby, lastmodifiedby, version, boundary) VALUES (226, 28, 3, '2015-08-28 00:00:00', '2015-08-28 00:00:00', 1, 1, NULL, 5);
INSERT INTO egeis_jurisdiction (id, employee, boundarytype, createddate, lastmodifieddate, createdby, lastmodifiedby, version, boundary) VALUES (227, 29, 3, '2015-08-28 00:00:00', '2015-08-28 00:00:00', 1, 1, NULL, 5);
INSERT INTO egeis_jurisdiction (id, employee, boundarytype, createddate, lastmodifieddate, createdby, lastmodifiedby, version, boundary) VALUES (228, 30, 3, '2015-08-28 00:00:00', '2015-08-28 00:00:00', 1, 1, NULL, 5);
INSERT INTO egeis_jurisdiction (id, employee, boundarytype, createddate, lastmodifieddate, createdby, lastmodifiedby, version, boundary) VALUES (229, 31, 3, '2015-08-28 00:00:00', '2015-08-28 00:00:00', 1, 1, NULL, 5);
INSERT INTO egeis_jurisdiction (id, employee, boundarytype, createddate, lastmodifieddate, createdby, lastmodifiedby, version, boundary) VALUES (230, 32, 3, '2015-08-28 00:00:00', '2015-08-28 00:00:00', 1, 1, NULL, 5);
INSERT INTO egeis_jurisdiction (id, employee, boundarytype, createddate, lastmodifieddate, createdby, lastmodifiedby, version, boundary) VALUES (231, 33, 3, '2015-08-28 00:00:00', '2015-08-28 00:00:00', 1, 1, NULL, 5);
INSERT INTO egeis_jurisdiction (id, employee, boundarytype, createddate, lastmodifieddate, createdby, lastmodifiedby, version, boundary) VALUES (232, 34, 3, '2015-08-28 00:00:00', '2015-08-28 00:00:00', 1, 1, NULL, 5);
INSERT INTO egeis_jurisdiction (id, employee, boundarytype, createddate, lastmodifieddate, createdby, lastmodifiedby, version, boundary) VALUES (233, 35, 3, '2015-08-28 00:00:00', '2015-08-28 00:00:00', 1, 1, NULL, 5);
INSERT INTO egeis_jurisdiction (id, employee, boundarytype, createddate, lastmodifieddate, createdby, lastmodifiedby, version, boundary) VALUES (234, 36, 3, '2015-08-28 00:00:00', '2015-08-28 00:00:00', 1, 1, NULL, 5);
INSERT INTO egeis_jurisdiction (id, employee, boundarytype, createddate, lastmodifieddate, createdby, lastmodifiedby, version, boundary) VALUES (235, 37, 3, '2015-08-28 00:00:00', '2015-08-28 00:00:00', 1, 1, NULL, 5);
INSERT INTO egeis_jurisdiction (id, employee, boundarytype, createddate, lastmodifieddate, createdby, lastmodifiedby, version, boundary) VALUES (236, 38, 3, '2015-08-28 00:00:00', '2015-08-28 00:00:00', 1, 1, NULL, 5);
INSERT INTO egeis_jurisdiction (id, employee, boundarytype, createddate, lastmodifieddate, createdby, lastmodifiedby, version, boundary) VALUES (237, 39, 3, '2015-08-28 00:00:00', '2015-08-28 00:00:00', 1, 1, NULL, 5);
INSERT INTO egeis_jurisdiction (id, employee, boundarytype, createddate, lastmodifieddate, createdby, lastmodifiedby, version, boundary) VALUES (238, 40, 3, '2015-08-28 00:00:00', '2015-08-28 00:00:00', 1, 1, NULL, 5);
INSERT INTO egeis_jurisdiction (id, employee, boundarytype, createddate, lastmodifieddate, createdby, lastmodifiedby, version, boundary) VALUES (239, 41, 3, '2015-08-28 00:00:00', '2015-08-28 00:00:00', 1, 1, NULL, 5);
INSERT INTO egeis_jurisdiction (id, employee, boundarytype, createddate, lastmodifieddate, createdby, lastmodifiedby, version, boundary) VALUES (240, 42, 3, '2015-08-28 00:00:00', '2015-08-28 00:00:00', 1, 1, NULL, 5);
INSERT INTO egeis_jurisdiction (id, employee, boundarytype, createddate, lastmodifieddate, createdby, lastmodifiedby, version, boundary) VALUES (241, 43, 3, '2015-08-28 00:00:00', '2015-08-28 00:00:00', 1, 1, NULL, 5);
INSERT INTO egeis_jurisdiction (id, employee, boundarytype, createddate, lastmodifieddate, createdby, lastmodifiedby, version, boundary) VALUES (242, 44, 3, '2015-08-28 00:00:00', '2015-08-28 00:00:00', 1, 1, NULL, 5);
INSERT INTO egeis_jurisdiction (id, employee, boundarytype, createddate, lastmodifieddate, createdby, lastmodifiedby, version, boundary) VALUES (243, 45, 3, '2015-08-28 00:00:00', '2015-08-28 00:00:00', 1, 1, NULL, 5);
INSERT INTO egeis_jurisdiction (id, employee, boundarytype, createddate, lastmodifieddate, createdby, lastmodifiedby, version, boundary) VALUES (244, 46, 3, '2015-08-28 00:00:00', '2015-08-28 00:00:00', 1, 1, NULL, 5);
INSERT INTO egeis_jurisdiction (id, employee, boundarytype, createddate, lastmodifieddate, createdby, lastmodifiedby, version, boundary) VALUES (245, 47, 3, '2015-08-28 00:00:00', '2015-08-28 00:00:00', 1, 1, NULL, 5);
INSERT INTO egeis_jurisdiction (id, employee, boundarytype, createddate, lastmodifieddate, createdby, lastmodifiedby, version, boundary) VALUES (246, 48, 3, '2015-08-28 00:00:00', '2015-08-28 00:00:00', 1, 1, NULL, 5);
INSERT INTO egeis_jurisdiction (id, employee, boundarytype, createddate, lastmodifieddate, createdby, lastmodifiedby, version, boundary) VALUES (247, 49, 3, '2015-08-28 00:00:00', '2015-08-28 00:00:00', 1, 1, NULL, 5);
INSERT INTO egeis_jurisdiction (id, employee, boundarytype, createddate, lastmodifieddate, createdby, lastmodifiedby, version, boundary) VALUES (248, 50, 3, '2015-08-28 00:00:00', '2015-08-28 00:00:00', 1, 1, NULL, 5);
INSERT INTO egeis_jurisdiction (id, employee, boundarytype, createddate, lastmodifieddate, createdby, lastmodifiedby, version, boundary) VALUES (249, 51, 3, '2015-08-28 00:00:00', '2015-08-28 00:00:00', 1, 1, NULL, 5);
INSERT INTO egeis_jurisdiction (id, employee, boundarytype, createddate, lastmodifieddate, createdby, lastmodifiedby, version, boundary) VALUES (250, 52, 3, '2015-08-28 00:00:00', '2015-08-28 00:00:00', 1, 1, NULL, 5);
INSERT INTO egeis_jurisdiction (id, employee, boundarytype, createddate, lastmodifieddate, createdby, lastmodifiedby, version, boundary) VALUES (251, 53, 3, '2015-08-28 00:00:00', '2015-08-28 00:00:00', 1, 1, NULL, 5);
INSERT INTO egeis_jurisdiction (id, employee, boundarytype, createddate, lastmodifieddate, createdby, lastmodifiedby, version, boundary) VALUES (252, 55, 3, '2015-08-28 00:00:00', '2015-08-28 00:00:00', 1, 1, NULL, 5);
INSERT INTO egeis_jurisdiction (id, employee, boundarytype, createddate, lastmodifieddate, createdby, lastmodifiedby, version, boundary) VALUES (253, 56, 3, '2015-08-28 00:00:00', '2015-08-28 00:00:00', 1, 1, NULL, 5);
INSERT INTO egeis_jurisdiction (id, employee, boundarytype, createddate, lastmodifieddate, createdby, lastmodifiedby, version, boundary) VALUES (254, 57, 3, '2015-08-28 00:00:00', '2015-08-28 00:00:00', 1, 1, NULL, 5);
INSERT INTO egeis_jurisdiction (id, employee, boundarytype, createddate, lastmodifieddate, createdby, lastmodifiedby, version, boundary) VALUES (255, 58, 3, '2015-08-28 00:00:00', '2015-08-28 00:00:00', 1, 1, NULL, 5);
INSERT INTO egeis_jurisdiction (id, employee, boundarytype, createddate, lastmodifieddate, createdby, lastmodifiedby, version, boundary) VALUES (256, 59, 3, '2015-08-28 00:00:00', '2015-08-28 00:00:00', 1, 1, NULL, 5);
INSERT INTO egeis_jurisdiction (id, employee, boundarytype, createddate, lastmodifieddate, createdby, lastmodifiedby, version, boundary) VALUES (257, 60, 3, '2015-08-28 00:00:00', '2015-08-28 00:00:00', 1, 1, NULL, 5);
INSERT INTO egeis_jurisdiction (id, employee, boundarytype, createddate, lastmodifieddate, createdby, lastmodifiedby, version, boundary) VALUES (258, 61, 3, '2015-08-28 00:00:00', '2015-08-28 00:00:00', 1, 1, NULL, 5);
INSERT INTO egeis_jurisdiction (id, employee, boundarytype, createddate, lastmodifieddate, createdby, lastmodifiedby, version, boundary) VALUES (259, 62, 3, '2015-08-28 00:00:00', '2015-08-28 00:00:00', 1, 1, NULL, 5);
INSERT INTO egeis_jurisdiction (id, employee, boundarytype, createddate, lastmodifieddate, createdby, lastmodifiedby, version, boundary) VALUES (260, 63, 3, '2015-08-28 00:00:00', '2015-08-28 00:00:00', 1, 1, NULL, 5);
INSERT INTO egeis_jurisdiction (id, employee, boundarytype, createddate, lastmodifieddate, createdby, lastmodifiedby, version, boundary) VALUES (261, 64, 3, '2015-08-28 00:00:00', '2015-08-28 00:00:00', 1, 1, NULL, 5);
INSERT INTO egeis_jurisdiction (id, employee, boundarytype, createddate, lastmodifieddate, createdby, lastmodifiedby, version, boundary) VALUES (262, 65, 3, '2015-08-28 00:00:00', '2015-08-28 00:00:00', 1, 1, NULL, 5);
INSERT INTO egeis_jurisdiction (id, employee, boundarytype, createddate, lastmodifieddate, createdby, lastmodifiedby, version, boundary) VALUES (263, 54, 3, '2015-08-28 00:00:00', '2015-08-28 00:00:00', 1, 1, NULL, 5);
INSERT INTO egeis_jurisdiction (id, employee, boundarytype, createddate, lastmodifieddate, createdby, lastmodifiedby, version, boundary) VALUES (264, 68, 3, '2015-08-28 00:00:00', '2015-08-28 00:00:00', 1, 1, NULL, 5);

---------------------END-----------------------------

drop sequence seq_eg_user;
create sequence seq_eg_user start with 70;




