#UP



INSERT INTO FUNCTIONARY ( ID, CODE, NAME, CREATETIMESTAMP, UPDATETIMESTAMP,
 ISACTIVE ) VALUES ( 
 SEQ_FUNCTIONARY.nextval, (select max(code)+1 from functionary), 'SUSPENDED EMPLOYEES',  TO_Date( '02/26/2008 12:59:16 PM', 'MM/DD/YYYY HH:MI:SS AM')
 ,  TO_Date( '02/26/2008 12:59:16 PM', 'MM/DD/YYYY HH:MI:SS AM'), 1); 

INSERT INTO EGLC_COURT_MASTER ( ID, COURT_NAME, COURT_ADDRESS, ID_COURTTYPE, ORDERNUMBER,
CREATEDDATE, LASTMODIFIEDDATE, CREATEDBY, LASTMODIFIEDBY ) VALUES ( 
SEQ_EGLC_COURT_MASTER.NEXTVAL, 'Supreme Court', 'Supreme Court,Delhi',(SELECT ID FROM EGLC_COURTTYPE_MASTER WHERE COURT_TYPE='Supreme Court'), NULL,  TO_Date( '03/17/2009 12:00:00 AM', 'MM/DD/YYYY HH:MI:SS AM')
,  TO_Date( '03/17/2009 12:00:00 AM', 'MM/DD/YYYY HH:MI:SS AM'), 1, 1); 
INSERT INTO EGLC_COURT_MASTER ( ID, COURT_NAME, COURT_ADDRESS, ID_COURTTYPE, ORDERNUMBER,
CREATEDDATE, LASTMODIFIEDDATE, CREATEDBY, LASTMODIFIEDBY ) VALUES ( 
SEQ_EGLC_COURT_MASTER.NEXTVAL, 'High Court,First Bench', 'High Court Campus,Chennai-600104',(SELECT ID FROM EGLC_COURTTYPE_MASTER WHERE COURT_TYPE='High Court'), NULL,  TO_Date( '03/17/2009 12:00:00 AM', 'MM/DD/YYYY HH:MI:SS AM')
,  TO_Date( '03/17/2009 12:00:00 AM', 'MM/DD/YYYY HH:MI:SS AM'), 1, 1); 
INSERT INTO EGLC_COURT_MASTER ( ID, COURT_NAME, COURT_ADDRESS, ID_COURTTYPE, ORDERNUMBER,
CREATEDDATE, LASTMODIFIEDDATE, CREATEDBY, LASTMODIFIEDBY ) VALUES ( 
SEQ_EGLC_COURT_MASTER.NEXTVAL, 'High Court,Second Bench', 'High Court Campus,Chennai-600104',(SELECT ID FROM EGLC_COURTTYPE_MASTER WHERE COURT_TYPE='High Court'), NULL,  TO_Date( '03/17/2009 12:00:00 AM', 'MM/DD/YYYY HH:MI:SS AM')
,  TO_Date( '03/17/2009 12:00:00 AM', 'MM/DD/YYYY HH:MI:SS AM'), 1, 1); 
INSERT INTO EGLC_COURT_MASTER ( ID, COURT_NAME, COURT_ADDRESS, ID_COURTTYPE, ORDERNUMBER,
CREATEDDATE, LASTMODIFIEDDATE, CREATEDBY, LASTMODIFIEDBY ) VALUES ( 
SEQ_EGLC_COURT_MASTER.NEXTVAL, 'High Court,Single Judge', 'High Court Campus,Chennai-600104',(SELECT ID FROM EGLC_COURTTYPE_MASTER WHERE COURT_TYPE='High Court'), NULL,  TO_Date( '03/17/2009 12:00:00 AM', 'MM/DD/YYYY HH:MI:SS AM')
,  TO_Date( '03/17/2009 12:00:00 AM', 'MM/DD/YYYY HH:MI:SS AM'), 1, 1); 
INSERT INTO EGLC_COURT_MASTER ( ID, COURT_NAME, COURT_ADDRESS, ID_COURTTYPE, ORDERNUMBER,
CREATEDDATE, LASTMODIFIEDDATE, CREATEDBY, LASTMODIFIEDBY ) VALUES ( 
SEQ_EGLC_COURT_MASTER.NEXTVAL, 'Principal Judge Court', 'High Court Campus,Chennai-600104',(SELECT ID FROM EGLC_COURTTYPE_MASTER WHERE COURT_TYPE='City Civil Court'), NULL,  TO_Date( '03/17/2009 12:00:00 AM', 'MM/DD/YYYY HH:MI:SS AM')
,  TO_Date( '03/17/2009 12:00:00 AM', 'MM/DD/YYYY HH:MI:SS AM'), 1, 1); 
INSERT INTO EGLC_COURT_MASTER ( ID, COURT_NAME, COURT_ADDRESS, ID_COURTTYPE, ORDERNUMBER,
CREATEDDATE, LASTMODIFIEDDATE, CREATEDBY, LASTMODIFIEDBY ) VALUES ( 
SEQ_EGLC_COURT_MASTER.NEXTVAL, 'XIV Additional City Civil Court', 'High Court Campus,Chennai-600104',(SELECT ID FROM EGLC_COURTTYPE_MASTER WHERE COURT_TYPE='City Civil Court'), NULL
,  TO_Date( '03/17/2009 12:00:00 AM', 'MM/DD/YYYY HH:MI:SS AM'),  TO_Date( '03/17/2009 12:00:00 AM', 'MM/DD/YYYY HH:MI:SS AM')
, 1, 1); 
INSERT INTO EGLC_COURT_MASTER ( ID, COURT_NAME, COURT_ADDRESS, ID_COURTTYPE, ORDERNUMBER,
CREATEDDATE, LASTMODIFIEDDATE, CREATEDBY, LASTMODIFIEDBY ) VALUES ( 
SEQ_EGLC_COURT_MASTER.NEXTVAL, 'XV Additional City Civil Court', 'High Court Campus,Chennai-600104',(SELECT ID FROM EGLC_COURTTYPE_MASTER WHERE COURT_TYPE='City Civil Court'), NULL
,  TO_Date( '03/17/2009 12:00:00 AM', 'MM/DD/YYYY HH:MI:SS AM'),  TO_Date( '03/17/2009 12:00:00 AM', 'MM/DD/YYYY HH:MI:SS AM')
, 1, 1); 
INSERT INTO EGLC_COURT_MASTER ( ID, COURT_NAME, COURT_ADDRESS, ID_COURTTYPE, ORDERNUMBER,
CREATEDDATE, LASTMODIFIEDDATE, CREATEDBY, LASTMODIFIEDBY ) VALUES ( 
SEQ_EGLC_COURT_MASTER.NEXTVAL, 'XVI Additional City Civil Court', 'High Court Campus,Chennai-600104',(SELECT ID FROM EGLC_COURTTYPE_MASTER WHERE COURT_TYPE='City Civil Court'), NULL
,  TO_Date( '03/17/2009 12:00:00 AM', 'MM/DD/YYYY HH:MI:SS AM'),  TO_Date( '03/17/2009 12:00:00 AM', 'MM/DD/YYYY HH:MI:SS AM')
, 1, 1); 
INSERT INTO EGLC_COURT_MASTER ( ID, COURT_NAME, COURT_ADDRESS, ID_COURTTYPE, ORDERNUMBER,
CREATEDDATE, LASTMODIFIEDDATE, CREATEDBY, LASTMODIFIEDBY ) VALUES ( 
SEQ_EGLC_COURT_MASTER.NEXTVAL, 'XVII Additional City Civil Court', 'High Court Campus,Chennai-600104',(SELECT ID FROM EGLC_COURTTYPE_MASTER WHERE COURT_TYPE='City Civil Court'), NULL
,  TO_Date( '03/17/2009 12:00:00 AM', 'MM/DD/YYYY HH:MI:SS AM'),  TO_Date( '03/17/2009 12:00:00 AM', 'MM/DD/YYYY HH:MI:SS AM')
, 1, 1); 
INSERT INTO EGLC_COURT_MASTER ( ID, COURT_NAME, COURT_ADDRESS, ID_COURTTYPE, ORDERNUMBER,
CREATEDDATE, LASTMODIFIEDDATE, CREATEDBY, LASTMODIFIEDBY ) VALUES ( 
SEQ_EGLC_COURT_MASTER.NEXTVAL, 'Sessions Court, High Court Campus', 'High Court Campus,Chennai-600104',(SELECT ID FROM EGLC_COURTTYPE_MASTER WHERE COURT_TYPE='Sessions Court'), NULL
,  TO_Date( '03/17/2009 12:00:00 AM', 'MM/DD/YYYY HH:MI:SS AM'),  TO_Date( '03/17/2009 12:00:00 AM', 'MM/DD/YYYY HH:MI:SS AM')
, 1, 1); 
INSERT INTO EGLC_COURT_MASTER ( ID, COURT_NAME, COURT_ADDRESS, ID_COURTTYPE, ORDERNUMBER,
CREATEDDATE, LASTMODIFIEDDATE, CREATEDBY, LASTMODIFIEDBY ) VALUES ( 
SEQ_EGLC_COURT_MASTER.NEXTVAL, 'Labour Court DMS Complex', 'DMS Complex, Teynampet,Chennai-600018',(SELECT ID FROM EGLC_COURTTYPE_MASTER WHERE COURT_TYPE='Labour Court'), NULL,  TO_Date( '03/17/2009 12:00:00 AM', 'MM/DD/YYYY HH:MI:SS AM')
,  TO_Date( '03/17/2009 12:00:00 AM', 'MM/DD/YYYY HH:MI:SS AM'), 1, 1); 
INSERT INTO EGLC_COURT_MASTER ( ID, COURT_NAME, COURT_ADDRESS, ID_COURTTYPE, ORDERNUMBER,
CREATEDDATE, LASTMODIFIEDDATE, CREATEDBY, LASTMODIFIEDBY ) VALUES ( 
SEQ_EGLC_COURT_MASTER.NEXTVAL, 'XIX Court', 'Rippon Building,Chennai-600003',(SELECT ID FROM EGLC_COURTTYPE_MASTER WHERE COURT_TYPE='Metropolitan Magistrate Court'), NULL,  TO_Date( '03/17/2009 12:00:00 AM', 'MM/DD/YYYY HH:MI:SS AM')
,  TO_Date( '03/17/2009 12:00:00 AM', 'MM/DD/YYYY HH:MI:SS AM'), 1, 1); 
INSERT INTO EGLC_COURT_MASTER ( ID, COURT_NAME, COURT_ADDRESS, ID_COURTTYPE, ORDERNUMBER,
CREATEDDATE, LASTMODIFIEDDATE, CREATEDBY, LASTMODIFIEDBY ) VALUES ( 
SEQ_EGLC_COURT_MASTER.NEXTVAL, 'XX Court', 'Rippon Building,Chennai-600003',(SELECT ID FROM EGLC_COURTTYPE_MASTER WHERE COURT_TYPE='Metropolitan Magistrate Court'), NULL,  TO_Date( '03/17/2009 12:00:00 AM', 'MM/DD/YYYY HH:MI:SS AM')
,  TO_Date( '03/17/2009 12:00:00 AM', 'MM/DD/YYYY HH:MI:SS AM'), 1, 1); 
INSERT INTO EGLC_COURT_MASTER ( ID, COURT_NAME, COURT_ADDRESS, ID_COURTTYPE, ORDERNUMBER,
CREATEDDATE, LASTMODIFIEDDATE, CREATEDBY, LASTMODIFIEDBY ) VALUES ( 
SEQ_EGLC_COURT_MASTER.NEXTVAL, 'Small Cause Court', 'High Court Campus,Chennai-600104',(SELECT ID FROM EGLC_COURTTYPE_MASTER WHERE COURT_TYPE='Small Cause Court'), NULL,  TO_Date( '03/17/2009 12:00:00 AM', 'MM/DD/YYYY HH:MI:SS AM')
,  TO_Date( '03/17/2009 12:00:00 AM', 'MM/DD/YYYY HH:MI:SS AM'), 1, 1); 
INSERT INTO EGLC_COURT_MASTER ( ID, COURT_NAME, COURT_ADDRESS, ID_COURTTYPE, ORDERNUMBER,
CREATEDDATE, LASTMODIFIEDDATE, CREATEDBY, LASTMODIFIEDBY ) VALUES ( 
SEQ_EGLC_COURT_MASTER.NEXTVAL, 'Consumer Court', NULL,(SELECT ID FROM EGLC_COURTTYPE_MASTER WHERE COURT_TYPE='Consumer Court'), NULL,  TO_Date( '03/17/2009 12:00:00 AM', 'MM/DD/YYYY HH:MI:SS AM')
,  TO_Date( '03/17/2009 12:00:00 AM', 'MM/DD/YYYY HH:MI:SS AM'), 1, 1); 
INSERT INTO EGLC_COURT_MASTER ( ID, COURT_NAME, COURT_ADDRESS, ID_COURTTYPE, ORDERNUMBER,
CREATEDDATE, LASTMODIFIEDDATE, CREATEDBY, LASTMODIFIEDBY ) VALUES ( 
SEQ_EGLC_COURT_MASTER.NEXTVAL, 'Lok Adalat', 'High Court Campus,Chennai-600104',(SELECT ID FROM EGLC_COURTTYPE_MASTER WHERE COURT_TYPE='Lok Adalat'), NULL,  TO_Date( '03/17/2009 12:00:00 AM', 'MM/DD/YYYY HH:MI:SS AM')
,  TO_Date( '03/17/2009 12:00:00 AM', 'MM/DD/YYYY HH:MI:SS AM'), 1, 1); 
INSERT INTO EGLC_COURT_MASTER ( ID, COURT_NAME, COURT_ADDRESS, ID_COURTTYPE, ORDERNUMBER,
CREATEDDATE, LASTMODIFIEDDATE, CREATEDBY, LASTMODIFIEDBY ) VALUES ( 
SEQ_EGLC_COURT_MASTER.NEXTVAL, 'Legal Authority', 'High Court Campus,Chennai-600104',(SELECT ID FROM EGLC_COURTTYPE_MASTER WHERE COURT_TYPE='Legal Authority'), NULL,  TO_Date( '03/17/2009 12:00:00 AM', 'MM/DD/YYYY HH:MI:SS AM')
,  TO_Date( '03/17/2009 12:00:00 AM', 'MM/DD/YYYY HH:MI:SS AM'), 1, 1); 
INSERT INTO EGLC_COURT_MASTER ( ID, COURT_NAME, COURT_ADDRESS, ID_COURTTYPE, ORDERNUMBER,
CREATEDDATE, LASTMODIFIEDDATE, CREATEDBY, LASTMODIFIEDBY ) VALUES ( 
SEQ_EGLC_COURT_MASTER.NEXTVAL, 'Arbitration', NULL,(SELECT ID FROM EGLC_COURTTYPE_MASTER WHERE COURT_TYPE='Arbitration'), NULL,  TO_Date( '03/17/2009 12:00:00 AM', 'MM/DD/YYYY HH:MI:SS AM')
,  TO_Date( '03/17/2009 12:00:00 AM', 'MM/DD/YYYY HH:MI:SS AM'), 1, 1); 


INSERT INTO EGLC_ADVOCATE_MASTER ( ID, ADVOCATE_NAME, ADVOCATE_ADDR, CONTACT_PHONE,
ADVOCATE_SPECIALTY, MOBILE_NUMBER, EMAIL, MONTHLY_RENUMERATION, IS_RETAINERADVOCATE, FIRMNAME,
PANNUMBER, IS_ACTIVE, IS_SENIORADVOCATE, CREATEDDATE, LASTMODIFIEDDATE, CREATEDBY, LASTMODIFIEDBY,
SALUTATION ) VALUES ( 
SEQ_EGLC_ADVOCATE_MASTER.NEXTVAL, 'E R K MOORTHY', '171, LAW CHAMBERS', '044-25331106,044-24621269', NULL, '9445288344'
, NULL, NULL, 1, NULL, NULL, 1, 0,  TO_Date( '04/08/2009 01:02:40 PM', 'MM/DD/YYYY HH:MI:SS AM')
,  TO_Date( '04/08/2009 01:02:40 PM', 'MM/DD/YYYY HH:MI:SS AM'), 1, 1, 'Mr.'); 
INSERT INTO EGLC_ADVOCATE_MASTER ( ID, ADVOCATE_NAME, ADVOCATE_ADDR, CONTACT_PHONE,
ADVOCATE_SPECIALTY, MOBILE_NUMBER, EMAIL, MONTHLY_RENUMERATION, IS_RETAINERADVOCATE, FIRMNAME,
PANNUMBER, IS_ACTIVE, IS_SENIORADVOCATE, CREATEDDATE, LASTMODIFIEDDATE, CREATEDBY, LASTMODIFIEDBY,
SALUTATION ) VALUES ( 
SEQ_EGLC_ADVOCATE_MASTER.NEXTVAL, 'R K KALPANA', '253, LAW CHAMBERS', NULL, NULL, '9443641076', NULL, NULL, 1, NULL
, NULL, 1, 0,  TO_Date( '04/08/2009 01:05:49 PM', 'MM/DD/YYYY HH:MI:SS AM'),  TO_Date( '04/08/2009 01:05:49 PM', 'MM/DD/YYYY HH:MI:SS AM')
, 1, 1, 'Mr.'); 
INSERT INTO EGLC_ADVOCATE_MASTER ( ID, ADVOCATE_NAME, ADVOCATE_ADDR, CONTACT_PHONE,
ADVOCATE_SPECIALTY, MOBILE_NUMBER, EMAIL, MONTHLY_RENUMERATION, IS_RETAINERADVOCATE, FIRMNAME,
PANNUMBER, IS_ACTIVE, IS_SENIORADVOCATE, CREATEDDATE, LASTMODIFIEDDATE, CREATEDBY, LASTMODIFIEDBY,
SALUTATION ) VALUES ( 
SEQ_EGLC_ADVOCATE_MASTER.NEXTVAL, 'T MATHI', '170, LAW CHAMBERS', '044-42645432,044-26155090', NULL, '9840033876'
, NULL, NULL, 1, NULL, NULL, 1, 0,  TO_Date( '04/08/2009 01:07:02 PM', 'MM/DD/YYYY HH:MI:SS AM')
,  TO_Date( '04/08/2009 01:07:02 PM', 'MM/DD/YYYY HH:MI:SS AM'), 1, 1, 'Mr.'); 
INSERT INTO EGLC_ADVOCATE_MASTER ( ID, ADVOCATE_NAME, ADVOCATE_ADDR, CONTACT_PHONE,
ADVOCATE_SPECIALTY, MOBILE_NUMBER, EMAIL, MONTHLY_RENUMERATION, IS_RETAINERADVOCATE, FIRMNAME,
PANNUMBER, IS_ACTIVE, IS_SENIORADVOCATE, CREATEDDATE, LASTMODIFIEDDATE, CREATEDBY, LASTMODIFIEDBY,
SALUTATION ) VALUES ( 
SEQ_EGLC_ADVOCATE_MASTER.NEXTVAL, 'MD GHOUSE', '238, LAW CHAMBERS', '044-23766603', NULL, '9444274724', NULL, NULL
, 1, NULL, NULL, 1, 0,  TO_Date( '04/08/2009 01:07:45 PM', 'MM/DD/YYYY HH:MI:SS AM')
,  TO_Date( '04/08/2009 01:07:45 PM', 'MM/DD/YYYY HH:MI:SS AM'), 1, 1, 'Mr.'); 
INSERT INTO EGLC_ADVOCATE_MASTER ( ID, ADVOCATE_NAME, ADVOCATE_ADDR, CONTACT_PHONE,
ADVOCATE_SPECIALTY, MOBILE_NUMBER, EMAIL, MONTHLY_RENUMERATION, IS_RETAINERADVOCATE, FIRMNAME,
PANNUMBER, IS_ACTIVE, IS_SENIORADVOCATE, CREATEDDATE, LASTMODIFIEDDATE, CREATEDBY, LASTMODIFIEDBY,
SALUTATION ) VALUES ( 
SEQ_EGLC_ADVOCATE_MASTER.NEXTVAL, 'G T SUBRAMANIAM', '384, LAW CHAMBERS', '044-42193702', NULL, '9444039639', NULL
, NULL, 1, NULL, NULL, 1, 0,  TO_Date( '04/08/2009 01:08:19 PM', 'MM/DD/YYYY HH:MI:SS AM')
,  TO_Date( '04/08/2009 01:08:19 PM', 'MM/DD/YYYY HH:MI:SS AM'), 1, 1, 'Mr.'); 
INSERT INTO EGLC_ADVOCATE_MASTER ( ID, ADVOCATE_NAME, ADVOCATE_ADDR, CONTACT_PHONE,
ADVOCATE_SPECIALTY, MOBILE_NUMBER, EMAIL, MONTHLY_RENUMERATION, IS_RETAINERADVOCATE, FIRMNAME,
PANNUMBER, IS_ACTIVE, IS_SENIORADVOCATE, CREATEDDATE, LASTMODIFIEDDATE, CREATEDBY, LASTMODIFIEDBY,
SALUTATION ) VALUES ( 
SEQ_EGLC_ADVOCATE_MASTER.NEXTVAL, 'L N PRAGHASHAM', '396, LAW CHAMBERS', '044-28116292,044-26183563', NULL, '9444304966'
, NULL, NULL, 1, NULL, NULL, 1, 0,  TO_Date( '04/08/2009 01:09:01 PM', 'MM/DD/YYYY HH:MI:SS AM')
,  TO_Date( '04/08/2009 01:09:01 PM', 'MM/DD/YYYY HH:MI:SS AM'), 1, 1, 'Mr.'); 
INSERT INTO EGLC_ADVOCATE_MASTER ( ID, ADVOCATE_NAME, ADVOCATE_ADDR, CONTACT_PHONE,
ADVOCATE_SPECIALTY, MOBILE_NUMBER, EMAIL, MONTHLY_RENUMERATION, IS_RETAINERADVOCATE, FIRMNAME,
PANNUMBER, IS_ACTIVE, IS_SENIORADVOCATE, CREATEDDATE, LASTMODIFIEDDATE, CREATEDBY, LASTMODIFIEDBY,
SALUTATION ) VALUES ( 
SEQ_EGLC_ADVOCATE_MASTER.NEXTVAL, 'V BHARATHIDASAN', '119, LAW CHAMBERS', '044-25341508,044-24926354', NULL, '9444383139'
, NULL, NULL, 1, NULL, NULL, 1, 0,  TO_Date( '04/08/2009 01:09:43 PM', 'MM/DD/YYYY HH:MI:SS AM')
,  TO_Date( '04/08/2009 01:09:43 PM', 'MM/DD/YYYY HH:MI:SS AM'), 1, 1, 'Mr.'); 
INSERT INTO EGLC_ADVOCATE_MASTER ( ID, ADVOCATE_NAME, ADVOCATE_ADDR, CONTACT_PHONE,
ADVOCATE_SPECIALTY, MOBILE_NUMBER, EMAIL, MONTHLY_RENUMERATION, IS_RETAINERADVOCATE, FIRMNAME,
PANNUMBER, IS_ACTIVE, IS_SENIORADVOCATE, CREATEDDATE, LASTMODIFIEDDATE, CREATEDBY, LASTMODIFIEDBY,
SALUTATION ) VALUES ( 
SEQ_EGLC_ADVOCATE_MASTER.NEXTVAL, 'P UDAYAKUMAR', '104, LAW CHAMBERS', '044-26424071', NULL, '9840231294', NULL
, NULL, 1, NULL, NULL, 1, 0,  TO_Date( '04/08/2009 01:11:14 PM', 'MM/DD/YYYY HH:MI:SS AM')
,  TO_Date( '04/08/2009 01:11:14 PM', 'MM/DD/YYYY HH:MI:SS AM'), 1, 1, 'Mr.'); 
INSERT INTO EGLC_ADVOCATE_MASTER ( ID, ADVOCATE_NAME, ADVOCATE_ADDR, CONTACT_PHONE,
ADVOCATE_SPECIALTY, MOBILE_NUMBER, EMAIL, MONTHLY_RENUMERATION, IS_RETAINERADVOCATE, FIRMNAME,
PANNUMBER, IS_ACTIVE, IS_SENIORADVOCATE, CREATEDDATE, LASTMODIFIEDDATE, CREATEDBY, LASTMODIFIEDBY,
SALUTATION ) VALUES ( 
SEQ_EGLC_ADVOCATE_MASTER.NEXTVAL, 'J S MAHALINGAM', '184, LAW CHAMBERS', NULL, NULL, '9840470325', NULL, NULL, 1
, NULL, NULL, 1, 0,  TO_Date( '04/08/2009 01:11:53 PM', 'MM/DD/YYYY HH:MI:SS AM')
,  TO_Date( '04/08/2009 01:11:53 PM', 'MM/DD/YYYY HH:MI:SS AM'), 1, 1, 'Mr.'); 
INSERT INTO EGLC_ADVOCATE_MASTER ( ID, ADVOCATE_NAME, ADVOCATE_ADDR, CONTACT_PHONE,
ADVOCATE_SPECIALTY, MOBILE_NUMBER, EMAIL, MONTHLY_RENUMERATION, IS_RETAINERADVOCATE, FIRMNAME,
PANNUMBER, IS_ACTIVE, IS_SENIORADVOCATE, CREATEDDATE, LASTMODIFIEDDATE, CREATEDBY, LASTMODIFIEDBY,
SALUTATION ) VALUES ( 
SEQ_EGLC_ADVOCATE_MASTER.NEXTVAL, 'D SURESH', '336, LAW CHAMBERS', '044-28273781,044-26692734', NULL, '9444316511'
, NULL, NULL, 1, NULL, NULL, 1, 0,  TO_Date( '04/08/2009 01:12:45 PM', 'MM/DD/YYYY HH:MI:SS AM')
,  TO_Date( '04/08/2009 01:12:45 PM', 'MM/DD/YYYY HH:MI:SS AM'), 1, 1, 'Mr.'); 
INSERT INTO EGLC_ADVOCATE_MASTER ( ID, ADVOCATE_NAME, ADVOCATE_ADDR, CONTACT_PHONE,
ADVOCATE_SPECIALTY, MOBILE_NUMBER, EMAIL, MONTHLY_RENUMERATION, IS_RETAINERADVOCATE, FIRMNAME,
PANNUMBER, IS_ACTIVE, IS_SENIORADVOCATE, CREATEDDATE, LASTMODIFIEDDATE, CREATEDBY, LASTMODIFIEDBY,
SALUTATION ) VALUES ( 
SEQ_EGLC_ADVOCATE_MASTER.NEXTVAL, 'B VENUGOPAL', '102, LAW CHAMBERS', '044-25340775,044-25519636', NULL, '9444519226'
, NULL, NULL, 1, NULL, NULL, 1, 0,  TO_Date( '04/08/2009 01:13:23 PM', 'MM/DD/YYYY HH:MI:SS AM')
,  TO_Date( '04/08/2009 01:13:23 PM', 'MM/DD/YYYY HH:MI:SS AM'), 1, 1, 'Mr.'); 
INSERT INTO EGLC_ADVOCATE_MASTER ( ID, ADVOCATE_NAME, ADVOCATE_ADDR, CONTACT_PHONE,
ADVOCATE_SPECIALTY, MOBILE_NUMBER, EMAIL, MONTHLY_RENUMERATION, IS_RETAINERADVOCATE, FIRMNAME,
PANNUMBER, IS_ACTIVE, IS_SENIORADVOCATE, CREATEDDATE, LASTMODIFIEDDATE, CREATEDBY, LASTMODIFIEDBY,
SALUTATION ) VALUES ( 
SEQ_EGLC_ADVOCATE_MASTER.NEXTVAL, 'V MURALI', '108, LAW CHAMBERS', NULL, NULL, '9444162175', NULL, NULL, 1, NULL
, NULL, 1, 0,  TO_Date( '04/08/2009 01:13:56 PM', 'MM/DD/YYYY HH:MI:SS AM'),  TO_Date( '04/08/2009 01:13:56 PM', 'MM/DD/YYYY HH:MI:SS AM')
, 1, 1, 'Mr.'); 
INSERT INTO EGLC_ADVOCATE_MASTER ( ID, ADVOCATE_NAME, ADVOCATE_ADDR, CONTACT_PHONE,
ADVOCATE_SPECIALTY, MOBILE_NUMBER, EMAIL, MONTHLY_RENUMERATION, IS_RETAINERADVOCATE, FIRMNAME,
PANNUMBER, IS_ACTIVE, IS_SENIORADVOCATE, CREATEDDATE, LASTMODIFIEDDATE, CREATEDBY, LASTMODIFIEDBY,
SALUTATION ) VALUES ( 
SEQ_EGLC_ADVOCATE_MASTER.NEXTVAL, 'N SUBRAMANI', '328, LAW CHAMBERS', '044-24612906', NULL, '9444367626', NULL, NULL
, 1, NULL, NULL, 1, 0,  TO_Date( '04/08/2009 01:14:26 PM', 'MM/DD/YYYY HH:MI:SS AM')
,  TO_Date( '04/08/2009 01:14:26 PM', 'MM/DD/YYYY HH:MI:SS AM'), 1, 1, 'Mr.'); 
INSERT INTO EGLC_ADVOCATE_MASTER ( ID, ADVOCATE_NAME, ADVOCATE_ADDR, CONTACT_PHONE,
ADVOCATE_SPECIALTY, MOBILE_NUMBER, EMAIL, MONTHLY_RENUMERATION, IS_RETAINERADVOCATE, FIRMNAME,
PANNUMBER, IS_ACTIVE, IS_SENIORADVOCATE, CREATEDDATE, LASTMODIFIEDDATE, CREATEDBY, LASTMODIFIEDBY,
SALUTATION ) VALUES ( 
SEQ_EGLC_ADVOCATE_MASTER.NEXTVAL, 'P GANESAN', '40, LAW CHAMBERS', NULL, NULL, '9840175389', NULL, NULL, 1, NULL
, NULL, 1, 0,  TO_Date( '04/08/2009 01:15:13 PM', 'MM/DD/YYYY HH:MI:SS AM'),  TO_Date( '04/08/2009 01:15:13 PM', 'MM/DD/YYYY HH:MI:SS AM')
, 1, 1, 'Mr.'); 
INSERT INTO EGLC_ADVOCATE_MASTER ( ID, ADVOCATE_NAME, ADVOCATE_ADDR, CONTACT_PHONE,
ADVOCATE_SPECIALTY, MOBILE_NUMBER, EMAIL, MONTHLY_RENUMERATION, IS_RETAINERADVOCATE, FIRMNAME,
PANNUMBER, IS_ACTIVE, IS_SENIORADVOCATE, CREATEDDATE, LASTMODIFIEDDATE, CREATEDBY, LASTMODIFIEDBY,
SALUTATION ) VALUES ( 
SEQ_EGLC_ADVOCATE_MASTER.NEXTVAL, 'G JAGANATHAN', '456, LAW CHAMBERS', '044-28445285', NULL, '9841151393', NULL
, NULL, 1, NULL, NULL, 1, 0,  TO_Date( '04/08/2009 01:15:47 PM', 'MM/DD/YYYY HH:MI:SS AM')
,  TO_Date( '04/08/2009 01:15:47 PM', 'MM/DD/YYYY HH:MI:SS AM'), 1, 1, 'Mr.'); 
INSERT INTO EGLC_ADVOCATE_MASTER ( ID, ADVOCATE_NAME, ADVOCATE_ADDR, CONTACT_PHONE,
ADVOCATE_SPECIALTY, MOBILE_NUMBER, EMAIL, MONTHLY_RENUMERATION, IS_RETAINERADVOCATE, FIRMNAME,
PANNUMBER, IS_ACTIVE, IS_SENIORADVOCATE, CREATEDDATE, LASTMODIFIEDDATE, CREATEDBY, LASTMODIFIEDBY,
SALUTATION ) VALUES ( 
SEQ_EGLC_ADVOCATE_MASTER.NEXTVAL, 'K SURENDRAN', '372, LAW CHAMBERS', '044-24612906', NULL, '9840190564', NULL, NULL
, 1, NULL, NULL, 1, 0,  TO_Date( '04/08/2009 01:17:32 PM', 'MM/DD/YYYY HH:MI:SS AM')
,  TO_Date( '04/08/2009 01:17:32 PM', 'MM/DD/YYYY HH:MI:SS AM'), 1, 1, 'Mr.'); 
INSERT INTO EGLC_ADVOCATE_MASTER ( ID, ADVOCATE_NAME, ADVOCATE_ADDR, CONTACT_PHONE,
ADVOCATE_SPECIALTY, MOBILE_NUMBER, EMAIL, MONTHLY_RENUMERATION, IS_RETAINERADVOCATE, FIRMNAME,
PANNUMBER, IS_ACTIVE, IS_SENIORADVOCATE, CREATEDDATE, LASTMODIFIEDDATE, CREATEDBY, LASTMODIFIEDBY,
SALUTATION ) VALUES ( 
SEQ_EGLC_ADVOCATE_MASTER.NEXTVAL, 'S EZHILAN', '40, LAW CHAMBERS', NULL, NULL, '9444291872', NULL, NULL, 1, NULL
, NULL, 1, 0,  TO_Date( '04/08/2009 01:18:11 PM', 'MM/DD/YYYY HH:MI:SS AM'),  TO_Date( '04/08/2009 01:18:11 PM', 'MM/DD/YYYY HH:MI:SS AM')
, 1, 1, 'Mr.'); 
INSERT INTO EGLC_ADVOCATE_MASTER ( ID, ADVOCATE_NAME, ADVOCATE_ADDR, CONTACT_PHONE,
ADVOCATE_SPECIALTY, MOBILE_NUMBER, EMAIL, MONTHLY_RENUMERATION, IS_RETAINERADVOCATE, FIRMNAME,
PANNUMBER, IS_ACTIVE, IS_SENIORADVOCATE, CREATEDDATE, LASTMODIFIEDDATE, CREATEDBY, LASTMODIFIEDBY,
SALUTATION ) VALUES ( 
SEQ_EGLC_ADVOCATE_MASTER.NEXTVAL, 'V NANMARAN GOPIKRISHNAN', '170, LAW CHAMBERS', NULL, NULL, '9444051412', NULL
, NULL, 1, NULL, NULL, 1, 0,  TO_Date( '04/08/2009 01:21:17 PM', 'MM/DD/YYYY HH:MI:SS AM')
,  TO_Date( '04/08/2009 01:21:17 PM', 'MM/DD/YYYY HH:MI:SS AM'), 1, 1, 'Mr.'); 
INSERT INTO EGLC_ADVOCATE_MASTER ( ID, ADVOCATE_NAME, ADVOCATE_ADDR, CONTACT_PHONE,
ADVOCATE_SPECIALTY, MOBILE_NUMBER, EMAIL, MONTHLY_RENUMERATION, IS_RETAINERADVOCATE, FIRMNAME,
PANNUMBER, IS_ACTIVE, IS_SENIORADVOCATE, CREATEDDATE, LASTMODIFIEDDATE, CREATEDBY, LASTMODIFIEDBY,
SALUTATION ) VALUES ( 
SEQ_EGLC_ADVOCATE_MASTER.NEXTVAL, 'K VELAYUDHAM', '41, LAW CHAMBERS', '044-26642267', NULL, '9283103622', NULL, NULL
, 1, NULL, NULL, 1, 0,  TO_Date( '04/08/2009 01:26:55 PM', 'MM/DD/YYYY HH:MI:SS AM')
,  TO_Date( '04/08/2009 01:26:55 PM', 'MM/DD/YYYY HH:MI:SS AM'), 1, 1, 'Mr.'); 
INSERT INTO EGLC_ADVOCATE_MASTER ( ID, ADVOCATE_NAME, ADVOCATE_ADDR, CONTACT_PHONE,
ADVOCATE_SPECIALTY, MOBILE_NUMBER, EMAIL, MONTHLY_RENUMERATION, IS_RETAINERADVOCATE, FIRMNAME,
PANNUMBER, IS_ACTIVE, IS_SENIORADVOCATE, CREATEDDATE, LASTMODIFIEDDATE, CREATEDBY, LASTMODIFIEDBY,
SALUTATION ) VALUES ( 
SEQ_EGLC_ADVOCATE_MASTER.NEXTVAL, 'G SRIRAM', '380, LAW CHAMBERS', NULL, NULL, '9884225763', NULL, NULL, 1, NULL
, NULL, 1, 0,  TO_Date( '04/08/2009 01:27:32 PM', 'MM/DD/YYYY HH:MI:SS AM'),  TO_Date( '04/08/2009 01:27:32 PM', 'MM/DD/YYYY HH:MI:SS AM')
, 1, 1, 'Mr.'); 
INSERT INTO EGLC_ADVOCATE_MASTER ( ID, ADVOCATE_NAME, ADVOCATE_ADDR, CONTACT_PHONE,
ADVOCATE_SPECIALTY, MOBILE_NUMBER, EMAIL, MONTHLY_RENUMERATION, IS_RETAINERADVOCATE, FIRMNAME,
PANNUMBER, IS_ACTIVE, IS_SENIORADVOCATE, CREATEDDATE, LASTMODIFIEDDATE, CREATEDBY, LASTMODIFIEDBY,
SALUTATION ) VALUES ( 
SEQ_EGLC_ADVOCATE_MASTER.NEXTVAL, 'R JAISHANKARAN', NULL, NULL, NULL, '9444826146', NULL, NULL, 1, NULL, NULL, 1
, 1,  TO_Date( '04/08/2009 01:27:57 PM', 'MM/DD/YYYY HH:MI:SS AM'),  TO_Date( '04/08/2009 01:27:57 PM', 'MM/DD/YYYY HH:MI:SS AM')
, 1, 1, 'Mr.'); 
INSERT INTO EGLC_ADVOCATE_MASTER ( ID, ADVOCATE_NAME, ADVOCATE_ADDR, CONTACT_PHONE,
ADVOCATE_SPECIALTY, MOBILE_NUMBER, EMAIL, MONTHLY_RENUMERATION, IS_RETAINERADVOCATE, FIRMNAME,
PANNUMBER, IS_ACTIVE, IS_SENIORADVOCATE, CREATEDDATE, LASTMODIFIEDDATE, CREATEDBY, LASTMODIFIEDBY,
SALUTATION ) VALUES ( 
SEQ_EGLC_ADVOCATE_MASTER.NEXTVAL, 'T BABU', NULL, NULL, NULL, '9841060402', NULL, NULL, 1, NULL, NULL, 1, 1,  TO_Date( '04/08/2009 01:28:50 PM', 'MM/DD/YYYY HH:MI:SS AM')
,  TO_Date( '04/08/2009 01:28:50 PM', 'MM/DD/YYYY HH:MI:SS AM'), 1, 1, 'Mr.');


INSERT INTO EGLC_ADVCOURTTYPE_MAPPING ( ID_ADVOCATE, ID_COURTTYPE ) VALUES ((SELECT ID FROM EGLC_ADVOCATE_MASTER WHERE ADVOCATE_NAME='E R K MOORTHY'),(SELECT ID FROM EGLC_COURTTYPE_MASTER WHERE COURT_TYPE='High Court')); 
INSERT INTO EGLC_ADVCOURTTYPE_MAPPING ( ID_ADVOCATE, ID_COURTTYPE ) VALUES ((SELECT ID FROM EGLC_ADVOCATE_MASTER WHERE ADVOCATE_NAME='R K KALPANA'),(SELECT ID FROM EGLC_COURTTYPE_MASTER WHERE COURT_TYPE='High Court')); 
INSERT INTO EGLC_ADVCOURTTYPE_MAPPING ( ID_ADVOCATE, ID_COURTTYPE ) VALUES ((SELECT ID FROM EGLC_ADVOCATE_MASTER WHERE ADVOCATE_NAME='T MATHI'),(SELECT ID FROM EGLC_COURTTYPE_MASTER WHERE COURT_TYPE='High Court')); 
INSERT INTO EGLC_ADVCOURTTYPE_MAPPING ( ID_ADVOCATE, ID_COURTTYPE ) VALUES ((SELECT ID FROM EGLC_ADVOCATE_MASTER WHERE ADVOCATE_NAME='MD GHOUSE'),(SELECT ID FROM EGLC_COURTTYPE_MASTER WHERE COURT_TYPE='High Court')); 
INSERT INTO EGLC_ADVCOURTTYPE_MAPPING ( ID_ADVOCATE, ID_COURTTYPE ) VALUES ((SELECT ID FROM EGLC_ADVOCATE_MASTER WHERE ADVOCATE_NAME='G T SUBRAMANIAM'),(SELECT ID FROM EGLC_COURTTYPE_MASTER WHERE COURT_TYPE='High Court')); 
INSERT INTO EGLC_ADVCOURTTYPE_MAPPING ( ID_ADVOCATE, ID_COURTTYPE ) VALUES ((SELECT ID FROM EGLC_ADVOCATE_MASTER WHERE ADVOCATE_NAME='L N PRAGHASHAM'),(SELECT ID FROM EGLC_COURTTYPE_MASTER WHERE COURT_TYPE='High Court')); 
INSERT INTO EGLC_ADVCOURTTYPE_MAPPING ( ID_ADVOCATE, ID_COURTTYPE ) VALUES ((SELECT ID FROM EGLC_ADVOCATE_MASTER WHERE ADVOCATE_NAME='V BHARATHIDASAN'),(SELECT ID FROM EGLC_COURTTYPE_MASTER WHERE COURT_TYPE='High Court')); 
INSERT INTO EGLC_ADVCOURTTYPE_MAPPING ( ID_ADVOCATE, ID_COURTTYPE ) VALUES ((SELECT ID FROM EGLC_ADVOCATE_MASTER WHERE ADVOCATE_NAME='P UDAYAKUMAR'),(SELECT ID FROM EGLC_COURTTYPE_MASTER WHERE COURT_TYPE='City Civil Court')); 
INSERT INTO EGLC_ADVCOURTTYPE_MAPPING ( ID_ADVOCATE, ID_COURTTYPE ) VALUES ((SELECT ID FROM EGLC_ADVOCATE_MASTER WHERE ADVOCATE_NAME='J S MAHALINGAM'),(SELECT ID FROM EGLC_COURTTYPE_MASTER WHERE COURT_TYPE='City Civil Court')); 
INSERT INTO EGLC_ADVCOURTTYPE_MAPPING ( ID_ADVOCATE, ID_COURTTYPE ) VALUES ((SELECT ID FROM EGLC_ADVOCATE_MASTER WHERE ADVOCATE_NAME='D SURESH'),(SELECT ID FROM EGLC_COURTTYPE_MASTER WHERE COURT_TYPE='City Civil Court')); 
INSERT INTO EGLC_ADVCOURTTYPE_MAPPING ( ID_ADVOCATE, ID_COURTTYPE ) VALUES ((SELECT ID FROM EGLC_ADVOCATE_MASTER WHERE ADVOCATE_NAME='B VENUGOPAL'),(SELECT ID FROM EGLC_COURTTYPE_MASTER WHERE COURT_TYPE='City Civil Court')); 
INSERT INTO EGLC_ADVCOURTTYPE_MAPPING ( ID_ADVOCATE, ID_COURTTYPE ) VALUES ((SELECT ID FROM EGLC_ADVOCATE_MASTER WHERE ADVOCATE_NAME='V MURALI'),(SELECT ID FROM EGLC_COURTTYPE_MASTER WHERE COURT_TYPE='City Civil Court')); 
INSERT INTO EGLC_ADVCOURTTYPE_MAPPING ( ID_ADVOCATE, ID_COURTTYPE ) VALUES ((SELECT ID FROM EGLC_ADVOCATE_MASTER WHERE ADVOCATE_NAME='N SUBRAMANI'),(SELECT ID FROM EGLC_COURTTYPE_MASTER WHERE COURT_TYPE='City Civil Court')); 
INSERT INTO EGLC_ADVCOURTTYPE_MAPPING ( ID_ADVOCATE, ID_COURTTYPE ) VALUES ((SELECT ID FROM EGLC_ADVOCATE_MASTER WHERE ADVOCATE_NAME='P GANESAN'),(SELECT ID FROM EGLC_COURTTYPE_MASTER WHERE COURT_TYPE='City Civil Court')); 
INSERT INTO EGLC_ADVCOURTTYPE_MAPPING ( ID_ADVOCATE, ID_COURTTYPE ) VALUES ((SELECT ID FROM EGLC_ADVOCATE_MASTER WHERE ADVOCATE_NAME='G JAGANATHAN'),(SELECT ID FROM EGLC_COURTTYPE_MASTER WHERE COURT_TYPE='City Civil Court')); 
INSERT INTO EGLC_ADVCOURTTYPE_MAPPING ( ID_ADVOCATE, ID_COURTTYPE ) VALUES ((SELECT ID FROM EGLC_ADVOCATE_MASTER WHERE ADVOCATE_NAME='K SURENDRAN'),(SELECT ID FROM EGLC_COURTTYPE_MASTER WHERE COURT_TYPE='City Civil Court')); 
INSERT INTO EGLC_ADVCOURTTYPE_MAPPING ( ID_ADVOCATE, ID_COURTTYPE ) VALUES ((SELECT ID FROM EGLC_ADVOCATE_MASTER WHERE ADVOCATE_NAME='S EZHILAN'),(SELECT ID FROM EGLC_COURTTYPE_MASTER WHERE COURT_TYPE='Small Cause Court')); 
INSERT INTO EGLC_ADVCOURTTYPE_MAPPING ( ID_ADVOCATE, ID_COURTTYPE ) VALUES ((SELECT ID FROM EGLC_ADVOCATE_MASTER WHERE ADVOCATE_NAME='V NANMARAN GOPIKRISHNAN'),(SELECT ID FROM EGLC_COURTTYPE_MASTER WHERE COURT_TYPE='Small Cause Court')); 
INSERT INTO EGLC_ADVCOURTTYPE_MAPPING ( ID_ADVOCATE, ID_COURTTYPE ) VALUES ((SELECT ID FROM EGLC_ADVOCATE_MASTER WHERE ADVOCATE_NAME='R JAISHANKARAN'),(SELECT ID FROM EGLC_COURTTYPE_MASTER WHERE COURT_TYPE='Metropolitan Magistrate Court')); 
INSERT INTO EGLC_ADVCOURTTYPE_MAPPING ( ID_ADVOCATE, ID_COURTTYPE ) VALUES ((SELECT ID FROM EGLC_ADVOCATE_MASTER WHERE ADVOCATE_NAME='K VELAYUDHAM'),(SELECT ID FROM EGLC_COURTTYPE_MASTER WHERE COURT_TYPE='Metropolitan Magistrate Court')); 
INSERT INTO EGLC_ADVCOURTTYPE_MAPPING ( ID_ADVOCATE, ID_COURTTYPE ) VALUES ((SELECT ID FROM EGLC_ADVOCATE_MASTER WHERE ADVOCATE_NAME='G SRIRAM'),(SELECT ID FROM EGLC_COURTTYPE_MASTER WHERE COURT_TYPE='Metropolitan Magistrate Court')); 
INSERT INTO EGLC_ADVCOURTTYPE_MAPPING ( ID_ADVOCATE, ID_COURTTYPE ) VALUES ((SELECT ID FROM EGLC_ADVOCATE_MASTER WHERE ADVOCATE_NAME='T BABU'),(SELECT ID FROM EGLC_COURTTYPE_MASTER WHERE COURT_TYPE='Metropolitan Magistrate Court')); 


INSERT INTO EGLC_ADVOCATEDEPT_MAPPING ( ID_DEPARTMENT, ID_ADVOCATE ) VALUES ((SELECT ID_DEPT FROM EG_DEPARTMENT WHERE DEPT_NAME='FK-Zone 10'),(SELECT ID FROM EGLC_ADVOCATE_MASTER WHERE ADVOCATE_NAME='E R K MOORTHY')); 
INSERT INTO EGLC_ADVOCATEDEPT_MAPPING ( ID_DEPARTMENT, ID_ADVOCATE ) VALUES ((SELECT ID_DEPT FROM EG_DEPARTMENT WHERE DEPT_NAME='FA-Zone 1'),(SELECT ID FROM EGLC_ADVOCATE_MASTER WHERE ADVOCATE_NAME='E R K MOORTHY')); 
INSERT INTO EGLC_ADVOCATEDEPT_MAPPING ( ID_DEPARTMENT, ID_ADVOCATE ) VALUES ((SELECT ID_DEPT FROM EG_DEPARTMENT WHERE DEPT_NAME='FB-Zone 2'),(SELECT ID FROM EGLC_ADVOCATE_MASTER WHERE ADVOCATE_NAME='R K KALPANA')); 
INSERT INTO EGLC_ADVOCATEDEPT_MAPPING ( ID_DEPARTMENT, ID_ADVOCATE ) VALUES ((SELECT ID_DEPT FROM EG_DEPARTMENT WHERE DEPT_NAME='FD-Zone 4'),(SELECT ID FROM EGLC_ADVOCATE_MASTER WHERE ADVOCATE_NAME='T MATHI')); 
INSERT INTO EGLC_ADVOCATEDEPT_MAPPING ( ID_DEPARTMENT, ID_ADVOCATE ) VALUES ((SELECT ID_DEPT FROM EG_DEPARTMENT WHERE DEPT_NAME='FC-Zone 3'),(SELECT ID FROM EGLC_ADVOCATE_MASTER WHERE ADVOCATE_NAME='T MATHI')); 
INSERT INTO EGLC_ADVOCATEDEPT_MAPPING ( ID_DEPARTMENT, ID_ADVOCATE ) VALUES ((SELECT ID_DEPT FROM EG_DEPARTMENT WHERE DEPT_NAME='FF-Zone 6'),(SELECT ID FROM EGLC_ADVOCATE_MASTER WHERE ADVOCATE_NAME='MD GHOUSE')); 
INSERT INTO EGLC_ADVOCATEDEPT_MAPPING ( ID_DEPARTMENT, ID_ADVOCATE ) VALUES ((SELECT ID_DEPT FROM EG_DEPARTMENT WHERE DEPT_NAME='FE-Zone 5'),(SELECT ID FROM EGLC_ADVOCATE_MASTER WHERE ADVOCATE_NAME='MD GHOUSE')); 
INSERT INTO EGLC_ADVOCATEDEPT_MAPPING ( ID_DEPARTMENT, ID_ADVOCATE ) VALUES ((SELECT ID_DEPT FROM EG_DEPARTMENT WHERE DEPT_NAME='FG-Zone 7'),(SELECT ID FROM EGLC_ADVOCATE_MASTER WHERE ADVOCATE_NAME='G T SUBRAMANIAM')); 
INSERT INTO EGLC_ADVOCATEDEPT_MAPPING ( ID_DEPARTMENT, ID_ADVOCATE ) VALUES ((SELECT ID_DEPT FROM EG_DEPARTMENT WHERE DEPT_NAME='FH-Zone 8'),(SELECT ID FROM EGLC_ADVOCATE_MASTER WHERE ADVOCATE_NAME='L N PRAGHASHAM')); 
INSERT INTO EGLC_ADVOCATEDEPT_MAPPING ( ID_DEPARTMENT, ID_ADVOCATE ) VALUES ((SELECT ID_DEPT FROM EG_DEPARTMENT WHERE DEPT_NAME='FJ-Zone 9'),(SELECT ID FROM EGLC_ADVOCATE_MASTER WHERE ADVOCATE_NAME='V BHARATHIDASAN')); 
INSERT INTO EGLC_ADVOCATEDEPT_MAPPING ( ID_DEPARTMENT, ID_ADVOCATE ) VALUES ((SELECT ID_DEPT FROM EG_DEPARTMENT WHERE DEPT_NAME='FA-Zone 1'),(SELECT ID FROM EGLC_ADVOCATE_MASTER WHERE ADVOCATE_NAME='P UDAYAKUMAR')); 
INSERT INTO EGLC_ADVOCATEDEPT_MAPPING ( ID_DEPARTMENT, ID_ADVOCATE ) VALUES ((SELECT ID_DEPT FROM EG_DEPARTMENT WHERE DEPT_NAME='FB-Zone 2'),(SELECT ID FROM EGLC_ADVOCATE_MASTER WHERE ADVOCATE_NAME='J S MAHALINGAM')); 
INSERT INTO EGLC_ADVOCATEDEPT_MAPPING ( ID_DEPARTMENT, ID_ADVOCATE ) VALUES ((SELECT ID_DEPT FROM EG_DEPARTMENT WHERE DEPT_NAME='FC-Zone 3'),(SELECT ID FROM EGLC_ADVOCATE_MASTER WHERE ADVOCATE_NAME='D SURESH')); 
INSERT INTO EGLC_ADVOCATEDEPT_MAPPING ( ID_DEPARTMENT, ID_ADVOCATE ) VALUES ((SELECT ID_DEPT FROM EG_DEPARTMENT WHERE DEPT_NAME='FD-Zone 4'),(SELECT ID FROM EGLC_ADVOCATE_MASTER WHERE ADVOCATE_NAME='B VENUGOPAL')); 
INSERT INTO EGLC_ADVOCATEDEPT_MAPPING ( ID_DEPARTMENT, ID_ADVOCATE ) VALUES ((SELECT ID_DEPT FROM EG_DEPARTMENT WHERE DEPT_NAME='FE-Zone 5'),(SELECT ID FROM EGLC_ADVOCATE_MASTER WHERE ADVOCATE_NAME='V MURALI')); 
INSERT INTO EGLC_ADVOCATEDEPT_MAPPING ( ID_DEPARTMENT, ID_ADVOCATE ) VALUES ((SELECT ID_DEPT FROM EG_DEPARTMENT WHERE DEPT_NAME='FF-Zone 6'),(SELECT ID FROM EGLC_ADVOCATE_MASTER WHERE ADVOCATE_NAME='N SUBRAMANI')); 
INSERT INTO EGLC_ADVOCATEDEPT_MAPPING ( ID_DEPARTMENT, ID_ADVOCATE ) VALUES ((SELECT ID_DEPT FROM EG_DEPARTMENT WHERE DEPT_NAME='FG-Zone 7'),(SELECT ID FROM EGLC_ADVOCATE_MASTER WHERE ADVOCATE_NAME='P GANESAN')); 
INSERT INTO EGLC_ADVOCATEDEPT_MAPPING ( ID_DEPARTMENT, ID_ADVOCATE ) VALUES ((SELECT ID_DEPT FROM EG_DEPARTMENT WHERE DEPT_NAME='FH-Zone 8'),(SELECT ID FROM EGLC_ADVOCATE_MASTER WHERE ADVOCATE_NAME='P GANESAN'));
INSERT INTO EGLC_ADVOCATEDEPT_MAPPING ( ID_DEPARTMENT, ID_ADVOCATE ) VALUES ((SELECT ID_DEPT FROM EG_DEPARTMENT WHERE DEPT_NAME='FJ-Zone 9'),(SELECT ID FROM EGLC_ADVOCATE_MASTER WHERE ADVOCATE_NAME='G JAGANATHAN')); 
INSERT INTO EGLC_ADVOCATEDEPT_MAPPING ( ID_DEPARTMENT, ID_ADVOCATE ) VALUES ((SELECT ID_DEPT FROM EG_DEPARTMENT WHERE DEPT_NAME='FK-Zone 10'),(SELECT ID FROM EGLC_ADVOCATE_MASTER WHERE ADVOCATE_NAME='K SURENDRAN')); 
INSERT INTO EGLC_ADVOCATEDEPT_MAPPING ( ID_DEPARTMENT, ID_ADVOCATE ) VALUES ((SELECT ID_DEPT FROM EG_DEPARTMENT WHERE DEPT_NAME='FB-Zone 2'),(SELECT ID FROM EGLC_ADVOCATE_MASTER WHERE ADVOCATE_NAME='S EZHILAN')); 
INSERT INTO EGLC_ADVOCATEDEPT_MAPPING ( ID_DEPARTMENT, ID_ADVOCATE ) VALUES ((SELECT ID_DEPT FROM EG_DEPARTMENT WHERE DEPT_NAME='FC-Zone 3'),(SELECT ID FROM EGLC_ADVOCATE_MASTER WHERE ADVOCATE_NAME='S EZHILAN')); 
INSERT INTO EGLC_ADVOCATEDEPT_MAPPING ( ID_DEPARTMENT, ID_ADVOCATE ) VALUES ((SELECT ID_DEPT FROM EG_DEPARTMENT WHERE DEPT_NAME='FD-Zone 4'),(SELECT ID FROM EGLC_ADVOCATE_MASTER WHERE ADVOCATE_NAME='S EZHILAN')); 
INSERT INTO EGLC_ADVOCATEDEPT_MAPPING ( ID_DEPARTMENT, ID_ADVOCATE ) VALUES ((SELECT ID_DEPT FROM EG_DEPARTMENT WHERE DEPT_NAME='FE-Zone 5'),(SELECT ID FROM EGLC_ADVOCATE_MASTER WHERE ADVOCATE_NAME='S EZHILAN'));
INSERT INTO EGLC_ADVOCATEDEPT_MAPPING ( ID_DEPARTMENT, ID_ADVOCATE ) VALUES ((SELECT ID_DEPT FROM EG_DEPARTMENT WHERE DEPT_NAME='FA-Zone 1'),(SELECT ID FROM EGLC_ADVOCATE_MASTER WHERE ADVOCATE_NAME='S EZHILAN')); 
INSERT INTO EGLC_ADVOCATEDEPT_MAPPING ( ID_DEPARTMENT, ID_ADVOCATE ) VALUES ((SELECT ID_DEPT FROM EG_DEPARTMENT WHERE DEPT_NAME='FG-Zone 7'),(SELECT ID FROM EGLC_ADVOCATE_MASTER WHERE ADVOCATE_NAME='V NANMARAN GOPIKRISHNAN')); 
INSERT INTO EGLC_ADVOCATEDEPT_MAPPING ( ID_DEPARTMENT, ID_ADVOCATE ) VALUES ((SELECT ID_DEPT FROM EG_DEPARTMENT WHERE DEPT_NAME='FH-Zone 8'),(SELECT ID FROM EGLC_ADVOCATE_MASTER WHERE ADVOCATE_NAME='V NANMARAN GOPIKRISHNAN')); 
INSERT INTO EGLC_ADVOCATEDEPT_MAPPING ( ID_DEPARTMENT, ID_ADVOCATE ) VALUES ((SELECT ID_DEPT FROM EG_DEPARTMENT WHERE DEPT_NAME='FJ-Zone 9'),(SELECT ID FROM EGLC_ADVOCATE_MASTER WHERE ADVOCATE_NAME='V NANMARAN GOPIKRISHNAN')); 
INSERT INTO EGLC_ADVOCATEDEPT_MAPPING ( ID_DEPARTMENT, ID_ADVOCATE ) VALUES ((SELECT ID_DEPT FROM EG_DEPARTMENT WHERE DEPT_NAME='FK-Zone 10'),(SELECT ID FROM EGLC_ADVOCATE_MASTER WHERE ADVOCATE_NAME='V NANMARAN GOPIKRISHNAN')); 
INSERT INTO EGLC_ADVOCATEDEPT_MAPPING ( ID_DEPARTMENT, ID_ADVOCATE ) VALUES ((SELECT ID_DEPT FROM EG_DEPARTMENT WHERE DEPT_NAME='FF-Zone 6'),(SELECT ID FROM EGLC_ADVOCATE_MASTER WHERE ADVOCATE_NAME='V NANMARAN GOPIKRISHNAN')); 
INSERT INTO EGLC_ADVOCATEDEPT_MAPPING ( ID_DEPARTMENT, ID_ADVOCATE ) VALUES ((SELECT ID_DEPT FROM EG_DEPARTMENT WHERE DEPT_NAME='Y-Legal Cell'),(SELECT ID FROM EGLC_ADVOCATE_MASTER WHERE ADVOCATE_NAME='K VELAYUDHAM')); 
INSERT INTO EGLC_ADVOCATEDEPT_MAPPING ( ID_DEPARTMENT, ID_ADVOCATE ) VALUES ((SELECT ID_DEPT FROM EG_DEPARTMENT WHERE DEPT_NAME='Y-Legal Cell'),(SELECT ID FROM EGLC_ADVOCATE_MASTER WHERE ADVOCATE_NAME='G SRIRAM')); 
INSERT INTO EGLC_ADVOCATEDEPT_MAPPING ( ID_DEPARTMENT, ID_ADVOCATE ) VALUES ((SELECT ID_DEPT FROM EG_DEPARTMENT WHERE DEPT_NAME='Y-Legal Cell'),(SELECT ID FROM EGLC_ADVOCATE_MASTER WHERE ADVOCATE_NAME='R JAISHANKARAN')); 
INSERT INTO EGLC_ADVOCATEDEPT_MAPPING ( ID_DEPARTMENT, ID_ADVOCATE ) VALUES ((SELECT ID_DEPT FROM EG_DEPARTMENT WHERE DEPT_NAME='Y-Legal Cell'),(SELECT ID FROM EGLC_ADVOCATE_MASTER WHERE ADVOCATE_NAME='T BABU')); 


INSERT INTO EGLC_CASETYPE_MASTER ( ID, CASE_TYPE, NOTES, ORDERNUMBER, CODE,CREATEDDATE, LASTMODIFIEDDATE, CREATEDBY, LASTMODIFIEDBY ) VALUES ( 
SEQ_EGLC_CASETYPE_MASTER.NEXTVAL, 'Unauthorized Construction', NULL, NULL, NULL,  TO_Date( '03/17/2009 12:00:00 AM', 'MM/DD/YYYY HH:MI:SS AM')
,  TO_Date( '03/17/2009 12:00:00 AM', 'MM/DD/YYYY HH:MI:SS AM'), 1, 1); 
INSERT INTO EGLC_CASETYPE_MASTER ( ID, CASE_TYPE, NOTES, ORDERNUMBER, CODE,
CREATEDDATE, LASTMODIFIEDDATE, CREATEDBY, LASTMODIFIEDBY ) VALUES ( 
SEQ_EGLC_CASETYPE_MASTER.NEXTVAL, 'Property tax', NULL, NULL, NULL,  TO_Date( '03/17/2009 12:00:00 AM', 'MM/DD/YYYY HH:MI:SS AM')
,  TO_Date( '03/17/2009 12:00:00 AM', 'MM/DD/YYYY HH:MI:SS AM'), 1, 1); 
INSERT INTO EGLC_CASETYPE_MASTER ( ID, CASE_TYPE, NOTES, ORDERNUMBER, CODE,
CREATEDDATE, LASTMODIFIEDDATE, CREATEDBY, LASTMODIFIEDBY ) VALUES ( 
SEQ_EGLC_CASETYPE_MASTER.NEXTVAL, 'Establishment/ Service matter', NULL, NULL, NULL,  TO_Date( '03/17/2009 12:00:00 AM', 'MM/DD/YYYY HH:MI:SS AM')
,  TO_Date( '03/17/2009 12:00:00 AM', 'MM/DD/YYYY HH:MI:SS AM'), 1, 1); 
INSERT INTO EGLC_CASETYPE_MASTER ( ID, CASE_TYPE, NOTES, ORDERNUMBER, CODE,
CREATEDDATE, LASTMODIFIEDDATE, CREATEDBY, LASTMODIFIEDBY ) VALUES ( 
SEQ_EGLC_CASETYPE_MASTER.NEXTVAL, 'Pension settlement / benefits', NULL, NULL, NULL,  TO_Date( '03/17/2009 12:00:00 AM', 'MM/DD/YYYY HH:MI:SS AM')
,  TO_Date( '03/17/2009 12:00:00 AM', 'MM/DD/YYYY HH:MI:SS AM'), 1, 1); 
INSERT INTO EGLC_CASETYPE_MASTER ( ID, CASE_TYPE, NOTES, ORDERNUMBER, CODE,
CREATEDDATE, LASTMODIFIEDDATE, CREATEDBY, LASTMODIFIEDBY ) VALUES ( 
SEQ_EGLC_CASETYPE_MASTER.NEXTVAL, 'Promotion', NULL, NULL, NULL,  TO_Date( '03/17/2009 12:00:00 AM', 'MM/DD/YYYY HH:MI:SS AM')
,  TO_Date( '03/17/2009 12:00:00 AM', 'MM/DD/YYYY HH:MI:SS AM'), 1, 1); 
INSERT INTO EGLC_CASETYPE_MASTER ( ID, CASE_TYPE, NOTES, ORDERNUMBER, CODE,
CREATEDDATE, LASTMODIFIEDDATE, CREATEDBY, LASTMODIFIEDBY ) VALUES ( 
SEQ_EGLC_CASETYPE_MASTER.NEXTVAL, 'Encroachments', NULL, NULL, NULL,  TO_Date( '03/17/2009 12:00:00 AM', 'MM/DD/YYYY HH:MI:SS AM')
,  TO_Date( '03/17/2009 12:00:00 AM', 'MM/DD/YYYY HH:MI:SS AM'), 1, 1); 
INSERT INTO EGLC_CASETYPE_MASTER ( ID, CASE_TYPE, NOTES, ORDERNUMBER, CODE,
CREATEDDATE, LASTMODIFIEDDATE, CREATEDBY, LASTMODIFIEDBY ) VALUES ( 
SEQ_EGLC_CASETYPE_MASTER.NEXTVAL, 'Hoardings', NULL, NULL, NULL,  TO_Date( '03/17/2009 12:00:00 AM', 'MM/DD/YYYY HH:MI:SS AM')
,  TO_Date( '03/17/2009 12:00:00 AM', 'MM/DD/YYYY HH:MI:SS AM'), 1, 1); 
INSERT INTO EGLC_CASETYPE_MASTER ( ID, CASE_TYPE, NOTES, ORDERNUMBER, CODE,
CREATEDDATE, LASTMODIFIEDDATE, CREATEDBY, LASTMODIFIEDBY ) VALUES ( 
SEQ_EGLC_CASETYPE_MASTER.NEXTVAL, 'Hawking Zones', NULL, NULL, NULL,  TO_Date( '03/17/2009 12:00:00 AM', 'MM/DD/YYYY HH:MI:SS AM')
,  TO_Date( '03/17/2009 12:00:00 AM', 'MM/DD/YYYY HH:MI:SS AM'), 1, 1); 
INSERT INTO EGLC_CASETYPE_MASTER ( ID, CASE_TYPE, NOTES, ORDERNUMBER, CODE,
CREATEDDATE, LASTMODIFIEDDATE, CREATEDBY, LASTMODIFIEDBY ) VALUES ( 
SEQ_EGLC_CASETYPE_MASTER.NEXTVAL, 'Allotment', NULL, NULL, NULL,  TO_Date( '03/17/2009 12:00:00 AM', 'MM/DD/YYYY HH:MI:SS AM')
,  TO_Date( '03/17/2009 12:00:00 AM', 'MM/DD/YYYY HH:MI:SS AM'), 1, 1); 
INSERT INTO EGLC_CASETYPE_MASTER ( ID, CASE_TYPE, NOTES, ORDERNUMBER, CODE,
CREATEDDATE, LASTMODIFIEDDATE, CREATEDBY, LASTMODIFIEDBY ) VALUES ( 
SEQ_EGLC_CASETYPE_MASTER.NEXTVAL, 'Land Lease', NULL, NULL, NULL,  TO_Date( '03/17/2009 12:00:00 AM', 'MM/DD/YYYY HH:MI:SS AM')
,  TO_Date( '03/17/2009 12:00:00 AM', 'MM/DD/YYYY HH:MI:SS AM'), 1, 1); 
INSERT INTO EGLC_CASETYPE_MASTER ( ID, CASE_TYPE, NOTES, ORDERNUMBER, CODE,
CREATEDDATE, LASTMODIFIEDDATE, CREATEDBY, LASTMODIFIEDBY ) VALUES ( 
SEQ_EGLC_CASETYPE_MASTER.NEXTVAL, 'Land Alienation', NULL, NULL, NULL,  TO_Date( '03/17/2009 12:00:00 AM', 'MM/DD/YYYY HH:MI:SS AM')
,  TO_Date( '03/17/2009 12:00:00 AM', 'MM/DD/YYYY HH:MI:SS AM'), 1, 1); 
INSERT INTO EGLC_CASETYPE_MASTER ( ID, CASE_TYPE, NOTES, ORDERNUMBER, CODE,
CREATEDDATE, LASTMODIFIEDDATE, CREATEDBY, LASTMODIFIEDBY ) VALUES ( 
SEQ_EGLC_CASETYPE_MASTER.NEXTVAL, 'Birth/ Death Certificate', NULL, NULL, NULL,  TO_Date( '03/17/2009 12:00:00 AM', 'MM/DD/YYYY HH:MI:SS AM')
,  TO_Date( '03/17/2009 12:00:00 AM', 'MM/DD/YYYY HH:MI:SS AM'), 1, 1); 
INSERT INTO EGLC_CASETYPE_MASTER ( ID, CASE_TYPE, NOTES, ORDERNUMBER, CODE,
CREATEDDATE, LASTMODIFIEDDATE, CREATEDBY, LASTMODIFIEDBY ) VALUES ( 
SEQ_EGLC_CASETYPE_MASTER.NEXTVAL, 'License/ Trade', NULL, NULL, NULL,  TO_Date( '03/17/2009 12:00:00 AM', 'MM/DD/YYYY HH:MI:SS AM')
,  TO_Date( '03/17/2009 12:00:00 AM', 'MM/DD/YYYY HH:MI:SS AM'), 1, 1); 
INSERT INTO EGLC_CASETYPE_MASTER ( ID, CASE_TYPE, NOTES, ORDERNUMBER, CODE,
CREATEDDATE, LASTMODIFIEDDATE, CREATEDBY, LASTMODIFIEDBY ) VALUES ( 
SEQ_EGLC_CASETYPE_MASTER.NEXTVAL, 'Professional Tax', NULL, NULL, NULL,  TO_Date( '03/17/2009 12:00:00 AM', 'MM/DD/YYYY HH:MI:SS AM')
,  TO_Date( '03/17/2009 12:00:00 AM', 'MM/DD/YYYY HH:MI:SS AM'), 1, 1); 
INSERT INTO EGLC_CASETYPE_MASTER ( ID, CASE_TYPE, NOTES, ORDERNUMBER, CODE,
CREATEDDATE, LASTMODIFIEDDATE, CREATEDBY, LASTMODIFIEDBY ) VALUES ( 
SEQ_EGLC_CASETYPE_MASTER.NEXTVAL, 'Education related cases', NULL, NULL, NULL,  TO_Date( '03/17/2009 12:00:00 AM', 'MM/DD/YYYY HH:MI:SS AM')
,  TO_Date( '03/17/2009 12:00:00 AM', 'MM/DD/YYYY HH:MI:SS AM'), 1, 1); 
INSERT INTO EGLC_CASETYPE_MASTER ( ID, CASE_TYPE, NOTES, ORDERNUMBER, CODE,
CREATEDDATE, LASTMODIFIEDDATE, CREATEDBY, LASTMODIFIEDBY ) VALUES ( 
SEQ_EGLC_CASETYPE_MASTER.NEXTVAL, 'Bridges', NULL, NULL, NULL,  TO_Date( '03/17/2009 12:00:00 AM', 'MM/DD/YYYY HH:MI:SS AM')
,  TO_Date( '03/17/2009 12:00:00 AM', 'MM/DD/YYYY HH:MI:SS AM'), 1, 1); 
INSERT INTO EGLC_CASETYPE_MASTER ( ID, CASE_TYPE, NOTES, ORDERNUMBER, CODE,
CREATEDDATE, LASTMODIFIEDDATE, CREATEDBY, LASTMODIFIEDBY ) VALUES ( 
SEQ_EGLC_CASETYPE_MASTER.NEXTVAL, 'Buildings', NULL, NULL, NULL,  TO_Date( '03/17/2009 12:00:00 AM', 'MM/DD/YYYY HH:MI:SS AM')
,  TO_Date( '03/17/2009 12:00:00 AM', 'MM/DD/YYYY HH:MI:SS AM'), 1, 1); 
INSERT INTO EGLC_CASETYPE_MASTER ( ID, CASE_TYPE, NOTES, ORDERNUMBER, CODE,
CREATEDDATE, LASTMODIFIEDDATE, CREATEDBY, LASTMODIFIEDBY ) VALUES ( 
SEQ_EGLC_CASETYPE_MASTER.NEXTVAL, 'Public Conveniences', NULL, NULL, NULL,  TO_Date( '03/17/2009 12:00:00 AM', 'MM/DD/YYYY HH:MI:SS AM')
,  TO_Date( '03/17/2009 12:00:00 AM', 'MM/DD/YYYY HH:MI:SS AM'), 1, 1); 
INSERT INTO EGLC_CASETYPE_MASTER ( ID, CASE_TYPE, NOTES, ORDERNUMBER, CODE,
CREATEDDATE, LASTMODIFIEDDATE, CREATEDBY, LASTMODIFIEDBY ) VALUES ( 
SEQ_EGLC_CASETYPE_MASTER.NEXTVAL, 'Bus shelter', NULL, NULL, NULL,  TO_Date( '03/17/2009 12:00:00 AM', 'MM/DD/YYYY HH:MI:SS AM')
,  TO_Date( '03/17/2009 12:00:00 AM', 'MM/DD/YYYY HH:MI:SS AM'), 1, 1); 
INSERT INTO EGLC_CASETYPE_MASTER ( ID, CASE_TYPE, NOTES, ORDERNUMBER, CODE,
CREATEDDATE, LASTMODIFIEDDATE, CREATEDBY, LASTMODIFIEDBY ) VALUES ( 
SEQ_EGLC_CASETYPE_MASTER.NEXTVAL, 'Roads', NULL, NULL, NULL,  TO_Date( '03/17/2009 12:00:00 AM', 'MM/DD/YYYY HH:MI:SS AM')
,  TO_Date( '03/17/2009 12:00:00 AM', 'MM/DD/YYYY HH:MI:SS AM'), 1, 1); 
INSERT INTO EGLC_CASETYPE_MASTER ( ID, CASE_TYPE, NOTES, ORDERNUMBER, CODE,
CREATEDDATE, LASTMODIFIEDDATE, CREATEDBY, LASTMODIFIEDBY ) VALUES ( 
SEQ_EGLC_CASETYPE_MASTER.NEXTVAL, 'Parks', NULL, NULL, NULL,  TO_Date( '03/17/2009 12:00:00 AM', 'MM/DD/YYYY HH:MI:SS AM')
,  TO_Date( '03/17/2009 12:00:00 AM', 'MM/DD/YYYY HH:MI:SS AM'), 1, 1); 
INSERT INTO EGLC_CASETYPE_MASTER ( ID, CASE_TYPE, NOTES, ORDERNUMBER, CODE,
CREATEDDATE, LASTMODIFIEDDATE, CREATEDBY, LASTMODIFIEDBY ) VALUES ( 
SEQ_EGLC_CASETYPE_MASTER.NEXTVAL, 'Electrical', NULL, NULL, NULL,  TO_Date( '03/17/2009 12:00:00 AM', 'MM/DD/YYYY HH:MI:SS AM')
,  TO_Date( '03/17/2009 12:00:00 AM', 'MM/DD/YYYY HH:MI:SS AM'), 1, 1); 
INSERT INTO EGLC_CASETYPE_MASTER ( ID, CASE_TYPE, NOTES, ORDERNUMBER, CODE,
CREATEDDATE, LASTMODIFIEDDATE, CREATEDBY, LASTMODIFIEDBY ) VALUES ( 
SEQ_EGLC_CASETYPE_MASTER.NEXTVAL, 'Budget', NULL, NULL, NULL,  TO_Date( '03/17/2009 12:00:00 AM', 'MM/DD/YYYY HH:MI:SS AM')
,  TO_Date( '03/17/2009 12:00:00 AM', 'MM/DD/YYYY HH:MI:SS AM'), 1, 1); 
INSERT INTO EGLC_CASETYPE_MASTER ( ID, CASE_TYPE, NOTES, ORDERNUMBER, CODE,
CREATEDDATE, LASTMODIFIEDDATE, CREATEDBY, LASTMODIFIEDBY ) VALUES ( 
SEQ_EGLC_CASETYPE_MASTER.NEXTVAL, 'Storm water drain', NULL, NULL, NULL,  TO_Date( '03/17/2009 12:00:00 AM', 'MM/DD/YYYY HH:MI:SS AM')
,  TO_Date( '03/17/2009 12:00:00 AM', 'MM/DD/YYYY HH:MI:SS AM'), 1, 1); 
INSERT INTO EGLC_CASETYPE_MASTER ( ID, CASE_TYPE, NOTES, ORDERNUMBER, CODE,
CREATEDDATE, LASTMODIFIEDDATE, CREATEDBY, LASTMODIFIEDBY ) VALUES ( 
SEQ_EGLC_CASETYPE_MASTER.NEXTVAL, 'Election', NULL, NULL, NULL,  TO_Date( '03/17/2009 12:00:00 AM', 'MM/DD/YYYY HH:MI:SS AM')
,  TO_Date( '03/17/2009 12:00:00 AM', 'MM/DD/YYYY HH:MI:SS AM'), 1, 1); 


INSERT INTO EGLC_GOVERNMENTDEPARTMENT ( ID, CODE, NAME, DESCRIPTION, ORDERNUMBER, CREATEDDATE,
LASTMODIFIEDDATE, CREATEDBY, LASTMODIFIEDBY ) VALUES ( 
SEQ_EGLC_GOVERNMENTDEPARTMENT.nextval, NULL, 'Accounts', 'Accounts', NULL,  TO_Date( '02/04/2009 05:15:48 PM', 'MM/DD/YYYY HH:MI:SS AM')
,  TO_Date( '02/04/2009 05:15:48 PM', 'MM/DD/YYYY HH:MI:SS AM'), 1, 1); 
INSERT INTO EGLC_GOVERNMENTDEPARTMENT ( ID, CODE, NAME, DESCRIPTION, ORDERNUMBER, CREATEDDATE,
LASTMODIFIEDDATE, CREATEDBY, LASTMODIFIEDBY ) VALUES ( 
SEQ_EGLC_GOVERNMENTDEPARTMENT.nextval, NULL, 'Stores', 'Stores', NULL,  TO_Date( '02/04/2009 05:29:20 PM', 'MM/DD/YYYY HH:MI:SS AM')
,  TO_Date( '02/04/2009 05:29:20 PM', 'MM/DD/YYYY HH:MI:SS AM'), 1, 1); 
INSERT INTO EGLC_GOVERNMENTDEPARTMENT ( ID, CODE, NAME, DESCRIPTION, ORDERNUMBER, CREATEDDATE,
LASTMODIFIEDDATE, CREATEDBY, LASTMODIFIEDBY ) VALUES ( 
SEQ_EGLC_GOVERNMENTDEPARTMENT.nextval, NULL, 'Payment', 'Payment', 12,  TO_Date( '02/04/2009 05:46:12 PM', 'MM/DD/YYYY HH:MI:SS AM')
,  TO_Date( '02/04/2009 05:46:12 PM', 'MM/DD/YYYY HH:MI:SS AM'), 1, 1); 


--added on 29-May-2009

INSERT INTO EGLC_CASETYPE_MASTER (ID, CASE_TYPE, CREATEDDATE, LASTMODIFIEDDATE, CREATEDBY, LASTMODIFIEDBY) VALUES (SEQ_EGLC_CASETYPE_MASTER.NEXTVAL,'Planning Permission', TO_Date( '03/17/2009 12:00:00 AM', 'MM/DD/YYYY HH:MI:SS AM'), TO_Date( '03/17/2009 12:00:00 AM', 'MM/DD/YYYY HH:MI:SS AM'),1,1);
INSERT INTO EGLC_CASETYPE_MASTER (ID, CASE_TYPE, CREATEDDATE, LASTMODIFIEDDATE, CREATEDBY, LASTMODIFIEDBY) VALUES (SEQ_EGLC_CASETYPE_MASTER.NEXTVAL,'Health related', TO_Date( '03/17/2009 12:00:00 AM', 'MM/DD/YYYY HH:MI:SS AM'), TO_Date( '03/17/2009 12:00:00 AM', 'MM/DD/YYYY HH:MI:SS AM'),1,1);

INSERT INTO EGLC_COURT_MASTER ( ID, COURT_NAME, COURT_ADDRESS, ID_COURTTYPE, ORDERNUMBER,
CREATEDDATE, LASTMODIFIEDDATE, CREATEDBY, LASTMODIFIEDBY ) VALUES ( 
SEQ_EGLC_COURT_MASTER.NEXTVAL, 'I Assistant City Civil Court', 'High Court Campus,Chennai-600104',(SELECT ID FROM EGLC_COURTTYPE_MASTER WHERE COURT_TYPE='City Civil Court'), NULL,  TO_Date( '03/17/2009 12:00:00 AM', 'MM/DD/YYYY HH:MI:SS AM')
,  TO_Date( '03/17/2009 12:00:00 AM', 'MM/DD/YYYY HH:MI:SS AM'), 1, 1); 
INSERT INTO EGLC_COURT_MASTER ( ID, COURT_NAME, COURT_ADDRESS, ID_COURTTYPE, ORDERNUMBER,
CREATEDDATE, LASTMODIFIEDDATE, CREATEDBY, LASTMODIFIEDBY ) VALUES ( 
SEQ_EGLC_COURT_MASTER.NEXTVAL, 'II Assistant City Civil Court', 'High Court Campus,Chennai-600104',(SELECT ID FROM EGLC_COURTTYPE_MASTER WHERE COURT_TYPE='City Civil Court'), NULL,  TO_Date( '03/17/2009 12:00:00 AM', 'MM/DD/YYYY HH:MI:SS AM')
,  TO_Date( '03/17/2009 12:00:00 AM', 'MM/DD/YYYY HH:MI:SS AM'), 1, 1); 
INSERT INTO EGLC_COURT_MASTER ( ID, COURT_NAME, COURT_ADDRESS, ID_COURTTYPE, ORDERNUMBER,
CREATEDDATE, LASTMODIFIEDDATE, CREATEDBY, LASTMODIFIEDBY ) VALUES ( 
SEQ_EGLC_COURT_MASTER.NEXTVAL, 'III Assistant City Civil Court', 'High Court Campus,Chennai-600104',(SELECT ID FROM EGLC_COURTTYPE_MASTER WHERE COURT_TYPE='City Civil Court'), NULL,  TO_Date( '03/17/2009 12:00:00 AM', 'MM/DD/YYYY HH:MI:SS AM')
,  TO_Date( '03/17/2009 12:00:00 AM', 'MM/DD/YYYY HH:MI:SS AM'), 1, 1); 
INSERT INTO EGLC_COURT_MASTER ( ID, COURT_NAME, COURT_ADDRESS, ID_COURTTYPE, ORDERNUMBER,
CREATEDDATE, LASTMODIFIEDDATE, CREATEDBY, LASTMODIFIEDBY ) VALUES ( 
SEQ_EGLC_COURT_MASTER.NEXTVAL, 'IV Assistant City Civil Court', 'High Court Campus,Chennai-600104',(SELECT ID FROM EGLC_COURTTYPE_MASTER WHERE COURT_TYPE='City Civil Court'), NULL,  TO_Date( '03/17/2009 12:00:00 AM', 'MM/DD/YYYY HH:MI:SS AM')
,  TO_Date( '03/17/2009 12:00:00 AM', 'MM/DD/YYYY HH:MI:SS AM'), 1, 1); 
INSERT INTO EGLC_COURT_MASTER ( ID, COURT_NAME, COURT_ADDRESS, ID_COURTTYPE, ORDERNUMBER,
CREATEDDATE, LASTMODIFIEDDATE, CREATEDBY, LASTMODIFIEDBY ) VALUES ( 
SEQ_EGLC_COURT_MASTER.NEXTVAL, 'V Assistant City Civil Court', 'High Court Campus,Chennai-600104',(SELECT ID FROM EGLC_COURTTYPE_MASTER WHERE COURT_TYPE='City Civil Court'), NULL,  TO_Date( '03/17/2009 12:00:00 AM', 'MM/DD/YYYY HH:MI:SS AM')
,  TO_Date( '03/17/2009 12:00:00 AM', 'MM/DD/YYYY HH:MI:SS AM'), 1, 1); 
INSERT INTO EGLC_COURT_MASTER ( ID, COURT_NAME, COURT_ADDRESS, ID_COURTTYPE, ORDERNUMBER,
CREATEDDATE, LASTMODIFIEDDATE, CREATEDBY, LASTMODIFIEDBY ) VALUES ( 
SEQ_EGLC_COURT_MASTER.NEXTVAL, 'VI Assistant City Civil Court', 'High Court Campus,Chennai-600104',(SELECT ID FROM EGLC_COURTTYPE_MASTER WHERE COURT_TYPE='City Civil Court'), NULL,  TO_Date( '03/17/2009 12:00:00 AM', 'MM/DD/YYYY HH:MI:SS AM')
,  TO_Date( '03/17/2009 12:00:00 AM', 'MM/DD/YYYY HH:MI:SS AM'), 1, 1); 
INSERT INTO EGLC_COURT_MASTER ( ID, COURT_NAME, COURT_ADDRESS, ID_COURTTYPE, ORDERNUMBER,
CREATEDDATE, LASTMODIFIEDDATE, CREATEDBY, LASTMODIFIEDBY ) VALUES ( 
SEQ_EGLC_COURT_MASTER.NEXTVAL, 'VII Assistant City Civil Court', 'High Court Campus,Chennai-600104',(SELECT ID FROM EGLC_COURTTYPE_MASTER WHERE COURT_TYPE='City Civil Court'), NULL,  TO_Date( '03/17/2009 12:00:00 AM', 'MM/DD/YYYY HH:MI:SS AM')
,  TO_Date( '03/17/2009 12:00:00 AM', 'MM/DD/YYYY HH:MI:SS AM'), 1, 1); 
INSERT INTO EGLC_COURT_MASTER ( ID, COURT_NAME, COURT_ADDRESS, ID_COURTTYPE, ORDERNUMBER,
CREATEDDATE, LASTMODIFIEDDATE, CREATEDBY, LASTMODIFIEDBY ) VALUES ( 
SEQ_EGLC_COURT_MASTER.NEXTVAL, 'VIII Assistant City Civil Court', 'High Court Campus,Chennai-600104',(SELECT ID FROM EGLC_COURTTYPE_MASTER WHERE COURT_TYPE='City Civil Court'), NULL,  TO_Date( '03/17/2009 12:00:00 AM', 'MM/DD/YYYY HH:MI:SS AM')
,  TO_Date( '03/17/2009 12:00:00 AM', 'MM/DD/YYYY HH:MI:SS AM'), 1, 1); 
INSERT INTO EGLC_COURT_MASTER ( ID, COURT_NAME, COURT_ADDRESS, ID_COURTTYPE, ORDERNUMBER,
CREATEDDATE, LASTMODIFIEDDATE, CREATEDBY, LASTMODIFIEDBY ) VALUES ( 
SEQ_EGLC_COURT_MASTER.NEXTVAL, 'IX Assistant City Civil Court', 'High Court Campus,Chennai-600104',(SELECT ID FROM EGLC_COURTTYPE_MASTER WHERE COURT_TYPE='City Civil Court'), NULL,  TO_Date( '03/17/2009 12:00:00 AM', 'MM/DD/YYYY HH:MI:SS AM')
,  TO_Date( '03/17/2009 12:00:00 AM', 'MM/DD/YYYY HH:MI:SS AM'), 1, 1); 
INSERT INTO EGLC_COURT_MASTER ( ID, COURT_NAME, COURT_ADDRESS, ID_COURTTYPE, ORDERNUMBER,
CREATEDDATE, LASTMODIFIEDDATE, CREATEDBY, LASTMODIFIEDBY ) VALUES ( 
SEQ_EGLC_COURT_MASTER.NEXTVAL, 'X Assistant City Civil Court', 'High Court Campus,Chennai-600104',(SELECT ID FROM EGLC_COURTTYPE_MASTER WHERE COURT_TYPE='City Civil Court'), NULL,  TO_Date( '03/17/2009 12:00:00 AM', 'MM/DD/YYYY HH:MI:SS AM')
,  TO_Date( '03/17/2009 12:00:00 AM', 'MM/DD/YYYY HH:MI:SS AM'), 1, 1); 
INSERT INTO EGLC_COURT_MASTER ( ID, COURT_NAME, COURT_ADDRESS, ID_COURTTYPE, ORDERNUMBER,
CREATEDDATE, LASTMODIFIEDDATE, CREATEDBY, LASTMODIFIEDBY ) VALUES ( 
SEQ_EGLC_COURT_MASTER.NEXTVAL, 'XI Assistant City Civil Court', 'High Court Campus,Chennai-600104',(SELECT ID FROM EGLC_COURTTYPE_MASTER WHERE COURT_TYPE='City Civil Court'), NULL,  TO_Date( '03/17/2009 12:00:00 AM', 'MM/DD/YYYY HH:MI:SS AM')
,  TO_Date( '03/17/2009 12:00:00 AM', 'MM/DD/YYYY HH:MI:SS AM'), 1, 1); 
INSERT INTO EGLC_COURT_MASTER ( ID, COURT_NAME, COURT_ADDRESS, ID_COURTTYPE, ORDERNUMBER,
CREATEDDATE, LASTMODIFIEDDATE, CREATEDBY, LASTMODIFIEDBY ) VALUES ( 
SEQ_EGLC_COURT_MASTER.NEXTVAL, 'XII Assistant City Civil Court', 'High Court Campus,Chennai-600104',(SELECT ID FROM EGLC_COURTTYPE_MASTER WHERE COURT_TYPE='City Civil Court'), NULL,  TO_Date( '03/17/2009 12:00:00 AM', 'MM/DD/YYYY HH:MI:SS AM')
,  TO_Date( '03/17/2009 12:00:00 AM', 'MM/DD/YYYY HH:MI:SS AM'), 1, 1); 
INSERT INTO EGLC_COURT_MASTER ( ID, COURT_NAME, COURT_ADDRESS, ID_COURTTYPE, ORDERNUMBER,
CREATEDDATE, LASTMODIFIEDDATE, CREATEDBY, LASTMODIFIEDBY ) VALUES ( 
SEQ_EGLC_COURT_MASTER.NEXTVAL, 'XIII Assistant City Civil Court', 'High Court Campus,Chennai-600104',(SELECT ID FROM EGLC_COURTTYPE_MASTER WHERE COURT_TYPE='City Civil Court'), NULL,  TO_Date( '03/17/2009 12:00:00 AM', 'MM/DD/YYYY HH:MI:SS AM')
,  TO_Date( '03/17/2009 12:00:00 AM', 'MM/DD/YYYY HH:MI:SS AM'), 1, 1); 
INSERT INTO EGLC_COURT_MASTER ( ID, COURT_NAME, COURT_ADDRESS, ID_COURTTYPE, ORDERNUMBER,
CREATEDDATE, LASTMODIFIEDDATE, CREATEDBY, LASTMODIFIEDBY ) VALUES ( 
SEQ_EGLC_COURT_MASTER.NEXTVAL, 'XIV Assistant City Civil Court', 'High Court Campus,Chennai-600104',(SELECT ID FROM EGLC_COURTTYPE_MASTER WHERE COURT_TYPE='City Civil Court'), NULL,  TO_Date( '03/17/2009 12:00:00 AM', 'MM/DD/YYYY HH:MI:SS AM')
,  TO_Date( '03/17/2009 12:00:00 AM', 'MM/DD/YYYY HH:MI:SS AM'), 1, 1); 
INSERT INTO EGLC_COURT_MASTER ( ID, COURT_NAME, COURT_ADDRESS, ID_COURTTYPE, ORDERNUMBER,
CREATEDDATE, LASTMODIFIEDDATE, CREATEDBY, LASTMODIFIEDBY ) VALUES ( 
SEQ_EGLC_COURT_MASTER.NEXTVAL, 'XV Assistant City Civil Court', 'High Court Campus,Chennai-600104',(SELECT ID FROM EGLC_COURTTYPE_MASTER WHERE COURT_TYPE='City Civil Court'), NULL,  TO_Date( '03/17/2009 12:00:00 AM', 'MM/DD/YYYY HH:MI:SS AM')
,  TO_Date( '03/17/2009 12:00:00 AM', 'MM/DD/YYYY HH:MI:SS AM'), 1, 1); 
INSERT INTO EGLC_COURT_MASTER ( ID, COURT_NAME, COURT_ADDRESS, ID_COURTTYPE, ORDERNUMBER,
CREATEDDATE, LASTMODIFIEDDATE, CREATEDBY, LASTMODIFIEDBY ) VALUES ( 
SEQ_EGLC_COURT_MASTER.NEXTVAL, 'XVI Assistant City Civil Court', 'High Court Campus,Chennai-600104',(SELECT ID FROM EGLC_COURTTYPE_MASTER WHERE COURT_TYPE='City Civil Court'), NULL,  TO_Date( '03/17/2009 12:00:00 AM', 'MM/DD/YYYY HH:MI:SS AM')
,  TO_Date( '03/17/2009 12:00:00 AM', 'MM/DD/YYYY HH:MI:SS AM'), 1, 1); 
INSERT INTO EGLC_COURT_MASTER ( ID, COURT_NAME, COURT_ADDRESS, ID_COURTTYPE, ORDERNUMBER,
CREATEDDATE, LASTMODIFIEDDATE, CREATEDBY, LASTMODIFIEDBY ) VALUES ( 
SEQ_EGLC_COURT_MASTER.NEXTVAL, 'XVII Assistant City Civil Court', 'High Court Campus,Chennai-600104',(SELECT ID FROM EGLC_COURTTYPE_MASTER WHERE COURT_TYPE='City Civil Court'), NULL,  TO_Date( '03/17/2009 12:00:00 AM', 'MM/DD/YYYY HH:MI:SS AM')
,  TO_Date( '03/17/2009 12:00:00 AM', 'MM/DD/YYYY HH:MI:SS AM'), 1, 1); 
INSERT INTO EGLC_COURT_MASTER ( ID, COURT_NAME, COURT_ADDRESS, ID_COURTTYPE, ORDERNUMBER,
CREATEDDATE, LASTMODIFIEDDATE, CREATEDBY, LASTMODIFIEDBY ) VALUES ( 
SEQ_EGLC_COURT_MASTER.NEXTVAL, 'XVIII Assistant City Civil Court', 'High Court Campus,Chennai-600104',(SELECT ID FROM EGLC_COURTTYPE_MASTER WHERE COURT_TYPE='City Civil Court'), NULL,  TO_Date( '03/17/2009 12:00:00 AM', 'MM/DD/YYYY HH:MI:SS AM')
,  TO_Date( '03/17/2009 12:00:00 AM', 'MM/DD/YYYY HH:MI:SS AM'), 1, 1); 


INSERT INTO EGLC_COURT_MASTER ( ID, COURT_NAME, COURT_ADDRESS, ID_COURTTYPE, ORDERNUMBER,
CREATEDDATE, LASTMODIFIEDDATE, CREATEDBY, LASTMODIFIEDBY ) VALUES ( 
SEQ_EGLC_COURT_MASTER.NEXTVAL, 'I Additional Sessions Court', 'High Court Campus,Chennai-600104',(SELECT ID FROM EGLC_COURTTYPE_MASTER WHERE COURT_TYPE='Sessions Court'), NULL,  TO_Date( '03/17/2009 12:00:00 AM', 'MM/DD/YYYY HH:MI:SS AM')
,  TO_Date( '03/17/2009 12:00:00 AM', 'MM/DD/YYYY HH:MI:SS AM'), 1, 1); 
INSERT INTO EGLC_COURT_MASTER ( ID, COURT_NAME, COURT_ADDRESS, ID_COURTTYPE, ORDERNUMBER,
CREATEDDATE, LASTMODIFIEDDATE, CREATEDBY, LASTMODIFIEDBY ) VALUES ( 
SEQ_EGLC_COURT_MASTER.NEXTVAL, 'II Additional Sessions Court', 'High Court Campus,Chennai-600104',(SELECT ID FROM EGLC_COURTTYPE_MASTER WHERE COURT_TYPE='Sessions Court'), NULL,  TO_Date( '03/17/2009 12:00:00 AM', 'MM/DD/YYYY HH:MI:SS AM')
,  TO_Date( '03/17/2009 12:00:00 AM', 'MM/DD/YYYY HH:MI:SS AM'), 1, 1); 
INSERT INTO EGLC_COURT_MASTER ( ID, COURT_NAME, COURT_ADDRESS, ID_COURTTYPE, ORDERNUMBER,
CREATEDDATE, LASTMODIFIEDDATE, CREATEDBY, LASTMODIFIEDBY ) VALUES ( 
SEQ_EGLC_COURT_MASTER.NEXTVAL, 'III Additional Sessions Court', 'High Court Campus,Chennai-600104',(SELECT ID FROM EGLC_COURTTYPE_MASTER WHERE COURT_TYPE='Sessions Court'), NULL,  TO_Date( '03/17/2009 12:00:00 AM', 'MM/DD/YYYY HH:MI:SS AM')
,  TO_Date( '03/17/2009 12:00:00 AM', 'MM/DD/YYYY HH:MI:SS AM'), 1, 1); 
INSERT INTO EGLC_COURT_MASTER ( ID, COURT_NAME, COURT_ADDRESS, ID_COURTTYPE, ORDERNUMBER,
CREATEDDATE, LASTMODIFIEDDATE, CREATEDBY, LASTMODIFIEDBY ) VALUES ( 
SEQ_EGLC_COURT_MASTER.NEXTVAL, 'IV Additional Sessions Court', 'High Court Campus,Chennai-600104',(SELECT ID FROM EGLC_COURTTYPE_MASTER WHERE COURT_TYPE='Sessions Court'), NULL,  TO_Date( '03/17/2009 12:00:00 AM', 'MM/DD/YYYY HH:MI:SS AM')
,  TO_Date( '03/17/2009 12:00:00 AM', 'MM/DD/YYYY HH:MI:SS AM'), 1, 1); 
INSERT INTO EGLC_COURT_MASTER ( ID, COURT_NAME, COURT_ADDRESS, ID_COURTTYPE, ORDERNUMBER,
CREATEDDATE, LASTMODIFIEDDATE, CREATEDBY, LASTMODIFIEDBY ) VALUES ( 
SEQ_EGLC_COURT_MASTER.NEXTVAL, 'V Additional Sessions Court', 'High Court Campus,Chennai-600104',(SELECT ID FROM EGLC_COURTTYPE_MASTER WHERE COURT_TYPE='Sessions Court'), NULL,  TO_Date( '03/17/2009 12:00:00 AM', 'MM/DD/YYYY HH:MI:SS AM')
,  TO_Date( '03/17/2009 12:00:00 AM', 'MM/DD/YYYY HH:MI:SS AM'), 1, 1); 
INSERT INTO EGLC_COURT_MASTER ( ID, COURT_NAME, COURT_ADDRESS, ID_COURTTYPE, ORDERNUMBER,
CREATEDDATE, LASTMODIFIEDDATE, CREATEDBY, LASTMODIFIEDBY ) VALUES ( 
SEQ_EGLC_COURT_MASTER.NEXTVAL, 'VI Additional Sessions Court', 'High Court Campus,Chennai-600104',(SELECT ID FROM EGLC_COURTTYPE_MASTER WHERE COURT_TYPE='Sessions Court'), NULL,  TO_Date( '03/17/2009 12:00:00 AM', 'MM/DD/YYYY HH:MI:SS AM')
,  TO_Date( '03/17/2009 12:00:00 AM', 'MM/DD/YYYY HH:MI:SS AM'), 1, 1); 
INSERT INTO EGLC_COURT_MASTER ( ID, COURT_NAME, COURT_ADDRESS, ID_COURTTYPE, ORDERNUMBER,
CREATEDDATE, LASTMODIFIEDDATE, CREATEDBY, LASTMODIFIEDBY ) VALUES ( 
SEQ_EGLC_COURT_MASTER.NEXTVAL, 'VII Additional Sessions Court', 'High Court Campus,Chennai-600104',(SELECT ID FROM EGLC_COURTTYPE_MASTER WHERE COURT_TYPE='Sessions Court'), NULL,  TO_Date( '03/17/2009 12:00:00 AM', 'MM/DD/YYYY HH:MI:SS AM')
,  TO_Date( '03/17/2009 12:00:00 AM', 'MM/DD/YYYY HH:MI:SS AM'), 1, 1); 

#DOWN
